Price,Close,High,Low,Open,Volume
Ticker,HDFCBANK.NS,HDFCBANK.NS,HDFCBANK.NS,HDFCBANK.NS,HDFCBANK.NS
Date,,,,,
2020-01-01,605.5293579101562,606.1923924015477,601.7406554576465,604.345388393747,3673698
2020-01-02,609.3890991210938,609.981083868637,605.7187936863252,605.7187936863252,6137166
2020-01-03,600.6987915039062,608.5603376104458,598.4255468849254,607.2342686142049,10855550
2020-01-06,587.69873046875,597.5730818969894,585.3544940901224,596.720600771484,10890186
2020-01-07,597.0046997070312,602.1431151774111,593.0502535989972,596.1996236650377,14724494
2020-01-08,595.4419555664062,597.7388448014235,587.2725661329978,590.5402756575533,11332110
2020-01-09,602.1195068359375,604.2033046016976,598.1887051911852,599.0885335231053,9546316
2020-01-10,607.4710083007812,609.4601116176075,603.871752817819,608.1340427397233,9214580
2020-01-13,609.033935546875,614.0066076489296,604.2980573544421,607.4710726189669,7451568
2020-01-14,610.6914672851562,612.1359331976332,605.0084136927392,610.4546733854722,7886290
2020-01-15,608.2051391601562,609.9573909159484,603.3982113725496,609.2233645040944,11787448
2020-01-16,609.8153076171875,611.4018150949303,605.8845059759078,607.16322764993,7150400
2020-01-17,605.3162231445312,608.512940609759,602.3562995656167,607.0211275637845,16918814
2020-01-20,594.3052978515625,617.9609835885461,593.1686756533786,617.9609835885461,22178450
2020-01-21,589.3089599609375,591.9847425595085,586.4911357107582,591.9847425595085,14984804
2020-01-22,587.6514892578125,594.3527690930574,584.5968706605863,591.0613565639217,18368310
2020-01-23,589.5457763671875,590.4929519914465,582.9865967313965,587.248887040562,11508920
2020-01-24,589.4036865234375,593.8790678577712,586.8225984717415,590.0903656704809,11831756
2020-01-27,574.5567016601562,584.8809389292223,573.8700224675994,584.8809389292223,18888552
2020-01-28,579.2926025390625,581.4711527758164,574.5804268199824,577.2088623646235,13412158
2020-01-29,585.2835693359375,588.1961463571565,578.8427857367428,580.2872518936706,13788350
2020-01-30,580.642333984375,586.7515702363573,576.4510357873509,586.7515702363573,12111984
2020-01-31,580.7608032226562,586.2070634943107,577.8955736075096,583.1997343998446,11178268
2020-02-03,564.8955078125,567.3344385473835,557.7442863299673,566.8845532961541,13077010
2020-02-04,582.4182739257812,584.4073194738172,567.3581594243379,567.3581594243379,20897704
2020-02-05,589.4510498046875,591.0375573266558,581.234313274247,584.8335688880729,18020682
2020-02-06,587.1541748046875,591.3690599560683,585.9228002816666,589.4510640616896,11827550
2020-02-07,588.290771484375,590.5640161625739,583.270752115284,590.0904283388669,6815448
2020-02-10,587.3909912109375,588.6459526743174,580.6423648340666,588.6459526743174,9219834
2020-02-11,587.532958984375,594.3526342382339,586.3253448922471,588.8116806131641,11613520
2020-02-12,591.5111083984375,593.3581122126434,589.1668721260645,589.711451797723,6297930
2020-02-13,587.9119262695312,596.6733008644125,584.2179181807978,596.6733008644125,9112140
2020-02-14,577.46923828125,591.2269861835692,575.4091430350544,588.7642950823292,14688858
2020-02-17,576.4273681640625,583.9337227869158,575.1486464932532,580.1450206114938,10152690
2020-02-18,574.5804443359375,577.0667804849288,569.9629629163823,576.3090515064869,10529116
2020-02-19,581.18701171875,582.5130808809355,574.8883277259173,578.9611718511736,10012268
2020-02-20,576.4036865234375,582.512980564733,574.9829231562064,582.512980564733,11123414
2020-02-24,573.0175170898438,575.2907615812694,568.3053417555244,572.5439293050475,16568084
2020-02-25,568.447509765625,572.5677008658114,567.3582346048321,570.1997616562753,13886680
2020-02-26,567.9501953125,570.5312258169903,561.5094124980089,567.1214166243225,13814786
2020-02-27,568.044921875,569.4893879376268,559.3072491927961,565.937479073151,20655098
2020-02-28,557.7206420898438,561.2015005946217,554.1450313456189,556.7024168345805,24313056
2020-03-02,558.6441040039062,568.8499432443219,552.2743718262025,568.4000001906555,14664898
2020-03-03,559.6860961914062,561.367298227923,553.1505612982381,556.4656759635528,22369550
2020-03-04,544.0813598632812,558.833632138287,536.6223516377066,558.0522006667385,34288870
2020-03-05,545.265380859375,551.7298668268896,541.1925367522988,546.0468124046383,19549708
2020-03-06,537.4747924804688,540.316319210145,521.4201548955959,532.786261814301,23053566
2020-03-09,524.4038696289062,529.66068340419,504.371079677857,525.6825337487523,34420590
2020-03-11,527.482177734375,530.4183993204921,517.1579393374798,523.3145814724497,35538240
2020-03-12,483.6752014160156,511.4748103132144,475.2216709744296,509.10687137657914,59000770
2020-03-13,506.6442565917969,512.1615082677355,435.32191586076743,464.13972221452224,66342364
2020-03-16,473.35101318359375,491.1105559493614,471.2198680517016,490.1633803351871,31986322
2020-03-17,461.7955017089844,478.3237292625368,452.1343268968877,477.3765535610268,42676838
2020-03-18,415.2891540527344,470.2726861593095,409.6534476614327,466.4839837531922,61181406
2020-03-19,424.12158203125,435.67713682679727,376.50233075855004,401.1288983050212,67220048
2020-03-20,418.10699462890625,433.14340788887984,390.4968305499615,414.38934181029646,88637464
2020-03-23,365.3966979980469,397.22180713467804,362.2947033776795,376.3128921030309,50276954
2020-03-24,363.5733642578125,383.6061226600706,349.86299150015697,376.62070252521124,61057272
2020-03-25,405.746337890625,410.8137330098405,357.6771773468276,364.8757175147829,47228042
2020-03-26,426.7499694824219,444.0833008932357,398.2873532998881,412.0687471848041,57043156
2020-03-27,428.3365173339844,468.2126182809355,413.0159337363424,447.51682439119236,55235936
2020-03-30,393.8593444824219,420.072420249184,392.13073727883244,416.75730532049823,39268444
2020-03-31,408.18536376953125,413.7263182768991,396.8666030278932,404.3492849888451,35211092
2020-04-01,392.9121398925781,409.10881994288405,388.3420059433593,409.10881994288405,29103504
2020-04-03,385.429443359375,399.70812797666855,383.6061417785563,399.2345401473123,34996280
2020-04-07,424.3820495605469,429.686239120886,400.3474668108766,413.91576991550437,60412638
2020-04-08,420.97222900390625,447.5404944115309,410.1744034746511,416.73361219107665,56219352
2020-04-09,438.0923767089844,440.86288260703225,421.4931305509712,432.38564965509744,44457146
2020-04-13,424.0268249511719,448.3455758120512,419.6935139266889,442.33100497402285,34158056
2020-04-15,408.8483581542969,440.6734653560616,399.23453121457277,440.6734653560616,57978752
2020-04-16,416.6388854980469,421.8246779187658,405.50957170526016,409.6534651387446,53854396
2020-04-17,431.10699462890625,435.70080234780517,420.1908009598806,433.3328632046106,55883462
2020-04-20,447.46942138671875,455.09420231204837,442.8045931176812,450.381997919695,66232986
2020-04-21,436.4822082519531,442.3310060307355,430.0177232076101,438.0687158227306,33178006
2020-04-22,439.77362060546875,441.85741849282465,429.6862062216211,435.29823900880433,38289354
2020-04-23,452.2527160644531,453.9339471245536,432.17257997634374,442.8046328236386,40901222
2020-04-24,444.24908447265625,453.88661472749504,438.5423565641276,441.8574715705519,33284568
2020-04-27,440.2945861816406,453.4129741043949,438.684376089416,447.61152351828474,27421072
2020-04-28,441.0997009277344,446.9721724701217,436.6479639199274,446.9721724701217,29441436
2020-04-29,462.7426452636719,470.1306325655098,442.3783690959177,442.80460969418954,55877778
2020-04-30,474.44024658203125,482.58596242566557,469.84643919589695,474.25082880760095,43793134
2020-05-04,437.12152099609375,454.64426885834234,434.5167882057595,453.46029940819045,26722324
2020-05-05,431.651611328125,447.06688862405014,430.04140122638694,444.22536178957523,29672858
2020-05-06,448.2035217285156,449.9084263081122,428.9048181789834,435.22720397595276,33785846
2020-05-07,438.0687255859375,446.7353767542662,436.34011851196357,445.4093366633235,21831730
2020-05-08,439.9867248535156,447.0431943958646,438.16342344769276,446.11969243615385,20807484
2020-05-11,433.71173095703125,451.8027919285637,432.85927864015434,443.7517987809897,28550784
2020-05-12,426.9631042480469,430.680786073331,412.5423489795209,426.7026367214937,49568418
2020-05-13,439.32373046875,454.64428410530485,436.69529507686207,450.3819939418176,44346966
2020-05-14,423.2454528808594,431.43851662513083,421.4931721145625,425.2818747852552,39554890
2020-05-15,420.61700439453125,422.62975248836386,414.3893134361181,421.7299241312722,24349628
2020-05-18,396.2272644042969,420.5459875978959,393.6935522032802,420.5459875978959,46649964
2020-05-19,393.3857421875,410.7427187976263,391.23089443858925,407.6880715158529,47460692
2020-05-20,405.9121398925781,409.179907661803,394.1198196192412,396.1325680076239,40014306
2020-05-21,407.0723876953125,418.6516151860271,403.6388761454271,407.9722160774846,48478908
2020-05-22,397.2691345214844,412.16347736443464,394.52233092393,402.54965032024086,42047432
2020-05-26,403.686279296875,412.8501922779216,401.9576721489945,405.8647717604575,38005152
2020-05-27,427.9576416015625,430.87018932741387,405.93580815185277,407.23817464619043,56025754
2020-05-28,447.65887451171875,449.9084165946922,432.83558193554217,435.7007823864388,75488806
2020-05-29,450.6898498535156,452.276357450958,437.33466786286783,447.0668915536171,53025166
2020-06-01,467.739013671875,471.21987252480557,457.53317320786255,461.7481162931512,39190230
2020-06-02,474.0613708496094,475.9557219818755,461.84281182759344,467.28907133285867,41623594
2020-06-03,484.1251525878906,495.49126035224316,480.9047611690921,483.0595799849826,50546088
2020-06-04,474.3929138183594,492.03403078925146,469.3728657021748,486.87196992255116,54275882
2020-06-05,489.3819580078125,493.667950866198,474.91385601288056,475.0559265765521,35195984
2020-06-08,481.11785888671875,505.15243980188677,476.6187747745198,502.0030693611453,49812664
2020-06-09,467.5732421875,486.25628719919104,463.9029366352295,483.05956946011673,61844146
2020-06-10,469.7280578613281,473.5167603419333,463.2636015970991,468.8519319748906,36497730
2020-06-11,458.7171630859375,468.09422529565535,457.012258450811,466.4840151026413,30897714
2020-06-12,465.41845703125,467.26546119830897,439.4895223861613,439.4895223861613,42644876
2020-06-15,449.83734130859375,461.27449775875635,446.59327657752283,458.4329710785176,32009936
2020-06-16,469.0413818359375,470.72261279198466,450.85559824373564,461.748117949204,45399970
2020-06-17,463.7608642578125,473.0668763129085,460.9193373897534,468.37834541840857,36957838
2020-06-18,483.0359191894531,485.3801847591436,460.3273766683835,464.11607935701215,40870126
2020-06-19,489.3819580078125,493.9520919935411,479.34191943493755,482.088722986111,47877752
2020-06-22,487.20343017578125,495.3491168924699,484.85916487645915,492.27079631298744,29694474
2020-06-23,493.6205749511719,494.8992388553897,481.42566049492433,492.0577121251195,28830512
2020-06-24,488.97943115234375,500.81912682189204,487.81916410113365,496.5568363808547,39429246
2020-06-25,487.20343017578125,496.79358275032274,476.9028959290515,483.9593654349899,70646790
2020-06-26,500.32177734375,503.42380036693316,486.84822838871804,493.0048694091979,39969138
2020-06-29,509.604248046875,512.7062138929917,491.11061869299635,491.11061869299635,46005956
2020-06-30,504.7736511230469,510.78825213334846,500.25092136940714,508.63340406620074,35746130
2020-07-01,513.6532592773438,519.0521711600045,502.61869944932215,504.77348901342947,34846718
2020-07-02,515.9266357421875,526.2745191114437,513.9375320069659,516.3528763862364,36954496
2020-07-03,508.6096496582031,518.9575904554594,506.73900077042003,517.6315213477282,27597254
2020-07-06,522.367431640625,530.3710783748387,520.9466680006233,524.7116685222196,35558216
2020-07-07,523.3855590820312,526.4875244282308,517.6551583698904,525.3983071949202,24349850
2020-07-08,525.8482055664062,532.7389312253459,523.314522382233,524.2616979883546,30056350
2020-07-09,532.7625732421875,535.0121152953822,524.3800922946875,529.4711611519176,20114484
2020-07-10,523.3618774414062,530.4183473749359,520.7334997816465,529.4238245358104,17562978
2020-07-13,511.5931701660156,527.1031690763947,507.354582901169,525.6350586043309,29922114
2020-07-14,501.45843505859375,506.2180156165715,497.26719455242556,503.23438932485243,26612674
2020-07-15,498.75897216796875,511.00120447573744,497.31450634324057,506.83360897006816,20974394
2020-07-16,503.2108154296875,504.6078765246582,489.7372058138159,498.9958718157995,23662456
2020-07-17,520.2125244140625,522.8409599731156,501.1980194464601,501.553210316007,28405738
2020-07-20,536.5986938476562,545.9994003595516,532.3837507560095,537.5221669572308,65124096
2020-07-21,539.203369140625,548.3909254676531,537.0485217007565,545.5968039227769,47512422
2020-07-22,533.4256591796875,542.021290153233,529.2581208183739,539.1797630751033,24718012
2020-07-23,535.3436889648438,541.7371246026141,528.6424096786076,532.7863031475329,20149122
2020-07-24,529.9920654296875,531.7917220922633,521.5385352402088,531.7917220922633,19598440
2020-07-27,511.2380676269531,522.3673817438901,509.27266655048254,520.8755685021828,37970094
2020-07-28,514.6242065429688,518.2945120793429,501.7662859081783,511.00124822550674,35596450
2020-07-29,504.181640625,515.5004024100804,499.8957050389329,511.94849334432416,33592086
2020-07-30,497.57501220703125,513.2034089340854,495.70430579097587,508.6332752986694,26956266
2020-07-31,489.12152099609375,500.9138114020133,483.08324741798464,500.9138114020133,37726696
2020-08-03,474.53497314453125,486.3509655689854,470.27268296658633,485.87737777143593,31783542
2020-08-04,493.312744140625,502.50035903602105,475.0085640821371,477.3765030855376,60306168
2020-08-05,486.6351623535156,500.01401757537576,483.0595513733578,496.29630713217466,33221360
2020-08-06,492.86279296875,499.63512153192795,486.0194724854418,491.1105412593453,33646888
2020-08-07,494.3546142578125,495.9411218281457,483.3436978902163,490.09232405100107,24836784
2020-08-10,497.57501220703125,503.89739750259236,494.33094747892017,494.4256419104384,22172854
2020-08-11,505.1524658203125,507.2125612998036,496.55683522207664,496.55683522207664,20136148
2020-08-12,503.75543212890625,504.8447074363397,496.32012513441276,504.3711195306771,20666432
2020-08-13,501.55322265625,507.37831837353264,500.34555054567113,505.76810816309927,19892740
2020-08-14,489.9029235839844,504.7972960094688,486.5168167379499,504.7972960094688,20924512
2020-08-17,489.09783935546875,495.84646604229073,483.1543177737902,495.84646604229073,19561012
2020-08-18,500.34552001953125,502.78450879716246,484.006740615202,486.8482674681288,24040824
2020-08-19,505.12884521484375,506.64436118936936,500.2272219864592,504.3711161330926,17715624
2020-08-20,501.5294494628906,506.24162465969243,498.2143350660632,499.6113958660376,19216734
2020-08-21,514.1505737304688,515.6423867672062,504.1815280540077,504.56042139416564,28924302
2020-08-24,529.021240234375,531.8153618213412,514.1505727326426,514.3163168895124,36779740
2020-08-25,530.2763061523438,533.7335206706247,523.8828700129884,529.9448177732289,27601738
2020-08-26,529.684326171875,535.9830679208438,525.4457378910326,530.8919983558789,25190062
2020-08-27,526.677001953125,535.1068882558171,523.906524774149,533.1651897600997,20645996
2020-08-28,527.8136596679688,532.7863321009106,518.5786965782196,526.6059875241332,38696610
2020-08-31,528.4530029296875,544.0577576301962,521.2781352761166,534.917488792034,38501166
2020-09-01,533.87548828125,541.5949338413047,524.7352216746101,534.2069765784839,28877884
2020-09-02,537.11962890625,539.4165182338052,530.7498381439231,532.3600482680174,19761682
2020-09-03,535.5805053710938,542.7079677503818,534.207089058651,538.58777662407,19833362
2020-09-04,530.0868530273438,532.9757270743686,523.0303831737506,525.6824633183799,23661370
2020-09-07,525.9192504882812,530.1815406768401,520.4729908029005,528.6660828453123,17615466
2020-09-08,526.8427734375,529.8501024928822,522.3673914403189,527.5768577194156,14624918
2020-09-09,519.2890625,525.6824982900137,516.8027263594391,521.4202077633379,15728872
2020-09-10,516.47119140625,523.2434621677486,513.369168233938,522.3673363118392,15188088
2020-09-11,510.83551025390625,523.2434879320994,507.2125518924717,519.265338707995,20794730
2020-09-14,501.03216552734375,518.1050280117313,498.3800855384798,515.2635013498754,21650590
2020-09-15,506.97576904296875,509.6515518289854,501.10326842319205,505.7917994749095,16505110
2020-09-16,517.9393920898438,519.0523120361113,505.9575957040182,506.83372171231315,18710112
2020-09-17,513.1797485351562,518.1050734094782,510.52766831390994,513.3691952247481,18318686
2020-09-18,500.7243957519531,517.2525634487629,495.94111280255106,517.1578690147392,23481778
2020-09-21,496.9356994628906,507.3782757200217,493.2416915148514,499.6351267865274,19842878
2020-09-22,490.35284423828125,501.1269672278319,487.5586645161511,499.185268712797,18620678
2020-09-23,495.96484375,499.63514934948677,489.8555493189743,495.37285897588924,16079828
2020-09-24,487.98486328125,495.8464089187146,485.4274776902411,491.58411887070275,19809510
2020-09-25,494.4256896972656,498.19068978463525,485.7353646637358,497.26721664954874,20321544
2020-09-28,499.2562561035156,501.52950076111574,493.78635147587335,496.7699200515837,16152422
2020-09-29,503.2108154296875,506.69167471915534,497.7408523955099,501.0559674923401,12644446
2020-09-30,510.8117980957031,514.7426000261162,498.2143739663606,502.0030764299831,18813842
2020-10-01,524.2380981445312,525.6825643511664,516.2581536623059,516.2581536623059,21203080
2020-10-05,527.7426147460938,536.1014519504577,526.1561069937795,526.6296948488595,16940126
2020-10-06,541.8318481445312,543.6788523235131,533.3546140591651,537.5459127845144,19371990
2020-10-07,550.427490234375,551.6588071080581,538.753537924245,542.2107524263344,21248778
2020-10-08,564.4219970703125,569.7261576245393,550.9483886643206,558.8336375702047,35060674
2020-10-09,584.1942749023438,585.8281297469175,564.350933803847,568.7789683314858,44972388
2020-10-12,574.7698974609375,588.5512921358315,570.9574921987773,583.2471314164068,19220546
2020-10-13,567.5712890625,578.9373965283816,565.9374342386844,574.6514615247294,18353952
2020-10-14,573.7516479492188,575.0777169789134,556.7024863097868,566.1979452917092,22582918
2020-10-15,553.7425537109375,576.3563719189317,551.2562176775979,575.0303029100788,28246896
2020-10-16,567.99755859375,569.9629596720636,555.5185306982389,558.8336455446905,25822848
2020-10-19,569.9866333007812,584.8809468387893,564.8008120814739,584.8809468387893,42359556
2020-10-20,579.6478271484375,581.2817399211143,571.0996011238872,571.8573301233379,27411978
2020-10-21,590.421875,592.4583256225468,578.5821802433544,582.7971231389221,35640752
2020-10-22,584.0758666992188,591.9847599679864,579.1978891526778,587.2251793734391,21913060
2020-10-23,585.2598266601562,591.250666084375,583.0812765302468,588.9064295975948,15866230
2020-10-26,573.4674072265625,588.1959744117081,570.483781333406,582.4182270950283,19571976
2020-10-27,583.9810791015625,585.3544952237552,567.2871098809821,580.6186174306827,24317780
2020-10-28,572.851806640625,583.4601852065834,569.0157569202192,581.5658339559128,16571186
2020-10-29,562.2434692382812,570.4128596049055,558.1232780908251,568.5895579548477,23060024
2020-10-30,560.514892578125,567.973900810896,557.1050255565358,560.0413047538221,11522716
2020-11-02,575.527587890625,580.1450690524712,557.6496480075795,565.6295910686702,21926080
2020-11-03,591.0138549804688,592.3399239069427,580.3818322989872,580.8317175717145,28164230
2020-11-04,595.4892578125,598.9938187800234,582.512941695457,592.9318723599285,23404822
2020-11-05,601.0776977539062,604.2981183743526,593.0977537560725,599.5622397037073,21433928
2020-11-06,619.2871704101562,620.400090307665,599.3254307514122,599.6806216428098,35705724
2020-11-09,634.8681030273438,637.4254307157104,622.8626069068144,622.8626069068144,26288440
2020-11-10,660.0157470703125,660.6550791330761,640.0777092909375,642.658740059917,41517356
2020-11-11,658.2633666992188,670.0320702645637,649.0521067328153,662.9756001906362,36116194
2020-11-12,649.6203002929688,657.6003002120964,644.0793466848613,652.3197851825893,27053948
2020-11-13,643.5111694335938,648.2470477549742,637.9228098899588,648.2470477549742,22472480
2020-11-14,648.6731567382812,651.1594925740694,646.5420117361771,647.7733862084215,1835066
2020-11-17,667.0247192382812,668.9901201865498,653.8353104626648,656.2980017294028,31059900
2020-11-18,667.1431274414062,672.0211050279592,662.5730513057764,664.4437000382147,18862776
2020-11-19,650.8753662109375,662.7624081519232,647.8680953131696,658.14492720945,20266882
2020-11-20,664.7515869140625,667.0011291667048,646.4711077495306,650.070363791555,20405362
2020-11-23,660.465576171875,674.2233257581156,651.349010444153,670.126779466313,25246636
2020-11-24,681.1139526367188,684.334372809639,663.9937998702551,666.8116241633022,40154400
2020-11-25,664.3489990234375,693.5219963829492,661.6021666174429,687.3180076712156,24152602
2020-11-26,675.6441040039062,678.1777873875996,656.8663345716484,670.1267941015735,27943126
2020-11-27,682.3690185546875,684.8080074601961,670.3872810499112,678.0830833467495,17994580
2020-12-01,678.7933959960938,686.2287011031041,675.0993881452553,682.3689490895632,17147574
2020-12-02,666.3143310546875,678.0830341152878,660.5602855423987,677.7041407514697,17892150
2020-12-03,652.22509765625,678.1777323249325,650.7333423290647,676.7569689192239,37933222
2020-12-04,656.2032470703125,663.7096021718844,650.3781517907096,654.0247547427127,26912322
2020-12-07,649.880859375,653.527462315225,643.1795804342909,651.1832258266534,24316318
2020-12-08,651.7989501953125,657.7187980398132,646.5184343558151,651.1832628950788,19457896
2020-12-09,666.4328002929688,667.7825719160998,651.2069971437802,652.1304703281169,22069074
2020-12-10,656.3217163085938,663.9701717176157,651.5384905424463,662.075820300447,19727966
2020-12-11,654.8772583007812,660.6550065599108,650.2360745568154,658.3107699836195,21356384
2020-12-14,649.8335571289062,657.3399127257109,647.8681560581934,654.9719735588316,17222050
2020-12-15,658.9027709960938,660.631320326763,646.920975772821,653.9300987811489,21561436
2020-12-16,668.0902709960938,670.9792027585718,660.4181719366511,664.9172559333512,16832092
2020-12-17,682.8189697265625,684.334427687693,665.1541201988684,671.8316971698117,21924478
2020-12-18,668.3981323242188,681.8243349393504,666.0065486123938,679.5984953959074,22995918
2020-12-21,650.0703125,674.3179850066851,647.2524303718895,671.3107140052659,23761824
2020-12-22,650.2833862304688,655.8243980885657,636.9755808252437,655.8243980885657,22851558
2020-12-23,651.4910888671875,654.0010695985399,644.5767183346328,647.6313366151035,15467394
2020-12-24,661.6495361328125,664.9173036746126,652.1304324501009,658.0029330191164,14952188
2020-12-28,669.1085205078125,672.9682726910083,664.9172799846416,665.3908677908984,11699194
2020-12-29,675.9044799804688,679.4800909681309,672.4946709703752,672.9919612810602,14495346
2020-12-30,678.4146118164062,681.9191735548343,669.1796485141934,681.9191735548343,16216726
2020-12-31,680.2141723632812,683.8607752565193,674.8863096751678,679.5984851060285,22145750
2021-01-01,674.8863525390625,683.3872308658292,672.7788520330828,681.9664673920958,8810938
2021-01-04,670.600341796875,681.0192736609507,662.5493489928165,681.0192736609507,15740192
2021-01-05,675.6677856445312,677.5858396272231,667.285303536437,672.1158766477084,14386824
2021-01-06,672.7551879882812,681.9664477871121,669.2269241099976,679.5985087322957,22134050
2021-01-07,670.71875,678.4618992939315,668.9664981906012,678.4145520741395,19894842
2021-01-08,678.011962890625,682.9135848954606,673.9627642108427,678.1777070529124,13768764
2021-01-11,687.3889770507812,693.7587675349387,680.2141682562502,686.7022978773078,17331392
2021-01-12,701.3836059570312,704.5566214281087,686.2761419775225,687.8626497130612,20388156
2021-01-13,696.48193359375,708.9136137714456,692.4327346400382,707.019262506273,16934650
2021-01-14,695.5820922851562,704.6986575797872,689.5438477393617,696.7187145853906,12297166
2021-01-15,694.5875244140625,696.9554632980903,684.3343374840208,695.7477913428329,14165236
2021-01-18,702.3780517578125,711.731410769727,694.7532997710615,696.1267159476713,42825632
2021-01-19,712.205078125,715.8990864870037,694.7533773788126,706.4983792073738,17360254
2021-01-20,706.593017578125,710.8553078986365,703.751490697784,710.8553078986365,13346052
2021-01-21,698.4473266601562,707.7059336769149,695.2979561553767,706.5930138834698,26333054
2021-01-22,683.6476440429688,695.1794946049523,682.0374340732837,695.1794946049523,15392364
2021-01-25,692.7879638671875,701.3835947711163,689.1413606041951,693.853536512856,20344718
2021-01-27,667.5693359375,697.0738783221417,665.9354811895471,695.2268743824932,23556276
2021-01-28,649.5020141601562,663.6386573049136,635.5548755229009,658.2397444156159,42704446
2021-01-29,658.52392578125,667.1669043109213,646.2106413006226,658.9264639039899,28704502
2021-02-01,699.3707885742188,702.0939184433921,663.4965124716306,667.8771996524747,26370544
2021-02-02,739.0574951171875,747.5583733559366,709.1504127425507,710.8553173311757,42420206
2021-02-03,745.80615234375,749.0738621856243,730.272448092601,747.7951981441097,20237254
2021-02-04,747.8424682617188,752.0574111584991,730.9590519716828,741.6384797696535,24484684
2021-02-05,756.6039428710938,766.383543603958,733.1139969095794,733.1139969095794,27054716
2021-02-08,760.2268676757812,772.7295980086683,755.7040807536468,767.2122882010688,17447580
2021-02-09,763.3525390625,771.0009941477288,751.4417934690837,762.4764131313533,18421366
2021-02-10,749.0975341796875,764.7732794572811,742.1121138356696,761.6949586277138,19788006
2021-02-11,744.6458129882812,756.698657949199,740.7860606113193,749.2159471102909,13648618
2021-02-12,749.1921997070312,754.1885741389179,744.9536120066047,745.3798525902982,9910106
2021-02-15,765.6021118164062,769.5802613449466,756.1777019768093,757.787912239673,10355244
2021-02-16,770.3616943359375,777.1576684792043,761.742360705804,767.7806058448106,13897358
2021-02-17,751.3470458984375,768.0647183895073,749.6894885957936,767.2122372237433,12794426
2021-02-18,736.0975952148438,760.5583606487642,733.1139687293299,760.5583606487642,14720560
2021-02-19,728.89892578125,740.7859672547971,726.0100519443253,731.6931051885078,17139508
2021-02-22,733.1139526367188,745.3798888586701,729.064753611122,731.7168916782571,29451838
2021-02-23,724.186767578125,737.7076640521351,721.1084469986505,735.8370154397809,18239906
2021-02-24,760.7951049804688,764.3470135121918,718.0775081633502,722.9317831567051,14314332
2021-02-25,760.7714233398438,774.9080070475392,758.6876255402033,762.3579308447829,20109570
2021-02-26,726.673095703125,752.4836295180887,720.3270079368773,751.6075036939108,27912846
2021-03-01,738.2760620117188,744.7405472981088,729.6567290261943,740.6913483244873,13536018
2021-03-02,742.6803588867188,751.8206264779094,734.53467191637,746.2322673582679,16110038
2021-03-03,751.5128173828125,755.8461574794367,741.1649351223799,750.1631036638017,11222410
2021-03-04,735.031982421875,744.0064482821596,728.8989856058892,733.3744250896104,16291438
2021-03-05,724.58935546875,731.9773138054445,720.3744123616639,725.0629432827818,17445822
2021-03-08,719.6166381835938,736.429004524836,716.3015236937714,730.2723633294515,15117050
2021-03-09,739.98095703125,741.4964149068451,728.496452578125,731.6931703125,15066696
2021-03-10,736.7842407226562,745.9008061309231,735.0793361565595,744.4800426906737,11055016
2021-03-12,734.9845581054688,757.7404748656829,726.9809705885083,757.7404748656829,15631204
2021-03-15,723.9500122070312,733.303371388489,717.6276265503748,733.303371388489,12230386
2021-03-16,716.1358642578125,729.5147207460253,715.1176388389844,725.0156362632634,13722366
2021-03-17,708.1795654296875,728.8516862209648,705.7405764899419,721.8662655765469,21064428
2021-03-18,706.1194458007812,720.8243708649012,701.4546172951518,715.9463931517981,18065540
2021-03-19,709.19775390625,715.6858838559789,698.0921427541265,703.2779062108723,21235020
2021-03-22,695.7715454101562,707.9664315664949,691.6276520560606,707.9664315664949,14015632
2021-03-23,710.4527587890625,713.9099150865279,695.7478342871996,696.1740748748355,19761428
2021-03-24,700.3416137695312,713.4362692933373,696.6476060582797,706.072014194621,16368900
2021-03-25,693.024658203125,708.2742192275458,686.8206699198174,705.7404783853448,23964356
2021-03-26,706.2615356445312,709.9081387163341,698.0684432741003,707.5401996278873,12021258
2021-03-30,735.8134155273438,740.0047142264807,711.1158555293341,713.5311419893512,25607644
2021-03-31,707.3744506835938,733.1139368392285,704.698667969491,733.1139368392285,30774506
2021-04-01,704.106689453125,710.0975869218903,693.8061543963869,710.0975869218903,35763762
2021-04-05,686.5128784179688,703.2778984689253,677.704156706419,700.9099594168414,16006586
2021-04-06,682.0848388671875,692.6932173036304,678.4855830970582,691.4381980531808,15075734
2021-04-07,685.3762817382812,689.87536610547,673.228800195683,681.6349841449041,25088180
2021-04-08,678.556640625,691.8644465891563,677.4673655322455,688.123091309579,17613592
2021-04-09,673.3234252929688,678.5565933792059,670.1740549980798,675.3361733552125,28157816
2021-04-12,647.418212890625,662.5493196905331,640.7642813018523,659.7077929441834,22549128
2021-04-13,663.188720703125,666.0775949671928,644.5530507466788,647.8681656292848,18600682
2021-04-15,677.27783203125,680.4034996297488,658.7605625050628,665.3907910277593,34444984
2021-04-16,676.5911865234375,684.3343350848605,674.152197919238,679.5747548202479,15606526
2021-04-19,668.8954467773438,671.4054275301584,649.9045868073125,658.2870680749406,24069242
2021-04-20,658.9500732421875,675.5256461606865,655.4218094629292,674.8626116817444,23186270
2021-04-22,673.6785888671875,675.7150393603974,649.312521729926,653.5511090592047,38485312
2021-04-23,669.7242431640625,679.4090911892929,663.1176582311249,667.2852542707776,22713528
2021-04-26,665.2962036132812,676.7570059215569,664.3253254418922,669.179600676809,30170952
2021-04-27,681.3507690429688,682.9136319631285,665.2961882990259,666.4564553260143,20592906
2021-04-28,699.39453125,700.4364013527586,677.7041854873546,680.1905215976332,24103940
2021-04-29,697.3580932617188,712.110366015842,691.9118331106085,703.8462235347221,24078552
2021-04-30,668.8480834960938,688.5019775026257,666.5748388962347,684.3343816732215,35232902
2021-05-03,669.8662719726562,673.394535934582,652.2725306270976,659.7078363110799,22473700
2021-05-04,657.505615234375,673.9154441830442,655.1140315140075,667.7351002247756,21486328
2021-05-05,664.2542114257812,667.5693258995556,654.3562152204534,663.4964825368345,14421612
2021-05-06,663.44921875,668.1377499432683,660.6550389228186,666.6222341637894,11477044
2021-05-07,670.00830078125,674.838872933729,667.877155806155,669.1558196668091,12048334
2021-05-10,672.423583984375,677.2305114143073,669.0848248909298,675.809748103648,11060050
2021-05-11,664.7042236328125,674.4837660986876,660.678727067445,661.128612382698,14519034
2021-05-12,662.7860717773438,667.0957088419191,657.7423505585303,662.9044687176398,13774926
2021-05-14,656.7952880859375,662.5020447148758,654.6641427937886,660.3471969061856,10604142
2021-05-17,682.0848388671875,683.1977586511666,654.1668607756777,660.726040338843,15120692
2021-05-18,699.3471069335938,702.2123363536926,689.0702744188992,690.9409231735007,22165280
2021-05-19,690.585693359375,700.3652928007363,687.9099685903982,696.2687468484748,10130916
2021-05-20,678.556640625,694.2323856507859,676.5201899075936,690.6567745433202,10684184
2021-05-21,709.10302734375,711.2815196347564,683.3871869956029,683.3871869956029,19341646
2021-05-24,715.0938720703125,720.066543946563,709.6713149106149,711.9208569498711,22146102
2021-05-25,700.4127197265625,716.8935998449266,696.410925563643,715.3544393498013,19236974
2021-05-26,699.512939453125,704.225115318239,696.1741220698126,700.9100004512399,12283990
2021-05-27,702.1649780273438,705.1722490585071,692.5984695791637,697.6421913176409,20439496
2021-05-28,712.015625,716.5384120604125,700.3180283108625,706.0721322104973,17750020
2021-05-31,717.8881225585938,719.6167297533075,704.4619187285587,710.3817667851011,15661054
2021-06-01,715.9226684570312,723.168585066384,713.8152258292779,719.9955698673149,11030162
2021-06-02,712.276123046875,715.2123445786457,707.0666567213992,715.1176501334982,10624016
2021-06-03,720.114013671875,722.1977539203226,704.5803093860752,714.1704631518745,10287260
2021-06-04,710.8316650390625,720.1613804324387,710.0028862960756,717.959185353156,9424476
2021-06-07,710.3106689453125,717.0119480537238,708.4873674295712,715.1175968039121,8091668
2021-06-08,702.3544921875,710.9974705499297,701.6204078871059,708.7479282364206,9872540
2021-06-09,701.052001953125,711.3288334802004,697.1449028344755,702.7569063699707,10223442
2021-06-10,701.4072875976562,705.1722877692647,697.9027260492259,701.9045201388227,11483540
2021-06-11,703.917236328125,708.7478667213167,701.4072555985663,706.1194312271526,7205974
2021-06-14,700.6494750976562,703.7514984338662,692.645887212192,700.0811928397461,8881964
2021-06-15,705.7642211914062,708.4873510500545,698.447312782573,703.751473035014,7569602
2021-06-16,703.0884399414062,707.540176846552,700.0101192255411,704.6986500319072,7702098
2021-06-17,694.3271484375,700.3180464153616,691.4382740601372,694.279801213809,9283802
2021-06-18,700.8152465820312,705.6458189970701,689.0702460676088,695.9372691383855,11938060
2021-06-21,705.0300903320312,706.498258668373,690.9645566822982,692.0774763800032,7260472
2021-06-22,702.7095947265625,714.1703962636843,700.9099379776212,708.9609305084452,14366824
2021-06-23,703.5147094726562,709.3398628067645,700.2469419391567,705.645854671328,7844868
2021-06-24,713.3416748046875,716.7514840843272,704.6986968360997,705.6458725038901,14785024
2021-06-25,717.5328979492188,720.8006654850395,713.6968481510871,715.6385466601647,10383176
2021-06-28,714.336181640625,721.2742548134761,712.749673994932,719.8534913437187,9356786
2021-06-29,714.431396484375,717.3565209322027,709.722573184588,716.7857791036568,10971692
2021-06-30,712.4574584960938,717.7370233979096,710.6500126812062,712.5050106362283,9679022
2021-07-01,707.154052734375,714.4075246053683,705.3704121103602,714.4075246053683,16911442
2021-07-02,704.1337890625,708.3431694594663,702.516609898695,706.321710020015,14827036
2021-07-05,711.2921142578125,715.5966570879147,706.107711679034,708.6761078676606,7373882
2021-07-06,729.9609375,732.4818397834853,711.5537872182427,712.0294247765438,17669032
2021-07-07,732.243896484375,735.0263641150248,726.6313510263612,729.6278903585783,9629190
2021-07-08,723.1829833984375,731.3877299302179,719.853521037715,725.3471571573934,8420922
2021-07-09,714.4075317382812,721.0664568010882,712.2671629680933,719.4255306350982,10695842
2021-07-12,707.27294921875,714.4075115847763,705.8460367455447,714.4075115847763,14458978
2021-07-13,714.336181640625,716.3576410548972,705.8936158516059,711.601265962492,18178142
2021-07-14,713.0519409179688,716.9521450358477,709.2230359732336,712.2671274624448,9788494
2021-07-15,723.3018798828125,726.1795098106581,713.289745941736,715.834394802712,10438802
2021-07-16,724.086669921875,727.7015029771919,722.3981917888874,726.7502280646762,5170628
2021-07-19,699.662841796875,708.152960521866,697.284654027341,707.2730426593835,25111600
2021-07-20,686.4161987304688,691.5768534593777,683.0867365748871,685.8692040498094,24174250
2021-07-22,689.0560302734375,698.4736760969855,687.2961947294137,692.5757594227039,13207114
2021-07-23,686.2260131835938,693.217861311592,682.6825369811414,690.3878413695973,13126684
2021-07-26,682.3258056640625,686.8205568594655,679.2579089216915,680.161631792961,13167166
2021-07-27,684.799072265625,689.6268043734378,683.0629838249257,683.0629838249257,22401430
2021-07-28,674.1210327148438,684.2996284750666,667.7950309210904,682.5635980986397,20670342
2021-07-29,674.5728759765625,680.1378114327916,672.2184936053619,679.3292509173456,13702230
2021-07-30,678.4730834960938,680.9939854514296,669.6737898129428,674.9296073725011,11655488
2021-08-02,676.665771484375,682.5398836091144,673.6216795549884,682.5398836091144,13258786
2021-08-03,682.3971557617188,684.8705058077147,670.6489317422132,670.6489317422132,12033120
2021-08-04,696.95166015625,701.3275019831323,684.9180080404954,685.393645546079,22053948
2021-08-05,706.2503051757812,716.8094921374355,693.1940794890436,697.8077398506728,18822408
2021-08-06,709.9603881835938,713.4563125026119,701.0897364192333,705.632098166656,13339270
2021-08-09,715.311279296875,716.9522055194989,702.0409808514629,709.6511811858961,10998048
2021-08-10,717.0949096679688,722.8501119757157,708.224258418714,708.224258418714,14838346
2021-08-11,711.0542602539062,722.4220081617676,709.1993204454371,720.5432632537157,12585786
2021-08-12,714.1221923828125,717.0711218163615,708.3669899366287,712.0293756584126,8597674
2021-08-13,725.9178466796875,728.2009296444029,713.9318062679613,714.0269105326529,16658428
2021-08-16,728.0106811523438,730.1034975784921,723.6585868020925,725.8941176900379,6252778
2021-08-17,720.4243774414062,724.8715766174648,715.9771782653477,721.6372182742111,8282666
2021-08-18,719.6395874023438,744.539200641727,717.4278612617312,740.424924369185,22985932
2021-08-20,720.471923828125,722.8739164966347,706.8211504103504,706.8211504103504,13150406
2021-08-23,725.156982421875,729.2237066164494,717.5705868776091,727.6540795087693,10843054
2021-08-24,741.447509765625,744.1348732691891,726.5124805626797,727.725379419533,18381314
2021-08-25,740.7578735351562,744.2776027396884,736.2868693056814,738.2369714945701,7727974
2021-08-26,739.521240234375,747.2265448434088,734.122707926727,737.2381569110653,11119002
2021-08-27,736.5009155273438,741.3524532058019,734.978898644625,738.1894519957664,6382138
2021-08-30,745.9185180664062,746.750883701105,737.9991419868863,739.9016920090548,9049166
2021-08-31,752.1731567382812,753.100626642032,743.040881869667,743.6592338463132,12062576
2021-09-01,751.0791625976562,760.0687229354822,748.8912417158429,749.1290604651969,12422558
2021-09-02,755.7880249023438,757.2149374729586,747.3454588595391,748.701014189379,9618524
2021-09-03,749.6285400390625,760.0687604261853,745.9423492422521,754.4086623001291,10735334
2021-09-06,744.7056274414062,751.959099481168,742.9219867758911,751.4834619703639,7876896
2021-09-07,746.3941650390625,752.4585433116437,739.7114347769459,743.1836118359313,7245496
2021-09-08,749.7949829101562,751.7450850903009,744.6580745740106,747.6783611524173,6724080
2021-09-09,746.0849609375,751.2456161314306,742.4701275979534,748.6534150154891,8250948
2021-09-13,739.8779296875,753.4097932161694,738.9742068333936,742.9457683103893,8959164
2021-09-14,736.5484619140625,744.1348566916412,735.6209339673617,741.9944879763249,9758506
2021-09-15,735.7161254882812,739.521225577569,730.1035796320939,730.1035796320939,14822998
2021-09-16,741.970703125,744.0397727219095,730.7219225742858,731.411573732443,10260550
2021-09-17,752.5299072265625,755.788012597511,741.6139914023458,746.2752622816204,20498102
2021-09-20,741.9231567382812,752.3158246968031,741.04323895895,743.8970640127071,8781610
2021-09-21,738.1656494140625,746.1088310873976,727.2259861061681,742.9458298665662,14774996
2021-09-22,729.4851684570312,737.3094397175464,727.725333033006,736.7624450118473,10582202
2021-09-23,746.7507934570312,747.7020683531549,733.4329449113008,733.4329449113008,13664304
2021-09-24,761.75732421875,764.8013580210053,749.1291243270337,751.0316744840547,20806702
2021-09-27,772.9585571289062,777.9051991730677,764.82516678098,768.4875526262753,16415462
2021-09-28,768.1783447265625,776.2403768870238,752.458502595142,776.2403768870238,12773790
2021-09-29,758.0947875976562,764.1591654813507,753.9567647367983,759.5930572752828,16263036
2021-09-30,758.6181030273438,764.0403828230873,752.9818095541101,754.3611700902277,15975348
2021-10-01,752.79150390625,755.7880436031745,744.4916521396281,752.9342183913312,11128596
2021-10-04,754.2421264648438,761.6620594673581,753.219494280695,755.7879482595848,7051028
2021-10-05,758.8558959960938,759.830976185328,749.7236783800458,757.2149696945492,10257178
2021-10-06,768.1069946289062,773.7908394129953,754.8366970384816,759.1174344507981,18600830
2021-10-07,766.01416015625,774.1951015729854,764.3494289792573,773.6719119581737,11265724
2021-10-08,762.2803955078125,771.4839688507248,761.0913018443557,766.7275941968978,7245562
2021-10-11,777.0966186523438,782.4237357564093,760.5444094069899,760.972494795636,13080848
2021-10-12,775.0989379882812,780.7828415337334,772.9110168758314,772.9110168758314,8176946
2021-10-13,779.7601318359375,783.8506027379818,775.2891277080766,778.6185902197064,6225644
2021-10-14,802.5907592773438,803.827405211579,779.094254281992,779.094254281992,14757288
2021-10-18,794.4573364257812,820.4746843514532,792.9115145567133,810.9619343879581,28856456
2021-10-19,803.2090454101562,804.9926860848645,794.7902846500209,796.9068483595202,8987540
2021-10-20,796.1458129882812,807.9891982795003,791.6748089028501,803.3992848197823,10908568
2021-10-21,797.3111572265625,799.998462628159,789.962523081634,795.1707884960194,9738190
2021-10-22,799.427734375,812.3888563513312,794.6713593378141,799.1185583853392,12175554
2021-10-25,788.13134765625,803.827385358517,767.5838306159519,803.827385358517,16426766
2021-10-26,786.10986328125,796.1458027295024,783.0657717264866,784.8018601809484,12090656
2021-10-27,781.3772583007812,791.9601919996171,778.7612522179229,786.1098278989209,13249642
2021-10-28,757.9758911132812,784.8018571141539,754.9080525326855,784.8018571141539,17797750
2021-10-29,752.8628540039062,761.9713243308421,741.9945480375242,756.2636739613226,12406874
2021-11-01,763.5409545898438,766.2520653021783,753.1958382519653,753.8854894500015,8122320
2021-11-02,764.2305908203125,771.4840630530865,761.043842637615,763.873862677717,13237722
2021-11-03,752.1969604492188,765.7288832277255,749.3907454269682,763.4457998232535,10207338
2021-11-04,758.142333984375,759.9973317587402,756.3111413083693,758.6417765602017,1096808
2021-11-08,761.138916015625,763.2554796846038,746.9648951674751,757.2624587445608,18943580
2021-11-09,747.821044921875,758.4515312291761,746.2990281757783,758.4515312291761,12695476
2021-11-10,739.7351684570312,746.2751836097618,737.2380717623523,745.7995461441087,13714126
2021-11-11,736.4296264648438,739.5688226168478,730.3889948696312,737.2619921599097,7999404
2021-11-12,738.6649780273438,741.5426078951424,734.8836834312771,737.2380656422298,14914092
2021-11-15,740.6864624023438,747.6307579669023,739.330907202677,742.9932925577368,9533594
2021-11-16,736.286865234375,740.6627071004274,733.2427735591466,739.6163278032643,8245406
2021-11-17,728.1058959960938,734.3842876661621,727.0119065399798,731.007273085122,7598878
2021-11-18,732.1963500976562,734.1464521581363,725.4660681271121,725.84660133652,9152874
2021-11-22,720.7572631835938,738.5223119294355,713.0044068868091,735.3355639518028,15261272
2021-11-23,720.8524169921875,726.6789762107248,711.7201424006887,714.4075058157676,11235214
2021-11-24,722.04150390625,730.7456350037625,720.1389539752681,724.8715237040991,30802286
2021-11-25,725.7990112304688,729.294993262682,716.7857039376246,720.4956996177941,10251652
2021-11-26,708.6522827148438,716.6429574254157,706.321647484638,713.4562095804424,18624936
2021-11-29,714.05078125,717.0948727956322,695.3820097835137,710.9829426666183,12990996
2021-11-30,710.3883666992188,727.2496917899412,707.0589044084865,711.0780178063845,25221542
2021-12-01,715.66796875,716.8095103506997,708.2717824753072,711.0780553091722,8677634
2021-12-02,725.7039794921875,727.1546972193483,713.4563127893044,715.5966817276724,11203110
2021-12-03,719.9011840820312,730.5554179694886,716.8095402344054,725.7277436410184,8124694
2021-12-06,715.2637329101562,722.3982957810733,712.1958360389292,719.6395749131635,7029532
2021-12-07,725.6800537109375,728.6765929508213,718.1650166360319,720.0913135234882,12427534
2021-12-08,739.0455322265625,739.6400790705917,729.6278869926537,730.5791619431004,15295534
2021-12-09,726.2271118164062,739.4736046987022,723.9202815328325,734.9550484079257,11747744
2021-12-10,724.181884765625,726.7740858657247,717.4753496970789,725.2996212566436,7779384
2021-12-13,718.7596435546875,731.3640377223576,716.8808405306988,725.8228490514963,10322142
2021-12-14,714.62158203125,721.0664937719724,712.0531858243114,714.6453871321823,9191100
2021-12-15,713.456298828125,724.5624236009718,711.387287173768,714.8832114257813,10115148
2021-12-16,713.5037841796875,721.5420693396168,710.6024071149554,719.5444151143828,13210432
2021-12-17,700.6378173828125,716.3100492192655,698.0931104004245,712.0293118733335,14994768
2021-12-20,678.0926513671875,693.4795137394923,672.599014710812,690.6256885800706,21156668
2021-12-21,685.774169921875,690.0311023174055,680.1616242039565,684.6801804486681,9118750
2021-12-22,687.3912963867188,692.5282046456658,682.872740106407,690.7683691083477,8577484
2021-12-23,686.8681030273438,693.3843716225142,683.4197311478777,691.220197770224,9779166
2021-12-24,684.3948974609375,690.6257378916542,679.2104364388997,687.5340937481999,5561024
2021-12-27,690.0548706054688,691.5768872980073,676.4278453611157,679.6383983110893,4705098
2021-12-28,694.8112182617188,697.7125951282051,691.2914894785592,694.7636080671955,5450678
2021-12-29,691.5055541992188,694.906373869757,688.4377156088801,692.5519915154243,7668702
2021-12-30,695.1441650390625,697.6888139009618,687.2961467543245,693.7172526236556,7215918
2021-12-31,703.658203125,706.2266575074009,695.1442793672378,695.1442793672378,6325736
2022-01-03,722.8025512695312,724.3959253104654,704.1813312029835,706.3216999908345,9069184
2022-01-04,727.0357666015625,729.1047782359835,717.166287896205,722.9690425129386,8857352
2022-01-05,744.3013916015625,747.7022116190719,726.8217120360403,730.9597934637957,14332638
2022-01-06,732.3628540039062,739.4974166342414,727.7491933941105,733.9086759071455,9628930
2022-01-07,737.4998168945312,745.20512188097,730.5317152643793,734.3843677575986,11179384
2022-01-10,741.5902709960938,747.7022016813078,735.0978070600898,741.0432762210418,8856496
2022-01-11,744.8008422851562,746.1325925725578,736.191814344952,742.7318305795472,8389198
2022-01-12,740.401123046875,749.9138730090968,738.1893970684148,745.7995970381922,21085530
2022-01-13,726.7741088867188,739.6163215437484,723.1592754547615,739.6163215437484,41963896
2022-01-14,734.9313354492188,736.619813831022,722.493402522968,727.7254153127986,11208968
2022-01-17,723.6824340820312,740.0919273293728,722.5646976035137,727.7253527081879,22989372
2022-01-18,727.36865234375,737.6662159084163,724.3959179463994,729.1522929821604,12341152
2022-01-19,722.2317504882812,732.3628526288228,719.8060108107658,729.6279369589961,14317626
2022-01-20,717.7369995117188,727.0119309169397,713.5038140786304,726.9881258170541,15197846
2022-01-21,723.7300415039062,727.6303040191038,706.6070907204011,713.4562826460474,11537694
2022-01-24,707.1065063476562,723.5635523601698,698.0218416410312,718.1888253449379,11868508
2022-01-25,707.7723388671875,711.0779959583617,686.820485728344,693.788586063523,13594248
2022-01-27,701.54150390625,706.321683981928,682.5398091003816,689.6743715648455,28617838
2022-01-28,695.9765625,707.1302385002696,694.4307406458227,702.7543967837006,24925208
2022-01-31,706.6546020507812,709.4371278413857,697.6650998575648,700.4951197241377,12842546
2022-02-01,712.029296875,721.5420463322478,700.8280111646047,717.4991278129174,14739484
2022-02-02,728.2960815429688,730.1035271800179,716.1197737442617,719.1400601109066,13969290
2022-02-03,720.7572631835938,732.457933895551,717.7369767162163,727.1308172000766,10564762
2022-02-04,724.87158203125,729.0809624800141,720.1627589609288,726.9643987359728,11579958
2022-02-07,698.3071899414062,722.4933446051142,694.4307328001756,719.2114343241577,12268042
2022-02-08,695.3106689453125,703.2062398464973,687.0821750180488,702.23121780657,13981130
2022-02-09,712.314697265625,713.3135243877856,697.7602016051236,701.0896640531371,11308342
2022-02-10,725.3947143554688,730.3413557953064,714.2410385936968,720.1151499017218,14314530
2022-02-11,722.4220581054688,725.3472405566795,713.2184834195023,713.5752115705957,10711104
2022-02-14,700.9469604492188,713.1946260728857,698.8542018984211,708.6998749228623,14656620
2022-02-15,721.9226684570312,725.2996833180713,700.6378889247106,702.0409964179948,13135066
2022-02-16,720.9475708007812,729.9846836790362,716.7857425015849,729.7944170588287,10032264
2022-02-17,716.5478515625,723.9202323784434,714.4074829385164,719.687047265433,7351208
2022-02-18,719.330322265625,721.5420481321954,708.9138499717109,712.6476505919669,7796128
2022-02-21,723.9677734375,728.058244021846,711.3396335859223,715.3587469383176,7468066
2022-02-22,718.5455322265625,723.9678112195843,707.7247793394828,708.6047551441089,9536196
2022-02-23,713.8843383789062,725.6801135920207,711.3872414933543,725.3947427030585,9029562
2022-02-24,675.119873046875,701.5415010977686,669.2933137242217,689.6268166665427,23630766
2022-02-25,692.5757446289062,697.2370153028564,681.5171728738023,684.8941874749454,18318654
2022-02-28,678.3779296875,684.2282936903597,672.5751758797768,678.2590203220859,24880832
2022-03-02,653.6448364257812,665.1314936990638,644.2034436334029,659.4713958190617,38505560
2022-03-03,652.0990600585938,662.0874482870623,648.2464076398575,656.8554354054835,17527922
2022-03-04,649.9586181640625,659.2335490489504,635.8797603305272,646.8669745357665,21219364
2022-03-07,630.1246337890625,633.715662365495,616.9256921049088,627.1280940741168,27054458
2022-03-08,631.5514526367188,634.50038171104,614.5236080739608,619.3750870184799,39212492
2022-03-09,652.17041015625,653.8588885491644,627.2945441400525,632.5979142059786,23134694
2022-03-10,662.4203491210938,678.7347392382749,656.4986852373013,678.7347392382749,22273206
2022-03-11,664.3704833984375,670.149432575976,652.9075731964616,660.1848501728542,15150780
2022-03-14,686.130859375,689.6743353216494,673.0270237794027,673.0270237794027,25018126
2022-03-15,677.3078002929688,689.436556548215,671.4812409154484,686.5827315469807,18867928
2022-03-16,688.79443359375,692.0525387446689,683.1105308271242,688.2474388752825,13364108
2022-03-17,703.9673461914062,708.6048120871039,699.4487896776494,700.1384408684183,14823954
2022-03-21,707.03515625,710.4359760473683,700.5189456092843,707.2729750042046,12257876
2022-03-22,710.6737670898438,712.5049598135698,693.0989270027054,704.561836957358,10461814
2022-03-23,703.5867309570312,722.398216212513,700.8993676260746,716.7856708144304,31188256
2022-03-24,686.1784057617188,699.0206174152978,682.3257538778879,697.2845290424785,20160044
2022-03-25,680.5896606445312,690.6255995491529,674.929563195763,690.1499620838986,16366462
2022-03-28,681.493408203125,683.9666998878296,666.6534839112492,680.589685374062,15754886
2022-03-29,690.5306396484375,694.5497538456183,680.1617175135998,685.3937307252429,12377448
2022-03-30,702.4927978515625,705.2515186367268,691.6007453109708,700.1384153992661,20109742
2022-03-31,699.3536376953125,706.1790247075883,697.2370738898979,699.6628137051833,14295714
2022-04-01,716.31005859375,718.2126085501743,699.3298234571498,702.2312005284535,14568556
2022-04-04,788.0361938476562,819.0952862089551,743.2073617126769,751.5072124484601,97450970
2022-04-05,764.9439697265625,792.7449569360995,761.9712355056448,792.7449569360995,30922582
2022-04-06,737.6423950195312,756.1685102240006,735.9776637926485,755.1696250388968,27027860
2022-04-07,721.4232177734375,733.1238893042467,719.9725000942207,733.1001422646726,40781732
2022-04-08,720.4243774414062,725.7039422730295,712.1720781256234,719.211478547381,41256322
2022-04-11,711.6250610351562,718.2126288330701,710.245700665551,716.3100788229164,20799066
2022-04-12,710.3646240234375,716.7143731950656,704.0148748518094,705.8460676603825,27435402
2022-04-13,696.7850952148438,714.5502013407392,695.691163859955,708.6998371784712,28892520
2022-04-18,663.7283325195312,680.9464450214841,661.15993644386,674.8582617385757,45620376
2022-04-19,638.400634765625,660.9221170332797,631.1709679279387,656.8078410106541,74096022
2022-04-20,644.1558837890625,646.8194421533099,635.142518406885,644.2271829644586,49325736
2022-04-21,653.6923828125,656.2846420095574,643.6802483309051,649.2451838249173,52446270
2022-04-22,644.7742309570312,654.1680722750773,641.7063920801837,646.8670477236759,20659148
2022-04-25,649.6019287109375,651.9325641201308,628.9116970441421,642.1106379350289,20935488
2022-04-26,652.5985107421875,657.3072759446977,645.5114997756818,652.5747056406705,17016842
2022-04-27,652.8363037109375,655.9041425017765,645.0120316413157,646.8670295884091,18054334
2022-04-28,652.2655029296875,655.9041415782432,647.8658558596376,652.5746789306378,20773722
2022-04-29,658.5677490234375,668.1518573977863,652.3607137487355,656.5462894086016,28401476
2022-05-02,667.65234375,668.9603468911126,647.8420880799416,647.8420880799416,19494316
2022-05-04,644.9645385742188,667.604875071216,642.1107131822974,665.8925914483085,29055916
2022-05-05,643.5137939453125,654.001625047842,640.4459550013958,654.001625047842,17862912
2022-05-06,626.7000122070312,634.976117030004,624.5120911313822,632.5979293257718,26731268
2022-05-09,627.7701416015625,630.9331425829555,616.1883801102291,618.32874885627,32762434
2022-05-10,637.8536987304688,643.537543685614,625.4871236116026,625.4871236116026,20113812
2022-05-11,641.4447021484375,644.4887936717504,631.9557575251372,643.5375186995411,17102924
2022-05-12,626.9856567382812,638.4133907389254,622.1498973824371,635.6706993369925,22382290
2022-05-13,621.3560180664062,634.1791515037851,619.2629499130284,630.353891041967,16768238
2022-05-16,627.9719848632812,631.292053906236,618.4448991695826,625.0368734940553,9804356
2022-05-17,632.25439453125,633.6978977151113,624.6519209350625,631.5807479648557,16641444
2022-05-18,632.206298828125,641.5409646353346,630.3297329141748,637.0901630861314,15732384
2022-05-19,619.2869873046875,623.7858941010936,615.0767694162303,618.8779477207698,20537506
2022-05-20,635.5985717773438,637.1623671024004,621.837184664106,626.961633399629,13919350
2022-05-23,627.4428100585938,639.9290909513579,625.0850760956221,632.2544880498406,19486320
2022-05-24,634.6361694335938,637.5472577654566,624.0264559706711,625.5180642227122,12870796
2022-05-25,639.375732421875,642.8160348600121,636.6811460213428,639.9531102298189,12887112
2022-05-26,657.6119384765625,659.6809832899339,644.7647830842534,645.7993054909392,26992428
2022-05-27,669.8095703125,671.0846178237094,659.5606740424182,660.0659236596756,24031718
2022-05-30,674.3807373046875,683.4988434000511,672.889070171654,678.566873569111,12624674
2022-05-31,668.3179321289062,675.944488061126,664.0115042012508,671.662083279525,13485388
2022-06-01,671.1568603515625,673.8513881488794,663.6025497657505,664.0115306279351,12091896
2022-06-02,666.4654541015625,667.860852355906,663.3378636546508,667.4999765351084,11475020
2022-06-03,664.1558837890625,673.995741003826,662.231212745682,672.8169034842749,6957244
2022-06-06,663.265625,667.3796325306656,654.7008747630125,662.2311613834544,6173266
2022-06-07,655.6392211914062,661.2689195958052,651.5492949621544,655.3505322636607,10253966
2022-06-08,657.9487915039062,664.4926611407994,652.9446351687653,660.7876929692908,5986588
2022-06-09,662.90478515625,664.9979118561328,653.016823143348,655.4707669191479,7311816
2022-06-10,650.1057739257812,658.2134392480132,646.4970155862447,654.4362839332251,9155430
2022-06-13,638.317138671875,639.9531208031428,629.511803905611,636.8736353918679,10892572
2022-06-14,631.2921142578125,638.0284630380025,627.9239398677174,630.9312384303023,11870356
2022-06-15,629.1028442382812,633.1206425337386,624.7483106988635,626.312106117527,11810470
2022-06-16,616.520263671875,635.4060979237764,614.9323865969412,630.3297546494468,12169192
2022-06-17,620.5861206054688,625.0369224008559,611.8529139840168,613.4888961209325,14723922
2022-06-20,636.176025390625,637.5473418881802,622.7033268450634,627.7796119481263,15936840
2022-06-21,643.1047973632812,651.5011513361289,637.0902003236198,643.2731943331319,13220684
2022-06-22,640.0734252929688,643.2972258536737,636.6811690239211,641.0357608318419,8159698
2022-06-23,642.43115234375,648.6141463686242,634.419697319756,640.193710492177,15372244
2022-06-24,651.4049682617188,655.1821236118307,644.0671595693715,644.0671595693715,8013432
2022-06-27,652.583740234375,662.0868029953917,650.5387773617512,659.1997965869816,9804164
2022-06-28,647.6036987304688,650.0576425546589,643.9949405371601,646.6894682409041,9770574
2022-06-29,646.6653442382812,649.9373082816165,640.5545375901551,640.5545375901551,9994046
2022-06-30,648.6141357421875,651.5011422810993,642.8401226643639,642.8401226643639,12475822
2022-07-01,651.380859375,654.3881578947369,639.9772068826776,646.6653918015329,11472452
2022-07-04,652.2951049804688,654.4843831117648,645.8474450575549,651.3567925787985,8487480
2022-07-05,650.8275146484375,663.6987525096566,648.7585284770123,656.3128389795442,14325718
2022-07-06,659.80126953125,660.835791929005,648.18105675633,648.6141194735643,15049078
2022-07-07,671.6139526367188,672.6724981664967,661.3409744346241,664.0114788767993,17743142
2022-07-08,672.2394409179688,678.4465165399553,671.1087084709948,678.4465165399553,12474030
2022-07-11,676.5941162109375,678.3984954675878,670.3870398207998,670.7479156721298,7462880
2022-07-12,669.6892700195312,676.1609524926532,668.5344557204256,676.1609524926532,9876974
2022-07-13,653.3536376953125,670.8440741987707,651.6214454892688,668.823193081103,15945610
2022-07-14,650.0816650390625,660.4748759389022,649.215539657287,655.3504280253659,10372410
2022-07-15,655.37451171875,656.745827963444,648.0367040425124,651.0199203901375,13595646
2022-07-18,648.3976440429688,657.3232708257327,645.7512213402739,648.6141460423058,20332220
2022-07-19,648.63818359375,653.690444771779,643.3212566690205,643.3212566690205,15792538
2022-07-20,656.8180541992188,659.7290838164299,652.1025868008825,654.3400285637287,20347862
2022-07-21,654.7490234375,658.9592412990309,653.473917137891,654.6528133808986,12640278
2022-07-22,670.0260620117188,672.1913167902127,655.5429251294964,657.2751172050325,12729592
2022-07-25,671.9988403320312,675.8481821741008,665.5993447613678,671.2289837108764,10143126
2022-07-26,670.6275634765625,674.5971974845852,667.0428871698978,671.710190933296,8527964
2022-07-27,675.7520141601562,676.5218708292028,666.0564720450384,668.2939138771885,9212778
2022-07-28,681.7425537109375,685.182915066855,678.9277339602053,680.8764869533358,17420406
2022-07-29,690.0907592773438,692.2079091114783,680.9967358477592,691.9192202105274,20019736
2022-08-01,695.8407592773438,696.9474098698968,688.0939701842794,692.4003980885738,13193036
2022-08-02,688.190185546875,695.094931123578,684.7258011854689,693.8439067006424,15036510
2022-08-03,689.8020629882812,690.8365853805471,681.8146902206062,685.6399502739025,10975498
2022-08-04,688.984130859375,696.1053785024752,679.8659665183745,692.8815779882993,12012206
2022-08-05,686.6504516601562,691.4139653304088,683.8115502270574,689.5133762386452,9268982
2022-08-08,703.4913330078125,704.6701705018421,686.6744848885744,687.1075476112192,15357736
2022-08-10,705.5362548828125,708.0383035448924,697.2361116710222,703.154439415044,17353102
2022-08-11,714.8709716796875,717.4211844953526,709.5059977383994,715.2559294113627,18301766
2022-08-12,714.6063232421875,716.6031812290219,710.1795445295438,714.5341363296417,8850370
2022-08-16,722.7861938476562,725.8415975092017,716.0017398840251,719.2496224051965,12563756
2022-08-17,726.5151977539062,727.8865140946783,714.8949848396419,721.7516252798,12384350
2022-08-18,727.3812866210938,728.4398909455316,721.5832502964957,721.7516472669315,8342138
2022-08-19,718.407470703125,727.5255752850977,716.9398856976162,726.563239868054,8063702
2022-08-22,707.4850463867188,716.1460665835506,706.2099399993691,714.4379561754013,8234066
2022-08-23,705.2957153320312,710.1795210324121,697.8857201939286,699.2811184238794,14966884
2022-08-24,708.6879272460938,709.9630335639699,702.1199755407531,703.4191637412739,13455520
2022-08-25,704.838623046875,715.400291243383,701.0614676554292,712.0802217563679,11823040
2022-08-26,704.9588623046875,712.9943990116683,703.0822963230394,708.303013425697,7706176
2022-08-29,692.5928344726562,695.7685297074646,687.3961995529374,691.4380201864637,8653178
2022-08-30,715.0634155273438,716.9158997056655,694.3732012935722,695.9851015854548,10135400
2022-09-01,708.3511352539062,716.6753023262013,702.023767412422,704.7904820543832,22403136
2022-09-02,714.7747802734375,717.1806193184507,705.0070502561617,708.3512017705131,12038086
2022-09-05,719.3699340820312,721.2705233742533,714.1011114947204,715.0634470829449,12131932
2022-09-06,716.627197265625,724.951423073854,715.2317990033503,721.2223729044177,12238696
2022-09-07,713.2349853515625,716.9399535633776,707.9421400567993,707.9421400567993,9776206
2022-09-08,720.5968627929688,721.7516772237872,713.1628440120845,716.9881044068499,11164690
2022-09-09,721.0780029296875,726.0821594471598,718.8887248344994,719.9231885431478,15128888
2022-09-12,718.6481323242188,723.6763119278681,716.9399632796035,721.7516408855068,11080492
2022-09-13,728.054931640625,729.4022248737516,721.0539759192867,721.2223728893526,13001966
2022-09-14,735.5371704101562,740.469140368155,718.0707557473077,718.8887762504166,20219760
2022-09-15,731.7117309570312,741.4553773222866,727.5255952724021,736.1866142637402,13539372
2022-09-16,718.26318359375,728.8247925761237,713.5717978693896,723.2432582308112,20560046
2022-09-19,723.002685546875,728.4880099183553,712.1283056005058,716.4588155669953,12076038
2022-09-20,731.7117309570312,733.2996079332942,726.5151548040049,728.4879307158841,10781668
2022-09-21,730.5810546875,732.0967448746909,724.1574768560039,725.6009801321287,9072304
2022-09-22,715.0153198242188,726.6355334380704,713.4515245419652,722.7140042906975,12048144
2022-09-23,695.8407592773438,709.7224372346395,691.438062580459,708.4473309391279,15806252
2022-09-26,686.4579467773438,691.1733552416581,682.2958342078718,685.8324052401812,8923486
2022-09-27,680.2990112304688,692.881559633574,677.0030238919713,689.2246964827675,12639700
2022-09-28,668.6066284179688,678.7351736760943,666.8503544937673,676.5218139126857,11816132
2022-09-29,665.1422729492188,674.6934416925905,663.4341625616928,671.8545987625018,14410388
2022-09-30,683.9077758789062,688.7675584504451,656.7939846693048,663.4341231736677,15781756
2022-10-03,679.9862670898438,682.22370896109,674.1641488370536,678.4224718418965,11541112
2022-10-04,699.1367797851562,701.5426186694823,686.2174367235855,687.8293370288237,11538526
2022-10-06,691.4380493164062,703.7559318367181,690.0907561363719,702.4808255656671,12549198
2022-10-07,688.454833984375,690.4516331398249,683.4265958004532,688.1901682297433,13297994
2022-10-10,680.8523559570312,686.1452011270152,672.7687143847188,677.4841817579505,13109302
2022-10-11,673.9476928710938,681.8147746778077,673.3702562675518,674.164194887232,14521620
2022-10-12,678.350341796875,680.7802037798269,672.3357447059547,675.1745875438293,9225050
2022-10-13,670.5553588867188,676.6421426191388,665.9361602736982,674.6212615810351,14714234
2022-10-14,692.4004516601562,696.249793990442,680.9727166171202,681.8147602518703,12849920
2022-10-17,696.0332641601562,701.3501327995798,686.626410721968,690.4757528984051,18410500
2022-10-18,694.7340087890625,703.9002774553204,692.8815247929514,701.5666257336586,10561108
2022-10-19,701.8554077148438,710.8773037655702,699.3292768206403,704.4296436407238,12967040
2022-10-20,697.1159057617188,699.0886819198254,694.0845252418784,694.8062769145736,7898078
2022-10-21,692.2078857421875,701.3741545079234,689.9945259278926,698.6555450817992,10492606
2022-10-24,703.0101318359375,703.948385410148,699.7622496749542,699.7622496749542,2167794
2022-10-25,698.1263427734375,706.2580899913314,695.2874411281454,703.0342306280569,13773394
2022-10-27,699.8104248046875,706.0415240061888,698.2947345638005,704.6702075925484,15937276
2022-10-28,701.8793334960938,705.8730490883848,696.442173472227,697.6931978037887,10474278
2022-10-31,720.163818359375,720.7893599900692,705.9934502305936,708.2789972666101,12830528
2022-11-01,728.1270751953125,735.7054670237125,721.2223299433629,723.4356897777316,19073756
2022-11-02,728.5841674804688,735.34459771333,727.33314310533,729.931460645262,12720406
2022-11-03,725.3844604492188,731.4952673413037,720.3081172240958,720.6449111524606,10332352
2022-11-04,720.38037109375,729.4984772519798,716.7475307718796,723.2914009917648,10818060
2022-11-07,725.9859008789062,727.5256141338776,717.9503644757295,726.5632786654467,9835834
2022-11-09,725.7693481445312,730.38854669658,723.6762802249166,728.9932072410344,9269790
2022-11-10,733.6605224609375,734.7431498920162,719.3698638652188,720.3562225050898,12774182
2022-11-11,775.2334594726562,787.6716345011165,740.0360255728266,743.4041999414936,56722338
2022-11-14,777.1099853515625,783.341084117066,768.9060518544665,775.6424002436796,19195390
2022-11-15,779.0105590820312,781.0074169195871,772.3945027587589,781.0074169195871,11030202
2022-11-16,785.6988525390625,790.0774674383857,775.6424345375626,778.8422119111716,13578150
2022-11-17,778.6016235351562,785.0492832742325,776.5566605526772,778.5775416526076,12100930
2022-11-18,776.5567016601562,780.9353167659891,772.3945885635269,779.9729811938807,10459232
2022-11-21,768.5933227539062,775.6424423049926,765.1529614641645,773.5493742606727,8344816
2022-11-22,767.4625244140625,771.9614309133688,765.537853506441,769.8683630485893,8546314
2022-11-23,769.4594116210938,772.2742311837565,766.9813859856123,772.2742311837565,10185738
2022-11-24,781.9697875976562,785.2657749671398,769.4594259866601,772.731331473911,17197960
2022-11-25,778.361083984375,785.1214561638104,776.6529148425003,784.1591205878366,8410496
2022-11-28,769.9887084960938,773.4530928760762,767.0054918764588,771.2638148082744,16105980
2022-11-29,768.8339233398438,775.8108561300074,766.4280844466838,768.5452344199248,12638236
2022-11-30,773.9342651367188,776.0754969244954,768.4730227722782,768.4730227722782,15184806
2022-12-01,779.251220703125,787.6716568638566,777.0859656903655,780.454140154658,20446366
2022-12-02,773.28466796875,778.8180970128258,772.3464143644907,774.6800661706023,7811078
2022-12-05,776.0994873046875,776.893425827618,768.0399276122688,774.6559840761946,11592622
2022-12-06,775.2334594726562,776.4604020366052,769.8684271238768,770.3495948908293,12353092
2022-12-07,774.8965454101562,778.8180741474324,772.0095390371375,776.6769012486282,11674720
2022-12-08,779.251220703125,782.378811277111,772.2742878842332,774.6801267872993,14803634
2022-12-09,784.8087158203125,786.637118107019,779.4917884600618,782.3787950839879,11963384
2022-12-12,790.91943359375,795.6589238516007,780.165346882715,781.8975389139733,14434808
2022-12-13,793.1088256835938,797.2949616133573,791.5209486143468,793.9267873639345,17031702
2022-12-14,799.8211059570312,801.3849011709643,793.9268009198986,795.3703041942985,14227640
2022-12-15,785.1696166992188,803.2615137057865,782.88406971569,797.319103295872,18182648
2022-12-16,788.9467163085938,791.5690570624564,774.1989129626363,779.5158401167187,14647958
2022-12-19,791.4006958007812,792.3149263180803,782.4750101040391,791.0398199705028,9604542
2022-12-20,785.939453125,787.3829564457624,779.5880032718654,779.5880032718654,7174698
2022-12-21,778.3369140625,791.4247116571615,773.0200458484181,789.5962507751079,9269198
2022-12-22,775.6665649414062,783.1005838558391,774.1989796768327,780.5503710559809,9747096
2022-12-23,768.7377319335938,771.8653225705988,762.8674496500488,763.613283219548,10693152
2022-12-26,784.038818359375,788.6339941689127,765.0567728667305,769.6278667926638,9907322
2022-12-27,784.832763671875,787.1664156857469,776.3642223890472,785.7469942121562,7926772
2022-12-28,784.2072143554688,785.7469276450677,780.9833552219441,780.9833552219441,8691870
2022-12-29,789.7406616210938,790.7992071900476,775.1612551160126,779.5398699494827,11012896
2022-12-30,783.4132690429688,791.5209337293505,779.4917402076278,791.5209337293505,7122640
2023-01-02,783.6779174804688,788.9948447926183,778.7941116415499,782.8599557722763,4381378
2023-01-03,788.8023071289062,790.5585810922254,780.5502688048173,780.5502688048173,8378030
2023-01-04,774.7041625976562,791.8818278494382,773.2365774595456,786.709274515468,10351600
2023-01-05,769.7240600585938,778.5535356487463,764.7680672572426,777.085950452134,10941436
2023-01-06,767.1738891601562,774.2470317456477,759.3789361975485,770.8307523930382,9092462
2023-01-09,768.66552734375,775.4259581366615,765.0567689994132,767.9437756748827,10729340
2023-01-10,754.6154174804688,769.8684118966518,753.0275403864125,769.8684118966518,16371766
2023-01-11,765.4898071289062,768.9060865044132,750.6217114811543,754.4469717086059,15195798
2023-01-12,769.5797729492188,771.7450279982426,762.2419641719711,763.9982383478842,9250070
2023-01-13,770.1812133789062,774.6320153125537,763.1320937043018,769.2669828560861,9244546
2023-01-16,762.7953491210938,780.117390200105,760.3895100823422,777.0860095167562,14748094
2023-01-17,774.1508178710938,775.1612584159965,759.0421385172157,764.9605254372576,10786354
2023-01-18,787.8159790039062,789.884965083016,769.724024650822,772.274237215273,19090642
2023-01-19,791.087890625,793.9267921137573,785.7469403162216,787.6716113274065,11172162
2023-01-20,799.195556640625,803.068980550622,790.7510978089086,791.0878917418223,18843404
2023-01-23,805.041748046875,809.6128416563689,799.4121088854909,801.7457607178152,15444400
2023-01-24,815.8198852539062,819.139954334254,805.9559468005266,805.9800286815163,24983940
2023-01-25,793.2772216796875,814.5929177332151,791.6653214666925,813.8471429635326,14704142
2023-01-27,777.4708862304688,787.6716191971464,765.032652707376,785.2657804091282,35179948
2023-01-30,776.677001953125,782.0420345725445,761.2074457179801,767.4626270039054,18512822
2023-01-31,771.5524291992188,780.7908258111092,767.4625036312777,779.3473226694831,18596244
2023-02-01,783.1245727539062,801.1442809848427,772.7553845415359,781.4164037954262,17302790
2023-02-02,771.4802856445312,781.6569951120864,764.4552483744704,773.7658324138648,17497106
2023-02-03,798.1610717773438,798.9790334420251,773.2365593142633,775.1612302770866,14411100
2023-02-06,794.7688598632812,803.2614827057959,792.0983552594887,798.7384939446326,11167672
2023-02-07,795.9476318359375,801.0961617651983,785.5544206626682,798.449739262286,10264588
2023-02-08,795.8514404296875,802.6839988300309,793.9267694733884,795.9717323644562,8444826
2023-02-09,794.1914672851562,799.5324176572361,786.9739509076702,798.738479108453,11777336
2023-02-10,797.3430786132812,798.0167252205403,790.173667284601,793.3494214707791,8172116
2023-02-13,797.9445190429688,799.5805011250109,791.3044393965116,796.3326188427218,5736944
2023-02-14,805.3304443359375,807.1589052910266,797.7520522296284,801.1443083812574,10908592
2023-02-15,803.6945190429688,807.3994872360046,797.1746725138561,807.3994872360046,11438712
2023-02-16,800.7835083007812,809.2761316878249,799.2197129563453,805.0899366009373,8062500
2023-02-17,796.7657470703125,802.6600524376097,790.5345890116744,799.2196910269881,8956270
2023-02-20,789.2835083007812,803.2854781022144,786.6130625255412,798.7384663515395,8086706
2023-02-21,792.2427368164062,799.8692342574486,786.2281396647481,789.115146297544,12389296
2023-02-22,776.700927734375,790.0533322670238,774.222960909244,788.6339109553685,10359102
2023-02-23,771.4321899414062,778.9383950431011,766.0671578181314,776.1235754720026,27882010
2023-02-24,764.5514526367188,778.4812938723913,762.7470736219656,778.4812938723913,17061740
2023-02-27,766.4520874023438,769.3871988024864,758.94588257592,763.0839132987682,14312972
2023-02-28,769.6759643554688,772.4186559261975,764.4312238388164,766.0191009974646,18993992
2023-03-01,768.93017578125,776.1236104242643,767.8234664194171,775.6424426558673,14137256
2023-03-02,762.38623046875,772.7313372630384,761.2073929564784,766.981406050965,17391814
2023-03-03,777.51904296875,779.491819158867,764.0944498915313,767.9437922083652,14986234
2023-03-06,783.0043334960938,788.8504748967295,778.5535316356411,779.4917852900815,27004710
2023-03-08,784.568115234375,788.8745431955432,779.4917718675084,779.4917718675084,20099774
2023-03-09,784.6402587890625,791.9780672791738,782.859961535162,784.27938296168,20700166
2023-03-10,764.4071044921875,776.4844024279287,762.650830579871,774.8965254691125,27387000
2023-03-13,754.7357177734375,771.6968814107662,753.0034668384583,764.0463022356049,26443550
2023-03-14,752.71484375,761.9773239931184,750.2849815773542,755.5537455458011,33185612
2023-03-15,741.9125366210938,761.6404136039248,739.3623241507462,759.2826799733518,37264754
2023-03-16,746.7242431640625,750.1886274704333,737.1730750713688,740.5171674402086,21753342
2023-03-17,756.70849609375,759.8601097073861,740.9983568458301,749.4187927190782,22950876
2023-03-20,751.4637451171875,754.5191486294086,743.596664030981,754.4469617185391,26503114
2023-03-21,759.9803466796875,761.4479317488242,748.7931969715295,756.371588709314,33050494
2023-03-22,758.2241821289062,763.156151684689,753.1719206327385,762.1697342790129,14177324
2023-03-23,752.1373901367188,765.225129615806,749.9240302046185,754.350750068819,28364178
2023-03-24,750.9344482421875,757.3099208232004,748.1917568712191,750.6216774626521,31477748
2023-03-27,754.2064208984375,759.9804343168659,750.0924715795884,751.6802900278751,31872006
2023-03-28,760.34130859375,761.6404968520089,752.5945190205312,753.3643757274799,39276302
2023-03-29,763.9981689453125,770.8307274292553,761.1592675027767,762.1697080199377,39763612
2023-03-31,774.4635620117188,776.0994853441741,766.2115234957539,767.7512367744048,34711228
2023-04-03,774.9447631835938,777.422730170773,771.1916311425683,773.5012598964762,40025398
2023-04-05,795.7311401367188,796.8137675382653,777.5670581774376,778.8180825386323,43365392
2023-04-06,801.7938842773438,803.1652006446278,792.5314049071793,793.2291334002176,44637344
2023-04-10,797.99267578125,804.0313548734133,795.8515026694348,800.3023046039525,31813286
2023-04-11,800.3263549804688,803.2614665555587,794.4560730939902,798.2573101275717,42361542
2023-04-12,810.7195434570312,812.307361770148,802.4915867834721,802.5877968377349,26955504
2023-04-13,814.3523559570312,816.5657746530499,807.4716921966794,812.3555567321653,35330086
2023-04-17,801.938232421875,827.6085198214015,795.5146547856368,827.6085198214015,32405148
2023-04-18,798.5460205078125,807.0386434079419,797.00630713609,803.550177070361,29637226
2023-04-19,801.4811401367188,803.6945588930066,797.3671908980723,801.1443461883971,24741168
2023-04-20,804.46435546875,807.134801181368,801.8179329013308,804.368086679066,32922716
2023-04-21,805.7635498046875,806.8942823364474,800.3023072681698,803.0690219934318,20128618
2023-04-24,812.2833251953125,813.8711434821779,805.5228950106629,811.729970551708,35675852
2023-04-25,800.7353515625,812.0668172386956,799.6527240862603,812.0668172386956,50353068
2023-04-26,804.416259765625,805.955973055451,796.3326181532963,798.738456878835,27392750
2023-04-27,808.8430786132812,810.888041780507,801.5533746346158,803.7908166707235,47790392
2023-04-28,812.0186767578125,813.6546588421882,803.5501361717647,810.6232785465422,27916272
2023-05-02,811.8502807617188,817.5040017864336,809.3241500911014,812.547950500037,32221184
2023-05-03,814.689208984375,816.0605253605099,808.1934441893474,810.7435980893194,29407270
2023-05-04,831.3616943359375,834.5614130090665,811.7781309061464,811.7781309061464,56854638
2023-05-05,782.2103881835938,799.1955750303342,780.5022191249311,788.6339660930405,62770416
2023-05-08,791.2562866210938,794.0951881063704,784.3034360962322,786.7092748572636,37244524
2023-05-09,791.2803955078125,796.813824847028,789.0910586660377,793.8787132056606,43688938
2023-05-10,794.9371948242188,796.1641960299875,785.7950079560763,791.2803318242208,46340550
2023-05-11,795.466552734375,812.2112150220032,793.5659634923215,801.216542964019,35734618
2023-05-12,802.4915771484375,804.8974158390896,791.1600534209476,792.4832647008062,22478760
2023-05-15,806.3409423828125,808.7226992609494,801.1924121940802,804.5124814304968,18512260
2023-05-16,801.7174682617188,813.6412692634764,800.1113815056924,813.6412692634764,32722086
2023-05-17,797.4102172851562,803.0314612780545,791.0346460503185,803.0314612780545,30466868
2023-05-18,800.5980224609375,804.953835962047,798.1645938212387,802.0580796447568,49646942
2023-05-19,801.5227661132812,803.0314800422937,794.0521518021368,802.0581085513332,30460332
2023-05-22,798.6755981445312,804.4428118537385,794.6117249890884,800.597982910975,28334032
2023-05-23,796.8018188476562,802.8367335199955,794.9767474392801,802.5447339766307,22470074
2023-05-24,786.3868408203125,795.6095118101778,785.3160965486113,792.1053982534182,33588112
2023-05-25,783.3693237304688,788.455225154943,777.407423655138,786.3380947431477,29776930
2023-05-26,786.3868408203125,787.944211421121,779.7922252930767,787.944211421121,26635066
2023-05-29,795.9744873046875,798.6512587386072,790.7912725552128,792.5676872978805,21816292
2023-05-30,796.5828857421875,799.4543434930372,792.5920864341458,795.0498137776772,37125928
2023-05-31,783.9777221679688,795.706836766176,780.9602943063138,793.249109394473,43334270
2023-06-01,780.6439208984375,788.3822359863269,778.6971779535536,788.3822359863269,50366938
2023-06-02,781.860595703125,785.9001108734474,779.1838242892643,784.7563519232599,17859710
2023-06-05,780.8385620117188,786.7274471981615,779.8894892349321,785.754075781894,18697242
2023-06-06,778.4052124023438,783.4910548041016,774.9253973543547,782.4203699015892,32182852
2023-06-07,782.4446411132812,784.8051144822347,776.7504417142903,780.3762267164857,24949026
2023-06-08,782.9312744140625,791.350960923385,780.278861070367,780.278861070367,37395522
2023-06-09,783.8560791015625,787.7009085166137,782.1040222342899,786.4355374130215,18212578
2023-06-12,779.0865478515625,786.3868338718737,778.4294745818307,784.8051052341397,13408292
2023-06-13,780.4005126953125,783.0772840204289,773.8789124939628,773.8789124939628,27926108
2023-06-14,779.548828125,784.537356602154,778.7944415181629,783.7829699953168,20113968
2023-06-15,769.961181640625,781.5929230405386,768.4767664026215,780.6439096325554,35377476
2023-06-16,780.0355224609375,783.1746215295391,770.9101653895649,772.4432372595309,15779272
2023-06-19,780.7169189453125,785.6324328940507,777.8941179716442,784.0507042851576,24829146
2023-06-20,782.3473510742188,784.0507512165266,774.1467079853705,780.7169656771292,20005626
2023-06-21,796.023193359375,796.8262367213268,784.0507359035319,786.4841646307309,24308946
2023-06-22,799.9166870117188,806.7059888717916,797.7023024946114,798.1646301932708,56596140
2023-06-23,799.8680419921875,807.8497002925832,795.2688853504051,796.9722855006775,21339218
2023-06-26,795.9988403320312,803.3964393933287,792.6649956756461,800.5979965482512,16130314
2023-06-27,807.2169799804688,814.1766100290189,797.4589662553369,799.6003360457688,33831864
2023-06-28,815.75830078125,817.5833722744769,808.1416572008739,812.7651716503821,59562950
2023-06-30,828.047119140625,831.6486054517263,819.2137611926184,829.3124901661796,40699016
2023-07-03,837.0021362304688,855.3501643562647,832.232592346636,833.4493066629323,44104116
2023-07-04,841.09033203125,850.2400483591142,834.0821044038221,838.7785746015386,38795188
2023-07-05,814.3712158203125,837.0994145323269,812.0594587162262,835.274343134364,37165754
2023-07-06,815.1986083984375,821.4525082286525,808.0930085295972,814.2252369257229,52156544
2023-07-07,808.093017578125,815.1986175265295,806.0976179186929,810.3317601084606,19926336
2023-07-10,806.1705932617188,816.0503378295722,802.8854644229833,808.3850372058562,38398442
2023-07-11,802.2528076171875,815.6853225262156,800.841407050649,809.3584077333511,50670426
2023-07-12,794.7334594726562,810.9644765133695,791.9107178120092,805.6352319869237,70958358
2023-07-13,798.699951171875,806.6572510904781,797.2155953198356,806.2922367876993,41913546
2023-07-14,800.354736328125,804.7835648843277,795.7312215849707,804.7835648843277,24727214
2023-07-17,817.0966796875,818.6053935606003,794.7577929158504,803.0314502823962,49252928
2023-07-18,816.4153442382812,829.3125165913748,812.7652011194812,826.3924020963348,81076818
2023-07-19,820.1140747070312,821.8904894232893,815.1985609379775,818.1673318749405,32935134
2023-07-20,821.8905029296875,823.4722315067543,817.6320029145078,818.1917033699069,56210948
2023-07-21,815.5636596679688,822.4016183376864,814.3469452719253,817.6320741412428,42154248
2023-07-24,816.8533325195312,819.8951183000274,812.813817239081,816.9019892100436,32179444
2023-07-25,825.7110595703125,826.879117291901,816.853402383876,819.8951884245319,55992596
2023-07-26,822.8395385742188,827.1710534459679,821.5255108693627,827.1710534459679,24794358
2023-07-27,814.2982788085938,828.8258366410838,811.5241343729674,827.317122690067,59741302
2023-07-28,799.8680419921875,812.2298721075693,798.6999842928814,808.6283856221597,41015684
2023-07-31,803.6154174804688,806.3409049738307,797.531846128994,803.0557764440342,34565006
2023-08-01,808.993408203125,811.5241504025686,803.0315076162769,805.1972354940766,35394188
2023-08-02,798.407958984375,803.7615021412346,794.830830666086,799.1379875966741,28116322
2023-08-03,792.6407470703125,803.6884896703888,789.8909607409018,798.1646183703506,57673946
2023-08-04,804.1021118164062,806.1948841477191,792.932698459204,795.8041560498854,37388304
2023-08-07,803.6398315429688,809.4070457041624,801.8391180613743,809.4070457041624,28300918
2023-08-08,802.9828491210938,805.7569341954113,799.1623777784342,803.8588478451442,43773828
2023-08-09,803.2747802734375,805.221523152016,793.8330654303563,804.4914945725491,33361236
2023-08-10,796.1448364257812,805.099865704745,793.7844225264857,801.5957522263969,50781118
2023-08-11,787.8468627929688,797.385890968424,786.5814324003055,797.385890968424,28225822
2023-08-14,784.0020751953125,785.9974748594191,778.8188601509507,784.0507318876311,31304410
2023-08-16,781.714599609375,783.3937010320665,769.5961724006356,770.4721710730195,34137542
2023-08-17,777.3831787109375,783.5154073300141,775.7770919586137,777.5291487912239,52884040
2023-08-18,774.1953125,776.8964420218484,771.6402124587459,772.6379419530916,25633366
2023-08-21,773.5869140625,778.940456720372,772.3701998220746,778.940456720372,21837270
2023-08-22,770.2775268554688,777.723842730673,768.9634990703776,776.9207993465027,32273570
2023-08-23,772.175537109375,774.0979813135489,765.678294750184,768.9634232990884,36498588
2023-08-24,768.622802734375,776.8477441031978,767.0897307917666,775.4364030038525,43145792
2023-08-25,759.9597778320312,767.746749618975,758.4510639302869,766.3110504597091,30069756
2023-08-28,767.868408203125,770.2531801549441,759.9597651143588,759.9597651143588,28867238
2023-08-29,773.976318359375,775.1200179106506,769.669102242421,773.6842594017068,35538932
2023-08-30,768.3307495117188,780.6195643753474,765.8973208258516,780.6195643753474,28084204
2023-08-31,764.80224609375,770.4965046276685,760.7384322394234,768.4767470204652,100075772
2023-09-01,766.384033203125,768.4768057096691,758.9134187598048,764.5833196769412,43226776
2023-09-04,771.177978515625,774.5360628786551,766.481448844147,773.830392259731,25073638
2023-09-05,766.4813842773438,773.0516417713671,764.38861183011,773.0516417713671,38712082
2023-09-06,776.507080078125,778.6971658570981,766.4813659496907,767.4060807161218,56320910
2023-09-07,783.9777221679688,785.510794150052,772.4432937501639,776.5071078478363,34208342
2023-09-08,790.0856323242188,794.7091467964383,782.3959739643648,782.7366896240351,34502210
2023-09-11,794.173828125,796.4612273788786,790.3776555229446,792.762427572447,31573022
2023-09-12,796.6558837890625,799.5759981707856,790.8886697671352,798.164597670977,39033340
2023-09-13,800.0626831054688,803.8101394610018,792.6163676755281,793.9304547919241,46420094
2023-09-14,799.5759887695312,803.0314455319658,795.7798163539742,800.2330026157181,23538848
2023-09-15,808.7500610351562,812.7652185519548,803.0315033597159,803.0315033597159,173411202
2023-09-18,792.83544921875,805.4649207376626,791.3996906023217,804.8565635467733,37056288
2023-09-20,761.030517578125,778.2105490861316,759.4244901771611,778.2105490861316,115474648
2023-09-21,755.9932861328125,763.5855718328563,748.0603441770149,755.8229580049356,72841442
2023-09-22,744.4588623046875,761.3711919566923,741.5874045249608,758.7430770496563,61704250
2023-09-25,745.1158447265625,749.8366724935371,742.195730377536,742.195730377536,40208754
2023-09-26,748.352294921875,749.4959944600172,742.1957087996923,742.1957087996923,27575308
2023-09-27,743.0960693359375,745.8458554975613,737.3288555163493,741.2223412220462,39338538
2023-09-28,741.5630493164062,748.3279930851168,738.9592924506106,746.5759362770035,55354188
2023-09-29,742.8284301757812,747.2815569377753,740.8816873168103,741.5629997895483,32053782
2023-10-03,733.9464111328125,743.1690816035621,732.9486816600946,743.1690816035621,38971694
2023-10-04,744.41015625,747.0625696224938,724.7966982477518,727.5951410981291,54649430
2023-10-05,747.4276123046875,755.1172706279191,745.8945403681716,747.0869560565192,48512674
2023-10-06,746.600341796875,751.9295273041055,744.5562258825445,751.4428415259151,17759356
2023-10-09,737.937255859375,744.6291848078113,735.8688414571311,743.6558133244023,16454972
2023-10-10,742.1227416992188,744.1424994102023,737.426212407623,740.0300286548502,33266292
2023-10-11,749.3013305664062,750.5424029295025,743.8991308991633,744.6778161774354,31333360
2023-10-12,754.2899169921875,755.3363032633498,745.4079018281694,747.5979877590232,22025336
2023-10-13,747.4276123046875,753.7788848660191,744.6048112974557,749.4960266639874,39745300
2023-10-16,744.4345092773438,746.794923276397,740.0056808464606,745.3592240817852,17856084
2023-10-17,750.0800170898438,757.1613181665532,747.0625893528261,757.1613181665532,32902558
2023-10-18,739.6406860351562,750.0800718553149,738.8376426467095,750.0800718553149,31216200
2023-10-19,737.3045654296875,742.8041382598725,731.5860077723223,732.6567520860139,30252364
2023-10-20,741.125,743.1690561547468,732.4619708663353,732.4619708663353,21094010
2023-10-23,732.9730834960938,744.0208260452915,730.0772676931944,741.4657259067877,22376136
2023-10-25,728.3252563476562,741.1251158897211,725.8674694399969,740.2490577379119,28311996
2023-10-26,712.2159423828125,726.1351430280494,710.6828703798318,725.7701287135245,55561798
2023-10-27,715.014404296875,719.3215614397575,713.9193613244532,715.1847324328306,31940532
2023-10-30,722.7770385742188,725.1374527205985,711.485952264384,712.1429661841146,23310982
2023-10-31,718.5914916992188,731.9753494856925,717.3747773549939,731.9753494856925,32634824
2023-11-01,717.6181030273438,719.053802155173,711.6562028835086,711.6562028835086,33877466
2023-11-02,718.713134765625,725.4050633947277,714.0409637501907,722.7282919430866,45225154
2023-11-03,722.1199951171875,725.84315305655,721.0979669049797,724.188409593513,18095340
2023-11-06,727.351806640625,729.0552066561768,721.7549208752405,729.0552066561768,25593730
2023-11-07,723.8233642578125,727.1084929912065,718.9321488241404,727.1084929912065,41952848
2023-11-08,725.9161376953125,726.8407930714139,720.7815793854345,722.2172785513859,31399546
2023-11-09,723.044677734375,726.4271198457463,721.9982915168673,723.2150058605088,22116740
2023-11-10,725.8917236328125,728.0818092890966,720.3191961157734,720.3434947549177,14015186
2023-11-13,724.5776977539062,728.0574529993991,723.1662973344708,726.1837249264701,20605914
2023-11-15,732.1700439453125,735.3577999173147,730.2963157159859,732.0240144584016,41245460
2023-11-16,734.0924072265625,739.2756221207742,731.8536647558356,734.7494210785321,29713838
2023-11-17,732.5106811523438,733.6787387876133,724.6750527726409,725.16173850318,23701874
2023-11-20,732.559326171875,736.3554985735485,730.7829708116128,736.3554985735485,19331452
2023-11-21,738.7645874023438,740.7356883923068,735.9174877356371,739.2756311878541,24959972
2023-11-22,736.1365356445312,739.7623206231069,731.7563640092628,739.7623206231069,29123650
2023-11-23,740.39501953125,741.6360324879696,734.1654184677379,734.1654184677379,13046220
2023-11-24,745.6512451171875,746.1622889319527,739.6893445243804,740.3463584220192,16469192
2023-11-28,743.97216796875,748.1576534487249,742.5851254924052,747.1599239182611,28489338
2023-11-29,758.8161010742188,760.6898293348779,746.0892567948611,746.5272858530379,34042488
2023-11-30,758.645751953125,765.2889647471237,750.542422535641,763.6829374580863,69491440
2023-12-01,756.9910278320312,762.028213465217,755.3849410922298,758.2077422076743,22153536
2023-12-04,783.2720336914062,784.5374047202694,765.873018667368,772.8569470817542,50662456
2023-12-05,790.2315673828125,797.6778825457567,786.7274540178253,796.4611682648754,52230820
2023-12-06,792.2271118164062,797.4102676843459,786.8005536561491,797.4102676843459,38613060
2023-12-07,793.5167236328125,795.2444817359088,786.5814519897668,790.86431017188,20450386
2023-12-08,804.5888671875,805.4649253113081,793.5167662504412,793.5167662504412,33728038
2023-12-11,803.5181274414062,809.6990123500813,801.5713845523902,803.0557997692163,23187620
2023-12-12,795.5364379882812,806.0731953368484,794.1980523054578,805.0754658820659,36581476
2023-12-13,793.7357788085938,796.2178641804811,786.0461204150259,794.4901060535459,29346914
2023-12-14,803.1044921875,807.3872910879392,800.5980487244109,801.0847344683164,35172366
2023-12-15,806.2192993164062,811.7918273650013,801.3767404796611,803.0314839042278,138837130
2023-12-18,805.8055419921875,810.1857135762941,803.4937847672423,808.2389706500245,18014754
2023-12-19,804.44287109375,807.2413140972394,800.135714179051,803.0314705665357,24008446
2023-12-20,806.438232421875,812.2541029714071,800.3303029144753,806.9249181384845,34232520
2023-12-21,820.8927612304688,822.3771764061897,803.1530909094922,806.438219443738,36589240
2023-12-22,813.1788330078125,820.5034769444852,811.3537615362043,819.3840760112807,48578850
2023-12-26,818.824462890625,820.5278631124984,812.0595781088068,814.3469774999401,18045856
2023-12-27,828.9718627929688,830.5292334309963,816.9506891067552,818.3620896655261,27009078
2023-12-28,829.9208374023438,837.7808237889657,828.3391087868577,831.8919383640549,44076470
2023-12-29,831.8676147460938,834.6174011041943,825.4190285852712,825.9057143332578,25011426
2024-01-01,826.4410400390625,831.8189412093673,823.4722689184366,830.285869252277,14239686
2024-01-02,826.927734375,828.7285072707376,821.8661907638304,826.781764297971,29242092
2024-01-03,814.1765747070312,829.6531453722021,812.2541304155426,828.3391176569097,28389762
2024-01-04,822.91259765625,824.9079973714623,813.1058678027235,816.6586975811834,26734056
2024-01-05,818.7027587890625,829.7505611476026,811.8405014795056,821.1118889384027,31889470
2024-01-08,809.577392578125,818.7757651976441,807.8983504931613,816.9020369293803,17998470
2024-01-09,803.2747802734375,816.5613241836867,801.4497088247701,811.3781093874959,25326888
2024-01-10,805.9271850585938,807.8739279163432,798.8459435594566,799.6246288205809,16115824
2024-01-11,802.5447998046875,809.309743595266,799.6246853117656,807.8983430417109,18314010
2024-01-12,798.7485961914062,805.95156875827,795.0497965259408,804.0048258385641,19773552
2024-01-15,814.1278686523438,818.0700109690749,799.9166104629336,801.9120099654888,28320356
2024-01-16,817.2183837890625,819.4084696501124,806.9736250528656,814.2252545636514,25322500
2024-01-17,748.279296875,777.1397839265529,743.8504686909188,764.0965828252033,170145236
2024-01-18,723.2880249023438,737.32889662945,720.3192537681881,727.1084960821111,161070930
2024-01-19,715.744384765625,735.0171279009493,714.6493418669147,732.924355486129,109600538
2024-01-23,694.6708374023438,717.7153939258839,693.527137863982,712.9945662952517,115469402
2024-01-24,708.5657348632812,709.8067477739886,671.7479491345199,671.7479491345199,86004404
2024-01-25,698.3453979492188,709.27146932584,690.8017687875753,706.9110553088505,98941852
2024-01-29,707.9574584960938,711.923959354735,703.6503013666003,704.7453443356181,65645498
2024-01-30,702.9202270507812,712.1185398649957,701.2654836786888,707.90875580775,41728768
2024-01-31,711.80224609375,717.8371016849802,699.2700884068386,700.5841161285045,65761040
2024-02-01,713.651611328125,717.1800828855794,708.6387839338071,713.0189555223712,32690740
2024-02-02,703.820556640625,720.7085271394582,701.8251570967384,717.8614275967279,44867754
2024-02-05,703.1878662109375,706.6190243767684,697.9316959646247,703.7475666832909,38605046
2024-02-06,702.8228149414062,705.5482430083341,697.2259293320517,703.5285448598157,41075740
2024-02-07,695.9362182617188,707.5437201567751,694.330191039234,707.1543478186637,54837086
2024-02-08,682.844482421875,700.3164537570308,681.6034099643059,695.8876252029665,69106124
2024-02-09,683.1121215820312,688.2709787615526,675.0331498393979,677.5395933880455,56642124
2024-02-12,676.4932250976562,688.0033555217624,673.2567528222265,681.1897546934406,34447812
2024-02-13,678.6588745117188,683.4770749934498,673.7433606505093,677.4421602188512,57580994
2024-02-14,673.597412109375,677.2231970540489,663.6203545889955,669.6795681971766,91320810
2024-02-15,688.197998046875,688.903668609651,673.7433958465795,674.0597534612269,41584944
2024-02-16,691.0451049804688,694.8412181662663,685.4725175238648,692.9918479710976,32175742
2024-02-19,689.682373046875,695.4739454261017,688.7576582283627,695.4739454261017,34451756
2024-02-20,707.787109375,709.222808572302,687.102965017942,688.6603356526384,56133508
2024-02-21,700.4137573242188,712.507885437546,698.3939997287421,712.507885437546,45893136
2024-02-22,690.8748168945312,695.3766603212918,687.2976289140083,689.9987587340186,50560882
2024-02-23,691.3858032226562,697.8587478235042,690.1204320838871,692.3348761341468,29833452
2024-02-26,692.213134765625,698.3210050066913,687.9546346452112,687.9546346452112,23506870
2024-02-27,691.1668090820312,694.3545652339111,687.7113519923358,687.9546948776648,32087150
2024-02-28,685.9348754882812,693.1377886016653,683.3067606806109,691.1667470533215,25321986
2024-02-29,683.0147705078125,686.4215706434694,680.0459994144303,682.3820552900959,53295700
2024-03-01,696.3256225585938,697.2989940386686,681.360036052442,681.360036052442,34738898
2024-03-04,697.274658203125,699.3674307159147,693.186545384466,696.422958130924,35616474
2024-03-05,701.2410888671875,702.2874750189414,691.8967470591605,692.067075174591,37991672
2024-03-06,702.0928344726562,707.0813632922424,697.6883641851937,697.6883641851937,42409530
2024-03-07,703.7962646484375,706.205394802925,701.5088653436588,703.5042650748312,49348046
2024-03-11,694.889892578125,703.7231908402335,692.553777365576,695.9605773947812,50531094
2024-03-12,710.3421630859375,712.5078907659129,695.5955620745772,697.9073192338245,65418454
2024-03-13,710.755859375,716.2067158438075,705.7429725398497,713.2379447418698,63067454
2024-03-14,708.3466796875,713.4812375965001,702.9201816497791,711.5831514808099,52432158
2024-03-15,706.9840698242188,710.2205419583659,701.9225261192986,705.6943406988961,143613804
2024-03-18,703.7719116210938,708.6144107880084,698.7833829737194,704.2342392927528,21437856
2024-03-19,705.3779907226562,706.8624060469253,698.6374048635253,698.6374048635253,36183594
2024-03-20,696.4716796875,706.4973944482159,693.3568789456579,705.2320233558721,43606094
2024-03-21,703.6258544921875,706.3026258563286,700.000069771983,702.0927826471133,28922860
2024-03-22,702.2144775390625,706.0593065998343,699.7323922549797,701.3141208411934,45980326
2024-03-26,693.7218627929688,699.8297331586394,692.1401341445468,694.5978614753975,56844290
2024-03-27,701.1680908203125,704.6965622791422,691.7020773602309,692.8214782766382,62168668
2024-03-28,704.6723022460938,710.8045307526719,701.1681292352769,701.1681292352769,55592142
2024-04-01,715.67138671875,717.2774734382766,708.4197572494843,709.5878149173326,25199570
2024-04-02,720.367919921875,727.5221766350272,712.1429189199621,713.0676337207477,41225446
2024-04-03,721.414306640625,727.9115494819865,716.109420115624,716.450076374618,45584386
2024-04-04,743.4611206054688,744.62917825726,731.9753490842609,731.9753490842609,88935066
2024-04-05,754.1439208984375,756.5529915753328,744.7022055513205,749.0093625181328,59055902
2024-04-08,752.7081909179688,757.8914061879058,750.2504634550537,756.7720051664586,20482940
2024-04-09,753.6572265625,756.7233110790663,749.6420692068525,756.7233110790663,21884494
2024-04-10,747.7196655273438,754.3142814277871,746.0649220391629,754.3142814277871,27807400
2024-04-12,739.2512817382812,744.5561681914903,736.5745101656407,740.2490112702176,41084208
2024-04-15,727.4490966796875,734.8954117012732,726.1594270943376,728.8361984614614,23415248
2024-04-16,734.5304565429688,736.3068713842836,721.3899415012858,723.7016987771374,20744886
2024-04-18,727.4490966796875,739.2025682918519,725.6727413912242,734.7980983246009,34234884
2024-04-19,745.2619018554688,747.0382572891224,720.4165709168466,723.4827148610226,34576434
2024-04-22,735.9661254882812,757.9643557818745,734.0680986992392,757.9643557818745,42298438
2024-04-23,733.7274169921875,742.9257894510552,731.6103458842442,742.8284760660457,26827060
2024-04-24,735.7227783203125,740.613993564681,734.4331086916868,737.3288649584306,22441580
2024-04-25,735.260498046875,739.616311752735,733.0704121681982,733.0704121681982,35445204
2024-04-26,734.7981567382812,743.6558134751455,732.729742335618,739.6650141563123,24854694
2024-04-29,744.3858642578125,746.7949349875348,733.216449914726,737.3289207914913,36093350
2024-04-30,739.8109741210938,749.2526892649995,737.2802320622603,744.2398024289921,52307382
2024-05-02,745.7242431640625,748.0360004850149,739.9326708359107,740.7357142083232,33475006
2024-05-03,739.567626953125,749.7880273318675,733.5327119903678,746.2108990812835,31865242
2024-05-06,741.0520629882812,746.819277196089,738.3752913854279,740.7357053714223,28793396
2024-05-07,733.021728515625,741.7334150168236,732.0483570497901,740.7113274497933,28480602
2024-05-08,721.5845947265625,728.5441648774708,720.465193806477,728.0574791574124,41687862
2024-05-09,704.4776000976562,723.5800151607533,703.4069152466064,717.83709973452,46281278
2024-05-10,709.3616333007812,716.2929072582592,703.8856637079383,709.9042861034679,27276608
2024-05-13,717.9208984375,720.1655815796556,705.6122976051453,706.4509373389452,27047202
2024-05-14,720.7328491210938,722.9775322143812,715.4789152317669,716.4408878596623,25665142
2024-05-15,709.6575317382812,720.1161379403006,708.3255604595557,720.1161379403006,38931996
2024-05-16,720.3875122070312,721.5221990437014,708.1775543730138,713.3822271543565,34945236
2024-05-17,722.286865234375,724.210870736283,713.4562165510583,713.4562165510583,20920190
2024-05-21,719.6722412109375,725.0495080646152,715.380219686854,715.380219686854,43769978
2024-05-22,719.8695678710938,723.0269026870767,714.4182889056816,719.2035821431577,39996278
2024-05-23,736.3468017578125,737.8514873644924,718.808897899437,719.5982164877166,40861920
2024-05-24,748.4827270507812,749.814758588212,733.0908042399884,733.8308016870678,31060206
2024-05-27,753.6627807617188,762.1974428837648,749.3955099218479,751.5168000055969,29385440
2024-05-28,755.0441284179688,757.7821433020647,752.2321619595608,754.8467837037828,27908904
2024-05-29,744.0921630859375,751.763434227272,740.6141508121484,748.8774560751649,35147706
2024-05-30,747.3234252929688,751.6400771573121,738.8381451452329,739.6027730570852,33755350
2024-05-31,755.5620727539062,757.7573743920395,746.9040786650703,749.370736784836,74079588
2024-06-03,775.6160278320312,788.8373406823981,764.6640888415991,788.8373406823981,72637256
2024-06-04,731.684814453125,769.1040063078372,717.304185485308,768.1173430540747,89531240
2024-06-05,765.5520629882812,769.4000136473305,731.2901444599279,737.062160780223,81631650
2024-06-06,769.4493408203125,772.2859977724349,762.9867083301413,772.0147015010076,46422870
2024-06-07,776.183349609375,781.6099978301712,765.6754214599775,770.1154063679018,36712216
2024-06-10,770.2387084960938,779.7846636223554,768.4133453075493,776.5039961939522,22454058
2024-06-11,771.9653930664062,775.0240252200629,765.7493660748642,767.6240504407497,29545326
2024-06-12,776.5780029296875,783.5586575880445,772.7546827700062,776.9973227739393,39280436
2024-06-13,779.8340454101562,782.2760131134276,776.5040566032491,780.3273770852536,24120192
2024-06-14,787.80126953125,788.8372538804852,778.3292663726063,781.4372796414563,25540554
2024-06-18,793.1786499023438,794.5106212671108,784.1259659599784,787.8013228802739,32415714
2024-06-19,817.869873046875,823.8145435842582,791.3039754417663,795.941305047812,90131196
2024-06-20,823.5431518554688,829.5124525875813,814.983860042712,823.7651872236406,41408742
2024-06-21,821.7671508789062,825.2697933574087,810.6178682451445,825.2697933574087,51630776
2024-06-24,825.0478515625,826.3798229097616,811.9005512360641,812.5172157896385,28544994
2024-06-25,844.2631225585938,847.025767804676,824.4065232844747,824.4065232844747,74521548
2024-06-26,839.40380859375,844.041138181783,834.2731473521208,842.5857736709851,47596666
2024-06-27,836.7644653320312,845.0770913433391,832.0531241260426,836.7397746618053,55074650
2024-06-28,830.6718139648438,841.9197388781129,828.3037980772367,837.4797542547091,26476046
2024-07-01,841.2291259765625,842.2651706437105,828.7971921822882,828.7971921822882,21187024
2024-07-02,853.7597045898438,855.8810546817267,840.0204307746837,846.0637432263002,45921690
2024-07-03,872.5310668945312,885.0370126375711,870.5577402219837,883.5570176331604,123217802
2024-07-04,852.0578002929688,868.1404005851939,850.9231133709549,868.1404005851939,45848658
2024-07-05,813.0598754882812,831.2638253093144,810.1492067263514,831.2638253093144,82242548
2024-07-08,806.7698974609375,816.4391857049037,802.7246020410699,811.678583484828,39087800
2024-07-09,807.3372192382812,812.3691778178521,799.369901303005,801.6639054458949,48550878
2024-07-10,802.2066040039062,809.0639261539534,799.5672916548901,804.1059188594888,45507182
2024-07-11,800.1345825195312,802.0832183690328,789.8239394111588,801.1458762280633,44177074
2024-07-12,800.5292358398438,808.2745787950348,794.8312914757237,800.1839277769812,56049960
2024-07-15,800.2332763671875,804.031966294815,796.8292758573642,800.9239527377698,33375694
2024-07-16,799.073974609375,802.6506292263948,797.6186702674619,799.5673062806881,28950324
2024-07-18,796.6319580078125,801.1458943462288,788.9113057816174,793.2772787604164,33717064
2024-07-19,792.9320068359375,800.6772898644657,791.0573224261681,797.2239682199486,26002152
2024-07-22,810.3218994140625,814.4905276323838,795.5712715150735,797.7172520784763,53744822
2024-07-23,798.407958984375,812.9119216218081,791.7973027922226,812.7885887086006,52002152
2024-07-24,791.3286743164062,799.6906218755655,783.4353677463822,793.3513220807449,61728206
2024-07-25,797.5199584960938,801.6639565310072,785.8773432331659,785.8773432331659,25535732
2024-07-26,798.2846069335938,800.0605887969758,787.5792741911353,791.7972838101718,43810540
2024-07-29,791.822021484375,805.0432741154053,788.4920327099303,796.7306475152811,51001148
2024-07-30,797.001953125,806.4738965011826,788.8372904146756,790.3172853310259,54595834
2024-07-31,797.1005859375,803.0945773220608,793.8692396532248,796.237255579839,37820484
2024-08-01,808.471923828125,814.0219048337823,798.1859108540549,800.627938629233,26215174
2024-08-02,818.5111694335938,824.1104712768188,804.6238722852388,804.6238722852388,44119238
2024-08-05,797.1005859375,812.02386783421,789.8239443515008,809.1131991555811,41333634
2024-08-06,789.922607421875,805.5858871810888,786.0253355957136,804.1305829139676,45116050
2024-08-07,800.9238891601562,804.130544706532,790.415901512036,797.7172336137804,42346264
2024-08-08,810.3958740234375,815.6252376687839,798.8272709671206,801.1705962949537,33976950
2024-08-09,814.0958251953125,820.1885189537674,811.9252142176729,814.9838462106346,26644618
2024-08-12,818.9798583984375,826.7991529902637,812.6898798741655,814.9838840860709,39316196
2024-08-13,790.9092407226562,805.314560371115,789.8979470194763,803.1438891669751,54055042
2024-08-14,793.1786499023438,796.0892584565494,790.9092761384464,792.5372946697382,32334428
2024-08-16,805.1666259765625,806.1779800129083,794.757339532809,803.3906439659711,27849246
2024-08-19,804.895263671875,807.9045746403995,801.0225621096914,807.9045746403995,19502164
2024-08-20,807.9292602539062,812.0239372458545,802.8726105839366,802.8726105839366,31134494
2024-08-21,802.0586547851562,806.3753069063249,798.1120014172305,803.1932814957441,47630904
2024-08-22,804.77197265625,808.2252943260683,803.1439540663039,805.1172807347715,21300638
2024-08-23,801.6885986328125,806.1038926835937,800.6772446912317,806.1038926835937,20333422
2024-08-26,809.0392456054688,812.9858989531632,805.2159251748899,805.2159251748899,22364266
2024-08-27,807.9539184570312,812.714580974844,805.2159036816922,810.7412543536698,35773244
2024-08-28,807.6332397460938,808.9405806750858,804.2292392849356,807.9539173658313,26921188
2024-08-29,808.3485717773438,811.2345497877237,804.6979056469421,810.0505418236547,49052604
2024-08-30,807.5346069335938,819.9172195651064,799.7646332824804,816.9572296027775,445342100
2024-09-02,802.6258544921875,812.4185353190471,800.7758609185206,812.4185353190471,34049680
2024-09-03,807.756591796875,809.0392420850643,801.466613051357,806.1039427589494,37282860
2024-09-04,809.951904296875,811.4318992052836,805.1172301742814,808.5705516272349,24682744
2024-09-05,811.7525024414062,813.947864316631,810.0505324148638,812.0238589250097,22876318
2024-09-06,807.5592041015625,812.8872099026286,806.1532209716318,808.2252499925564,26029602
2024-09-09,812.2705688476562,813.2572321563082,804.1799176724811,808.0772497858858,23792914
2024-09-10,814.1698608398438,815.9705333718649,808.0772271240113,815.9705333718649,26606646
2024-09-11,810.9879150390625,815.2305552034559,808.6692201411954,814.1945707781381,22226684
2024-09-12,822.1865234375,823.8638631072175,812.541925723635,815.970556634334,32424046
2024-09-13,821.8658447265625,825.8371886289187,817.4752411837702,825.8371886289187,23860532
2024-09-16,824.3324584960938,827.7118283198007,820.9285184448568,822.383822656841,15172820
2024-09-17,823.2718505859375,827.8104775064535,820.9778464556504,827.8104775064535,20127122
2024-09-18,836.0984497070312,838.1210972952287,824.4064542356848,824.7764529489335,40917342
2024-09-19,842.8571166992188,848.0370989791965,838.2444778560398,838.2691083056365,30651776
2024-09-20,858.989013671875,860.8390072921377,842.3884524296358,846.8037464482039,60623386
2024-09-23,868.1651000976562,871.3963864151646,858.5204418257773,862.8370939539058,26965350
2024-09-24,872.2350463867188,878.9443447710721,865.4270455398441,870.7303607683197,33039036
2024-09-25,877.686279296875,882.0769427901153,868.3376691203036,868.3376691203036,31965312
2024-09-26,879.8323364257812,882.0770195965482,872.2350769395101,874.7017352717152,31899644
2024-09-27,864.6376953125,877.2422823547212,863.3303544458242,876.6503084858455,35613502
2024-09-30,854.47509765625,864.0456833682003,850.701098537286,862.738402689165,26383534
2024-10-01,851.5890502929688,859.3837142697525,848.5797393423385,850.5037447767241,24572284
2024-10-03,829.7838134765625,851.5644172954591,825.5164827720641,846.3844351066934,48473398
2024-10-04,817.771240234375,834.0511850540141,815.4772359655595,826.083866681385,48683232
2024-10-07,798.1119384765625,818.4371776300311,795.7439225540929,815.0824984433904,94458296
2024-10-08,814.5152587890625,817.3519158252083,800.1839500223357,804.1306032900168,29734406
2024-10-09,805.6845703125,817.3271848335777,803.4892084079638,813.7505304861846,41125642
2024-10-10,820.114501953125,821.6191272702827,805.363874384187,808.5705299330368,21754766
2024-10-11,814.4905395507812,821.1258260358886,810.6672193318118,821.1258260358886,23672594
2024-10-14,832.7931518554688,834.741848018609,815.9705545228965,816.9819085005773,18527508
2024-10-15,830.81982421875,837.6771462351046,826.5771840500105,835.7038196244212,19651130
2024-10-16,838.565185546875,842.585790426718,828.8465156450762,828.8465156450762,20470682
2024-10-17,825.4178466796875,837.5044718768119,821.4958240034423,836.1724403142362,14695732
2024-10-18,829.7098388671875,834.2238355924767,816.0198853262701,820.4598702584595,24809724
2024-10-21,852.8223876953125,862.4177242903107,844.1151323678729,846.063768270474,46548354
2024-10-22,845.841796875,858.3970631644344,843.9424218629189,853.4884373802005,38875280
2024-10-23,856.3251342773438,861.603759041874,841.1551854708522,841.1551854708522,38036090
2024-10-24,863.15771484375,872.5310159915173,857.4597103207274,857.4597103207274,30832258
2024-10-25,860.0744018554688,867.2030200365818,852.8223905419693,865.7970368926951,26130478
2024-10-28,855.5357055664062,863.8237012026692,852.9210840084185,859.383716444917,22012142
2024-10-29,864.2430419921875,870.2370336046123,851.0464203091243,851.5644426318723,35794926
2024-10-30,855.7330322265625,865.6736766021975,850.6023712370916,859.3836983279829,32715724
2024-10-31,856.2757568359375,857.8544543150349,848.2344867353692,852.4771270596069,22895912
2024-11-01,857.0650634765625,860.4196824223525,851.5397130969706,854.9437133825962,1759692
2024-11-04,845.6197509765625,860.8637106769045,844.0411138190809,860.8637106769045,28089248
2024-11-05,867.2030029296875,869.5956493162819,837.6277954866241,840.1437747820238,44232406
2024-11-06,865.9203491210938,873.9369881601011,861.0363539084846,873.9369881601011,27787910
2024-11-07,861.62841796875,868.7323455565536,857.4104082699865,860.5184217555121,18895456
2024-11-08,865.525634765625,869.15167034177,861.2829948869464,864.3169963876733,19902986
2024-11-11,871.3717041015625,879.5116762015548,863.9223481240455,865.5750573030832,24565362
2024-11-12,847.6424560546875,875.6637191561447,842.931174712482,874.1837241378527,31395406
2024-11-13,829.463134765625,853.1677439816382,825.3438276461692,846.9270867373347,35728500
2024-11-14,835.087158203125,841.05645917869,824.8998474928816,825.39317914741,27146470
2024-11-18,841.1797485351562,847.987749103584,836.1971111266544,838.6637692715708,27081968
2024-11-19,859.507080078125,865.1803941380466,839.9957889401087,845.5704607570133,50981272
2024-11-21,858.989013671875,867.7703408111802,855.5356922473849,863.0343691875372,35716512
2024-11-22,861.15966796875,865.4516892160756,853.2417315623627,860.148374275574,24773612
2024-11-25,880.8929443359375,889.7482832055338,870.6810037082952,880.6216480727867,427737274
2024-11-26,880.8683471679688,892.9302818593218,873.0983737208503,892.9302818593218,30935566
2024-11-27,894.06494140625,896.5562300169572,880.6709755435701,883.0143007972586,32714976
2024-11-28,884.6176147460938,905.8061839354122,882.07694483503,897.3702251985009,35722392
2024-11-29,886.04833984375,890.2662893460416,879.561016559754,888.6383310231244,27669536
2024-12-02,890.3156127929688,892.0176431336934,875.6636867426915,889.7236388960249,15110876
2024-12-03,900.9715576171875,906.4475265301775,895.9395389832724,899.1955156163089,43410242
2024-12-04,917.6461791992188,920.0635162996781,903.3642521901575,906.7435619082082,44669084
2024-12-05,920.4335327148438,927.4388181075851,905.3622266087298,917.596875706611,39682714
2024-12-06,915.5494995117188,919.6688066050771,909.7035317020062,916.1168429341786,17783156
2024-12-09,922.5302124023438,927.4635290462065,912.1702474502318,914.4642517338581,26947912
2024-12-10,921.5928344726562,926.3288062229569,916.881553393078,926.3288062229569,13325480
2024-12-11,919.1261596679688,923.4675021564423,915.9935158212785,918.4354833328279,14045426
2024-12-12,917.2268676757812,921.864197216933,912.0221946944998,913.1568815747593,17293790
2024-12-13,923.3934936523438,924.9968214762359,902.4268990322158,918.8301759997277,19009002
2024-12-16,920.1621704101562,922.5054957499956,915.2535445762154,920.1128492893367,13107082
2024-12-17,904.4002685546875,918.7562078618506,901.0702798391582,915.7962178924912,21079532
2024-12-18,893.275634765625,905.7569501607671,891.5243434620028,902.7229483325016,23422312
2024-12-19,884.790283203125,888.5395915672278,877.6369745293333,887.7995941182149,25380770
2024-12-20,873.93701171875,886.7883251977108,871.7417099804251,879.2156362475025,25692348
2024-12-23,888.4902954101562,890.956953642833,878.7716860618692,879.1169941259847,11044592
2024-12-24,887.0596313476562,892.2889348142179,882.8416818560752,889.0083275055933,14485834
2024-12-26,883.4336547851562,893.916952377888,878.5003382709294,887.2816657547127,10481678
2024-12-27,887.1336669921875,890.9322967259654,882.6196702111419,885.4316968356189,7259330
2024-12-30,877.0943603515625,895.3969526845203,873.6903598921683,884.1489668763874,22222218
2024-12-31,874.6029663085938,879.0183205202264,871.0263119988338,873.3450067875037,14117236
2025-01-01,879.4869995117188,885.0369805772112,868.80635723923,874.8989910757854,7313806
2025-01-02,884.9136352539062,889.6989281059142,874.6770036544534,876.699651347947,18558576
2025-01-03,862.9356689453125,885.6536147489581,861.5050553855514,883.5569553072743,24426194
2025-01-06,843.84375,866.8823129474961,841.5251154360177,858.4463541498661,18816348
2025-01-07,845.2744140625,849.0237223493897,838.6637582765616,846.063732614296,13527906
2025-01-08,835.8518676757812,844.4111600559388,830.4498497882179,842.7338203435289,19738190
2025-01-09,822.778564453125,833.237171528912,817.9932112311335,830.844525028491,40420222
2025-01-10,817.3272094726562,826.2811909461473,815.9705474379197,824.3571854708366,17453280
2025-01-13,804.5499267578125,812.3939122066796,801.3186405131205,809.0639234971638,21669066
2025-01-14,812.3198852539062,817.0558570637163,807.5839134440961,809.0145872775671,26661432
2025-01-15,810.568603515625,820.2625224034592,807.2386148292592,817.2038902170349,14022892
2025-01-16,815.0086059570312,819.2019251337407,810.4699184801376,815.4032351586193,21212454
2025-01-17,807.4605712890625,814.2438814190301,803.3905852110819,810.7905598983193,23112076
2025-01-20,814.6138916015625,819.3991845447669,802.1572673696536,802.1572673696536,17557618
2025-01-21,810.2479248046875,819.4485722440602,805.6352858599316,818.0672195171876,31158144
2025-01-22,821.9152221679688,824.8012002853578,801.8859089377631,810.2479165643738,30619306
2025-01-23,821.347900390625,832.2505181334424,814.6139111249832,832.2505181334424,34909158
2025-01-24,813.8986206054688,824.0119199318104,811.2839386423929,818.9305795964561,24236200
2025-01-27,804.0319213867188,810.839861804967,802.157237088582,809.6065327196525,22804166
2025-01-28,824.0612182617188,830.9185403912116,812.5172453545283,812.5172453545283,30179312
2025-01-29,827.4651489257812,829.3644636153648,823.2964606110903,826.3304621132276,12619890
2025-01-30,834.4705200195312,837.6278547525732,825.1219089590883,829.2905374831995,25744846
2025-01-31,838.047119140625,840.9824182950722,830.7457868177106,832.3738053097981,15821686
2025-02-01,834.1991577148438,845.0771450539991,826.8485640579613,837.4305042201771,5587528
2025-02-03,827.8104858398438,832.1518283284162,820.6324864421063,823.8638327488314,20276540
2025-02-04,848.9744873046875,851.391824544325,828.8219005259823,833.0891713164636,28616502
2025-02-05,857.311767578125,860.4690419690123,847.9877873258422,854.9437515638108,23675506
2025-02-06,860.29638671875,862.8370567631686,850.5037655001158,856.1770794811201,26760716
2025-02-07,854.8204345703125,871.7170439392539,850.997114202158,863.3304057123341,23509600
2025-02-10,846.4337158203125,850.2323451556149,842.8570616226162,847.1984039096569,17195950
2025-02-11,839.3544311523438,844.090402664855,833.0890834393857,840.1437497009048,22724704
2025-02-12,842.0184326171875,844.5837329512449,829.38909497558,835.2104321766692,22809570
2025-02-13,837.5291137695312,845.6937766231139,835.4818356095761,838.1704689996619,12602434
2025-02-14,836.1231079101562,839.601120018604,828.7971451888767,839.601120018604,19959892
2025-02-17,847.2230834960938,848.5304243918573,829.413823260936,831.3624591587258,12938946
2025-02-18,850.0350952148438,854.2284140997132,841.697778564227,845.1017788797033,16350910
2025-02-19,852.0823974609375,857.3610822217985,844.8057556604201,847.0504387449713,11884112
2025-02-20,832.2998046875,845.9157460199498,831.4118438608401,844.0904430253034,26390510
2025-02-21,834.9638061523438,836.1724445897772,827.4404985932164,829.2411711352042,15680940
2025-02-24,827.366455078125,830.8690975664632,819.4731490892408,829.339781575346,20693646
2025-02-25,829.9564819335938,832.7438177754724,824.406500920576,824.406500920576,24138708
2025-02-27,839.0091552734375,843.9671626938127,830.0552335524236,830.0552335524236,35786800
2025-02-28,854.6477661132812,857.0404125816553,831.2638337603047,831.2638337603047,54516728
2025-03-03,839.428466796875,859.9017296292334,835.7531099870528,858.2984018170607,21205364
2025-03-04,843.5971069335938,845.7184570804238,835.3338019387764,837.6771272358142,19920958
2025-03-05,833.73046875,843.991790915382,832.8671383829512,839.6257577393887,21583872
2025-03-06,834.3224487304688,838.6144701478811,824.973838204501,832.2504799228543,32966088
2025-03-07,833.3604736328125,839.2311321984157,827.6131479773222,829.7838192395386,13372914
2025-03-10,832.4971313476562,838.6144556459366,830.3018296675241,833.2371287977431,15604050
2025-03-11,831.510498046875,835.7038170818192,823.8885481247595,829.9811819724781,19898430
2025-03-12,844.1644287109375,847.7904041385841,834.4951408301645,834.4951408301645,18784106
2025-03-13,841.9197998046875,848.9251455168071,838.6885135609504,846.5818201293218,15736264
2025-03-17,843.79443359375,850.5037317302232,841.1304307424771,841.1304307424771,18950652
2025-03-18,843.79443359375,843.79443359375,843.79443359375,843.79443359375,0
2025-03-19,860.4197387695312,863.823739278078,854.5490799535085,855.930432694155,15221406
2025-03-20,872.5803833007812,875.1703745445009,862.985106495842,865.3037412350927,17833978
2025-03-21,873.3696899414062,875.2196836615442,866.0684175252852,866.0684175252852,33508264
2025-03-24,887.9969482421875,890.1676194932312,874.997671627427,877.6369838460287,17393736
2025-03-25,898.5789184570312,909.5555477752322,888.7369760332164,890.4143157035983,39101416
2025-03-26,891.2283325195312,901.5636066855513,888.9836493829623,900.3302775382388,24478442
2025-03-27,900.5029296875,908.2235821777275,887.0596420099644,887.9969842041877,41658100
2025-03-28,901.908935546875,905.7569466636451,890.8829847599874,902.3036249715724,28773648
2025-04-01,872.1363525390625,892.8809726796349,870.9030234039785,888.9836405685396,28511006
2025-04-02,886.4676513671875,887.602278026219,873.5423260418547,873.5423260418547,11573564
2025-04-03,885.456298828125,889.9702954640933,876.6503409310941,878.6729886492828,11250038
2025-04-04,896.5316162109375,908.6921929973271,893.4729239008652,894.4102660639704,33540454
2025-04-07,867.1289672851562,878.0562747489253,857.5090006629878,869.6450067324856,37995450
2025-04-08,872.7777099609375,879.1170096868965,863.4784203033727,870.730371547347,35563872
2025-04-09,870.7303466796875,875.6636630914704,865.0570328061372,870.7303466796875,22454608
2025-04-11,891.3269653320312,897.567622795633,875.540352413462,875.540352413462,32775766
2025-04-15,920.01416015625,925.8848185421238,915.1301650210728,920.0634812745557,49298344
2025-04-16,926.476806640625,929.3381542000717,917.8435030643678,929.3381542000717,19136820
2025-04-17,940.6353759765625,947.0486870380013,925.8354273732423,928.4501090482869,35703084
2025-04-21,950.6994018554688,962.3420166432835,942.2634427629204,949.170085798879,34247298
2025-04-22,967.7686767578125,972.1593405008402,954.5967457498784,954.5967457498784,45961750
2025-04-23,949.1207885742188,976.2540297557508,947.4434488933124,976.2540297557508,30570642
2025-04-24,945.6181030273438,949.1207455952106,939.8460867592294,942.2634238174406,25931754
2025-04-25,942.8554077148438,953.6100615716746,933.2848220611925,949.5647662059754,18500878
2025-04-28,947.29541015625,951.982060830828,941.4741328194633,942.8554253066497,13920492
2025-04-29,941.6715087890625,951.5381421157663,937.4288082816594,946.6048254524144,18918308
2025-04-30,949.6633911132812,955.5340495753018,942.4114402150566,943.7434115323153,31936870
2025-05-02,948.1340942382812,958.0007270723939,947.1967520748111,952.0314262519853,17840404
2025-05-05,955.4847412109375,962.9833580251333,953.2647488384409,956.5700467268101,15068024
2025-05-06,952.9686889648438,957.112686715781,949.3180830668039,952.1300492793257,17490156
2025-05-07,959.8259887695312,961.3553047488027,948.3807192627594,954.1033540161453,21420778
2025-05-08,951.3900756835938,964.364722012384,946.752746184645,964.364722012384,34803430
2025-05-09,932.248779296875,946.7034204881495,930.8181657127636,942.3127568324845,17188796
2025-05-12,965.5486450195312,966.8806765571811,943.3981029435623,946.0127244576516,18618972
2025-05-13,948.4794311523438,967.7686868855955,947.1967808891196,961.9967305905121,24242102
2025-05-14,942.5594482421875,952.2287366384547,938.8101397074491,948.2327622761527,15445308
2025-05-15,954.0047607421875,959.4314088460198,935.85013208818,943.9901042439285,32241458
2025-05-16,954.44873046875,958.9380967138302,951.340777169636,954.0047801554118,15868010
2025-05-19,956.4220581054688,959.5300716290252,952.6234284399217,955.5834183781088,10202964
2025-05-20,944.6807861328125,954.3993955236706,943.7434439560598,951.1927398071444,23879090
2025-05-21,950.5514526367188,960.4674068130723,947.739426083267,950.6500948788123,15132040
2025-05-22,947.1474609375,949.2687509312965,939.895449442171,944.828766015395,21306670
2025-05-23,953.906005859375,955.583345407158,944.4833839865793,947.2460290070277,9566072
2025-05-26,957.1620483398438,961.947401503022,950.6007734925844,954.5967478346391,10802860
2025-05-27,950.3048095703125,961.0100826032541,945.3714929245052,952.9194312599001,26162148
2025-05-28,948.9234619140625,954.3501102535763,946.0621141556768,947.295443323748,18157594
2025-05-29,950.896728515625,957.4580633637506,940.9314535555673,951.1433943336576,28917794
2025-05-30,959.4807739257812,961.4047794767922,949.8608063918771,953.0674622365118,28748078
2025-06-02,953.1660766601562,955.0900821550082,941.276795842849,952.1794133521448,14668822
2025-06-03,949.466064453125,962.9833634640112,947.1967509482078,956.0767204883472,24377584
2025-06-04,957.6553955078125,958.6914401720352,947.6407989299088,947.6901200517409,12961542
2025-06-05,961.7993774414062,966.3873858970264,957.1620478647775,961.0100588418235,22255418
2025-06-06,976.1552734375,984.8379583134906,958.3953347348495,959.0366899431259,30127008
2025-06-09,976.2539672851562,984.196594423998,974.7739724063232,984.196594423998,13202588
2025-06-10,969.5447387695312,978.1780428487654,967.472709657825,978.1780428487654,15533126
2025-06-11,962.194091796875,970.6793723493836,960.516752091058,970.6793723493836,11096394
2025-06-12,958.74072265625,967.4233474890254,954.7447484104943,961.9966994408974,16349130
2025-06-13,946.0127563476562,953.6100757725884,943.7434428106371,947.19676434732,12117762
2025-06-16,954.7940673828125,956.520728121515,947.2460692080249,949.1700746468088,16513746
2025-06-17,951.9327392578125,957.852719054467,946.7527569357399,955.5834055099792,16978736
2025-06-18,954.0540771484375,955.2380851367438,945.7167603313338,945.7167603313338,18433816
2025-06-19,954.7447509765625,960.4180648603083,949.9593979158449,954.0540746334422,16876220
2025-06-20,969.2486572265625,971.8140179089729,952.9193918485255,952.9193918485255,32900408
2025-06-23,961.2073364257812,965.8939867961492,957.9513597916495,961.2073364257812,11739518
2025-06-24,967.3740234375,976.3033140635843,964.7593416610487,969.3966711141703,22625322
2025-06-25,976.8953247070312,977.7833457795492,968.854054817417,969.8900392545883,18405932
2025-06-26,997.41796875,1000.032590400823,976.7966813877978,977.4873577522009,50084830
2025-06-27,1004.9491577148438,1007.393088107433,994.2258430942326,1004.0015037809444,28213384
2025-06-30,998.2658081054688,1004.400566128524,995.2732550959096,1003.2533964547342,13649020
2025-07-01,1003.5526123046875,1005.4977838847651,999.5126780283082,1000.0114368496795,14389386
2025-07-02,990.5350341796875,1007.4429706558585,986.4950998423908,1007.4429706558585,18878250
2025-07-03,991.0836181640625,1001.507689459166,989.6871300276722,994.9739612315547,16860506
2025-07-04,992.1809692382812,999.2633203019867,987.5424877454124,991.0836632772651,7863944
2025-07-07,991.2332763671875,996.7196233059492,989.4377568185034,992.0312782906421,11349426
2025-07-08,998.2159423828125,1000.0114620081927,986.0462146584523,986.0462146584523,15224316
2025-07-09,1003.1036987304688,1004.4005203490875,996.5699704674603,1001.0089360727129,13861428
2025-07-10,1000.6099243164062,1005.9965439473215,997.5176439735463,1005.4977851253348,17030310
2025-07-11,989.3878784179688,999.9117385623401,987.9913902076418,996.5201541247731,12516922
2025-07-14,989.0387573242188,991.8816582943851,982.8541356715338,989.0387573242188,13088850
2025-07-15,995.2732543945312,999.3131887778599,984.0511806165923,984.0511806165923,14498168
2025-07-16,995.6722412109375,1008.8394251469304,993.826797075495,1006.4952830829005,17994612
2025-07-17,990.98388671875,999.9116815490105,988.8890631972324,999.5126501495852,22529158
2025-07-18,976.2705078125,996.0213445308241,974.0759568696542,990.9838927216935,16129446
2025-07-21,997.7670288085938,998.5151670456409,985.7968170158388,986.6446826643673,22309078
2025-07-22,1001.058837890625,1006.4953213272488,999.0139388595042,1004.051390877723,14836814
2025-07-23,1009.6375122070312,1012.3806857402005,999.0139248978445,1003.0039954915454,13634916
2025-07-24,1004.5999755859375,1016.3208076773761,1001.7072110041944,1016.3208076773761,19107176
2025-07-25,1002.2999877929688,1007.5,999.5,1007.5,9306598
2025-07-28,1004.25,1010.7000122070312,1000.25,1001.5,12059580
2025-07-29,1010.7999877929688,1013.25,998.1500244140625,999.9500122070312,19895696
2025-07-30,1012.9000244140625,1016.2999877929688,1008.5,1014.0,15154036
2025-07-31,1009.0999755859375,1015.7000122070312,1004.0,1007.2999877929688,22183032
2025-08-01,1006.0999755859375,1014.1500244140625,1004.6500244140625,1007.0,11317258
2025-08-04,996.0,1009.25,994.0499877929688,1005.0499877929688,13933946
2025-08-05,988.7999877929688,997.2000122070312,982.75,993.25,23978058
2025-08-06,992.6500244140625,994.0,985.0,985.5499877929688,14080204
2025-08-07,997.7000122070312,1000.7999877929688,988.4000244140625,990.0499877929688,13081186
2025-08-08,986.9500122070312,996.4000244140625,985.0,993.5499877929688,13895264
2025-08-11,997.7999877929688,998.7999877929688,986.5499877929688,987.9500122070312,9105854
2025-08-12,984.9500122070312,998.0,983.75,995.9500122070312,12937802
2025-08-13,990.1500244140625,997.0,984.5499877929688,997.0,13577396
2025-08-14,995.5499877929688,998.0,985.5999755859375,989.0,17511716
2025-08-18,1001.7999877929688,1013.2999877929688,997.7999877929688,1005.0,19284796
2025-08-19,995.5499877929688,1003.0499877929688,993.3499755859375,999.1500244140625,12352438
2025-08-20,994.0999755859375,996.0,989.5,993.5,9950228
2025-08-21,995.5999755859375,998.75,991.5999755859375,998.75,12439850
2025-08-22,982.2999877929688,998.0,978.5499877929688,994.9500122070312,19833502
2025-08-25,982.0499877929688,988.7000122070312,978.5,980.0999755859375,17518044
2025-08-26,973.4000244140625,985.7000122070312,968.0,979.5,16917731
2025-08-28,957.7999877929688,972.2000122070312,955.0,967.0,25438255
2025-08-29,951.5999755859375,963.2999877929688,950.0999755859375,954.0,14823813
2025-09-01,950.5999755859375,957.4500122070312,946.3499755859375,949.5999755859375,20178344
2025-09-02,944.5,954.7999877929688,944.0,951.0,14196320
2025-09-03,954.4500122070312,956.2999877929688,940.0,945.0,16083481
2025-09-04,961.25,965.7000122070312,956.25,960.2000122070312,17597657
2025-09-05,963.4000244140625,967.5,954.0499877929688,967.5,11602111
2025-09-08,966.0,973.1500244140625,960.4500122070312,969.0,11711307
2025-09-09,965.1500244140625,974.4000244140625,962.7000122070312,974.0,13985539
2025-09-10,965.9000244140625,973.9000244140625,961.7000122070312,973.9000244140625,18091100
2025-09-11,967.7999877929688,969.25,959.9000244140625,960.2999877929688,15113633
2025-09-12,967.2999877929688,970.75,962.25,969.9000244140625,14363519
2025-09-15,967.0499877929688,972.3499755859375,965.0,969.5999755859375,14486377
2025-09-16,966.8499755859375,969.3499755859375,961.2000122070312,961.2000122070312,18661794
2025-09-17,966.5,974.4000244140625,964.3499755859375,965.1500244140625,17361476
2025-09-18,976.9000244140625,979.6500244140625,969.25,973.2999877929688,17791598
2025-09-19,966.9000244140625,976.7000122070312,962.0999755859375,974.9000244140625,31243267
2025-09-22,964.2000122070312,971.2000122070312,961.9500122070312,964.0,10854415
2025-09-23,957.2000122070312,968.2000122070312,955.5,967.0,21022298
2025-09-24,951.0499877929688,956.4500122070312,943.0,952.2000122070312,15117220
2025-09-25,949.8499755859375,958.0,947.4000244140625,952.5,31413279
2025-09-26,945.0499877929688,951.4500122070312,941.2999877929688,945.0999755859375,14874656
2025-09-29,950.2999877929688,956.7999877929688,939.0999755859375,946.0499877929688,32398179
2025-09-30,951.0,960.0,946.2999877929688,958.0499877929688,28296687
2025-10-01,965.25,969.5999755859375,946.0,952.7000122070312,25350832
2025-10-03,965.1500244140625,966.75,952.0,952.0,26658296
2025-10-06,973.4500122070312,977.4000244140625,962.0,971.9000244140625,18542683
2025-10-07,982.5,989.8499755859375,971.0,974.0,25535736
2025-10-08,978.7000122070312,985.9000244140625,974.5499877929688,976.0,15939710
2025-10-09,977.0999755859375,979.0,970.1500244140625,974.5,15370950
2025-10-10,980.9000244140625,986.2000122070312,978.0999755859375,979.0,13757080
2025-10-13,977.0,981.0,972.0,974.2999877929688,18634254
2025-10-14,977.1500244140625,980.4500122070312,967.0,970.0,22934382
2025-10-15,978.25,984.9000244140625,973.3499755859375,975.0,23310447
2025-10-16,994.3499755859375,996.5999755859375,981.5,982.6500244140625,22936566
2025-10-17,1002.5499877929688,1009.0,986.0,993.9500122070312,25210511
2025-10-20,1002.9500122070312,1020.0,997.0,997.0,22195202
2025-10-21,1007.7000122070312,1010.0,1004.0,1006.0,3471600
2025-10-23,1008.7999877929688,1020.5,1006.0,1016.0,43526526
2025-10-24,994.75,1011.9500122070312,991.2999877929688,1011.0,17707768
2025-10-27,1002.9500122070312,1009.0499877929688,996.2000122070312,996.5,15700796
2025-10-28,1003.5499877929688,1008.0,995.0,997.6500244140625,33904289
2025-10-29,1007.8499755859375,1012.5,1000.0,1004.9000244140625,17769445
2025-10-30,998.1500244140625,1009.5,997.0999755859375,1000.0,19962917
2025-10-31,987.2999877929688,1004.4500122070312,981.1500244140625,994.0,23221330
2025-11-03,992.6500244140625,994.5499877929688,983.2999877929688,985.0,16607180
2025-11-04,985.25,997.0,983.7000122070312,987.0,20024544
2025-11-05,985.25,985.25,985.25,985.25,0
2025-11-06,984.6500244140625,991.0499877929688,974.0,981.0,22279516
2025-11-07,982.2999877929688,984.9000244140625,974.75,980.0,15004568
2025-11-10,984.5,990.9500122070312,980.2000122070312,982.2999877929688,15988262
2025-11-11,991.7000122070312,993.5,978.0,983.5,10200530
2025-11-12,989.5,999.0,987.7000122070312,998.7999877929688,13137263
2025-11-13,986.6500244140625,990.0999755859375,982.5999755859375,984.0,14124839
2025-11-14,989.5999755859375,991.6500244140625,976.0499877929688,976.0499877929688,21386965
2025-11-17,996.5499877929688,997.9500122070312,985.5999755859375,991.25,18396408
2025-11-18,992.4500122070312,999.0,990.0,997.6500244140625,20002640
2025-11-19,994.5999755859375,996.5499877929688,984.0,990.0,19813847
2025-11-20,1008.8499755859375,1011.5999755859375,992.4500122070312,995.2999877929688,19850865
2025-11-21,998.0499877929688,1008.2999877929688,996.5499877929688,1003.0999755859375,17499897
2025-11-24,999.1500244140625,1011.4500122070312,993.5999755859375,1000.0,32204053
2025-11-25,989.7999877929688,1006.0999755859375,988.4000244140625,1004.0,24989383
2025-11-26,1003.9000244140625,1006.9500122070312,981.2999877929688,981.2999877929688,19494356
2025-11-27,1009.5,1016.7999877929688,1001.0,1002.0999755859375,25536848
2025-11-28,1007.5999755859375,1012.0499877929688,1004.2000122070312,1007.0,15988807
2025-12-01,1002.0999755859375,1017.5,999.2999877929688,1017.5,16746566
2025-12-02,989.7999877929688,994.4000244140625,985.0,988.0,27316662
2025-12-03,1000.5,1002.2999877929688,986.0,986.0,15448777
2025-12-04,997.2000122070312,1004.7000122070312,993.0,1000.0,14528169
2025-12-05,1003.2999877929688,1008.0,990.2000122070312,992.0,12843366
2025-12-08,1003.0999755859375,1006.5,997.5,1000.0,12901022
2025-12-09,997.0999755859375,1002.7999877929688,994.0,994.9000244140625,15294322
2025-12-10,989.7999877929688,998.5,985.2999877929688,997.5,15322830
2025-12-11,1000.2999877929688,1002.7000122070312,988.5,990.0,11844809
2025-12-12,1001.5,1004.7000122070312,998.2000122070312,1003.0,11988618
2025-12-15,996.0999755859375,1001.7999877929688,992.0,992.0,9790060
2025-12-16,994.2999877929688,998.7000122070312,990.0999755859375,990.0999755859375,20049088
2025-12-17,984.0,996.0,980.7999877929688,996.0,19080922
2025-12-18,979.7000122070312,987.4000244140625,973.2999877929688,973.2999877929688,14912404
2025-12-19,985.5,988.0,978.7000122070312,987.0,25952384
2025-12-22,987.7000122070312,992.9000244140625,983.9000244140625,988.0,13540411
2025-12-23,996.5999755859375,998.9000244140625,987.7000122070312,990.5,17927849
2025-12-24,997.2000122070312,999.4000244140625,993.0,993.0,13699996
2025-12-25,997.2000122070312,997.2000122070312,997.2000122070312,997.2000122070312,0
2025-12-26,992.0999755859375,997.2000122070312,987.7000122070312,996.0,9360853
2025-12-29,991.7000122070312,997.4000244140625,987.2000122070312,993.0999755859375,13545749
2025-12-30,990.9000244140625,995.0,982.2000122070312,990.2000122070312,33155849
2025-12-31,991.2000122070312,997.5999755859375,987.5999755859375,991.0,10963454
2026-01-01,991.1500244140625,997.5499877929688,989.5,993.5,7132074
2026-01-02,1001.5999755859375,1003.2000122070312,988.7999877929688,991.1500244140625,11751459
2026-01-05,977.5,1006.4000244140625,976.2999877929688,1005.75,27647379
2026-01-06,962.2000122070312,966.7000122070312,956.0,962.7000122070312,31988783
2026-01-07,949.0499877929688,956.4500122070312,946.0,956.0,52884712
2026-01-08,946.7000122070312,953.0,941.4000244140625,944.7000122070312,21928849
2026-01-09,939.0,950.5999755859375,933.2999877929688,945.0,38183839
2026-01-12,936.9500122070312,942.0,929.5999755859375,937.5,21071666
2026-01-13,937.3499755859375,947.7000122070312,932.5999755859375,947.7000122070312,32042827
2026-01-14,925.4500122070312,940.0499877929688,920.2000122070312,930.0,36688248
2026-01-15,925.4500122070312,925.4500122070312,925.4500122070312,925.4500122070312,0
2026-01-16,931.0999755859375,935.9500122070312,919.2000122070312,922.0,37780235
