Price,Close,High,Low,Open,Volume
Ticker,INFY.NS,INFY.NS,INFY.NS,INFY.NS,INFY.NS
Date,,,,,
2020-01-01,633.1510620117188,635.8577748694352,629.4562232684716,631.5614385527498,2112415
2020-01-02,631.3035888671875,636.545097531161,628.0383841693595,634.9125214049994,5658200
2020-01-03,641.0133666992188,642.7319011943908,630.6162539816314,630.6162539816314,7882938
2020-01-06,634.8695678710938,647.7156233670265,632.8503108716351,641.0992552489884,6519403
2020-01-07,625.460693359375,638.091880808106,623.0547029448412,634.1392721765393,7899363
2020-01-08,617.125732421875,626.4058079768749,608.6189659032445,622.9257861994387,8639443
2020-01-09,625.1598510742188,628.5539670587161,613.7745604883978,620.1331588503805,13521186
2020-01-10,634.2681884765625,638.3497082159341,627.6947725496843,636.244492808629,9341405
2020-01-13,664.6863403320312,668.0804573245858,648.7469392669611,653.0432766130999,36952038
2020-01-14,666.49072265625,667.607759691393,659.2299032595474,661.592888406991,11414418
2020-01-15,659.5305786132812,664.9439518924611,654.8905668506321,664.9439518924611,6047430
2020-01-16,659.0580444335938,663.7840147652558,653.2579899356449,662.237344054906,5740586
2020-01-17,659.7884521484375,664.1277944750946,654.9765756863783,662.2373957058855,3762957
2020-01-20,660.3040161132812,665.416667416314,655.5780456130107,663.0106768415801,3887680
2020-01-21,655.1912841796875,662.0654222432121,653.6875664782915,660.3039348535362,4448374
2020-01-22,661.8076782226562,668.5099526054332,658.1987451102337,660.3039604629397,9733935
2020-01-23,673.9662475585938,674.9544258757634,667.3928845536539,667.736559986857,12528017
2020-01-24,672.5914916992188,675.8137441346989,664.7291747784413,666.5766204863226,7540490
2020-01-27,668.5958862304688,674.3529878110744,665.4166390766485,669.4122006803074,3741610
2020-01-28,668.5100708007812,671.7752765957937,663.3544661416493,671.0878731303472,5121009
2020-01-29,678.5634155273438,681.2271232506934,673.8803981274411,675.8996553584789,6832757
2020-01-30,670.8299560546875,678.5633613449273,668.5099239785133,678.5633613449273,3859680
2020-01-31,666.7484130859375,674.4818181034922,663.0105691934805,670.7010213389284,6092028
2020-02-03,659.4017944335938,679.6375303151891,656.9098981061286,671.9470769378582,6416745
2020-02-04,676.9737548828125,678.7352948915391,661.7217595518065,661.7217595518065,5771311
2020-02-05,674.1381225585938,675.3840705824857,665.4165912823738,671.087734255625,6310409
2020-02-06,662.7958984375,676.0715904654292,661.6359084074614,673.9663748132103,7341622
2020-02-07,667.908447265625,669.2403010625379,662.4950738825356,666.7484574140747,2853344
2020-02-10,664.385498046875,668.5099706672875,661.4210153228079,665.0729014093579,3827682
2020-02-11,664.6863403320312,669.4552642971405,660.9485478191002,669.3693585284275,4312817
2020-02-12,671.1307983398438,673.0211971260142,666.0181467745829,666.6196444491172,2948825
2020-02-13,680.7545166015625,682.2582343725347,672.1188907487963,674.5248286932491,4387430
2020-02-14,675.7708129882812,686.7264716212071,674.1811369350173,682.687904616437,5321680
2020-02-17,678.3484497070312,681.7855182444582,673.0639358525358,679.078805793033,2929629
2020-02-18,685.3945922851562,686.5975350544546,673.3648499190842,674.5248398118925,5083346
2020-02-19,687.800537109375,691.5812818518593,684.1056981207253,687.4138563260885,3985192
2020-02-20,684.8360595703125,692.6553712672503,682.1293465122486,690.2064803636806,4564569
2020-02-24,683.8479614257812,697.3814234134206,680.6687138993881,687.4998479938745,6627536
2020-02-25,686.0390014648438,692.5694116636162,683.461199684458,686.5545408427163,6996695
2020-02-26,672.5914916992188,688.659800999916,670.6581402379306,682.2152961289557,8760569
2020-02-27,668.3810424804688,670.8729386068777,663.5262137452423,668.5099535525468,5223386
2020-02-28,628.725830078125,650.2934161406274,620.4338804966222,644.4504095828447,14123957
2020-03-02,636.760009765625,658.1128332217729,630.4873690869798,633.2799877575525,9821523
2020-03-03,641.8726196289062,652.183826369933,636.9318330654977,648.7467574562573,7826587
2020-03-04,651.9691162109375,654.332101475623,640.6267764513437,647.8016904496086,11013444
2020-03-05,648.403076171875,664.6862018093927,645.954185373142,656.2653928549879,7755293
2020-03-06,634.9556274414062,639.2949171290524,626.4918124610296,636.7171150438545,9216022
2020-03-09,605.310791015625,623.6990776734783,598.9092398708025,622.5390879288327,10308654
2020-03-11,589.4573974609375,598.0071180152542,574.8928055039582,593.4530115851985,16165009
2020-03-12,542.3694458007812,575.7090013606237,539.1901467967035,573.9904670282039,13965574
2020-03-13,551.9503784179688,573.1313402307924,489.78240469498,508.68628698145295,16903113
2020-03-16,501.08184814453125,534.5932796106832,498.37513462482457,534.4643685114497,19140152
2020-03-17,476.8503723144531,508.68621353384583,472.5969889250257,505.3350502705367,16059887
2020-03-18,459.10650634765625,496.65649771972056,453.69313286507344,488.06382474879115,15390183
2020-03-19,468.77325439453125,479.47114252601534,437.5818626010274,437.5818626010274,16583991
2020-03-20,502.84326171875,530.5546336465629,470.87850593616946,472.16740695606774,21354894
2020-03-23,452.3612976074219,482.0060205736713,443.29603774017926,464.00435947172974,17146150
2020-03-24,506.7958984375,516.5486148256612,448.53757961967995,448.53757961967995,20027097
2020-03-25,520.8878784179688,545.6347676259147,486.0875507189931,512.982608303419,18339548
2020-03-26,552.5087890625,559.2540153535676,525.9574125912475,528.4493083568235,14843813
2020-03-27,560.84375,579.9194936239911,551.8643966613668,571.4556796621503,13495283
2020-03-30,538.5028076171875,570.1238326064855,533.6908794466455,537.1279485203846,14624804
2020-03-31,551.219970703125,568.8349502813231,544.5176962795475,558.5237427233535,15175521
2020-04-01,517.9663696289062,547.7829584028392,510.4048271235866,545.0762451595822,13083824
2020-04-03,503.27294921875,520.7160677312023,500.2225603011783,518.5678991349515,10221655
2020-04-07,549.0718383789062,553.5829919806109,526.6449814514958,528.4494219139708,15145605
2020-04-08,542.7131958007812,563.3786159451819,538.2020425580807,541.3383891240682,11806896
2020-04-09,546.708984375,560.9298519863361,543.1430030271908,555.7742466327015,11931114
2020-04-13,547.6970825195312,559.9845963166536,537.944365692171,540.479215107455,8330276
2020-04-15,549.1148071289062,561.3593672588752,546.1503241872838,559.7267907088572,11963447
2020-04-16,536.0540161132812,545.5489640725255,518.5679432310899,532.7029042854834,17783287
2020-04-17,540.2643432617188,555.0867049655194,537.9013580625622,553.3681702752236,8878320
2020-04-20,561.3593139648438,567.9756826328771,549.0718021216468,549.9310694176118,13322913
2020-04-21,544.0880737304688,555.5163185179138,539.4480092565216,539.4480092565216,11660575
2020-04-22,551.5208129882812,554.2275265379558,539.662932211923,544.0881807276066,8266728
2020-04-23,583.7001953125,587.4380390795792,548.2983763749575,555.9888282624461,14451289
2020-04-24,565.3978881835938,580.0054324071821,562.6482223112272,574.4631477861883,7319940
2020-04-27,571.0690307617188,585.1610355625768,568.0186423136012,568.0186423136012,7183306
2020-04-28,567.718017578125,581.7240665949247,561.1446005741384,578.2869967775249,7296571
2020-04-29,581.3372802734375,586.0202975390621,565.3978823763971,572.2720207639521,8639056
2020-04-30,614.8057861328125,618.6724891902516,599.8545133325081,601.4871422683001,16253821
2020-05-04,578.8883056640625,602.5181529511508,576.0097291636043,592.7224861884827,9122740
2020-05-05,578.8883056640625,589.1135535682624,575.7090066308803,585.8053959262726,6393053
2020-05-06,572.1860961914062,585.5476917536108,570.596420274265,581.6380361633919,7934250
2020-05-07,571.3698120117188,579.4468933112533,569.2216437226646,571.8853514228857,4779548
2020-05-08,579.3180541992188,585.0751558969512,574.4202198460578,577.642472388201,8400321
2020-05-11,586.7936401367188,600.2411414558088,582.5832095321019,586.4499122502353,7370186
2020-05-12,590.8751220703125,593.7536462657563,580.4350044175374,583.0128060655798,7356039
2020-05-13,596.46044921875,601.4012364583713,587.5240478419239,597.0189415263537,8287101
2020-05-14,565.5267333984375,577.2127464381863,560.7577584420578,566.2570895463563,16888262
2020-05-15,560.5001220703125,571.24096471479,555.6882455437949,571.24096471479,9255353
2020-05-18,570.4676513671875,576.1817481452235,561.1016156710401,566.9875764192433,10435442
2020-05-19,574.506103515625,579.8335713362592,562.8200890569237,570.5534948607593,5902208
2020-05-20,575.3224487304688,578.2869316029753,566.8157333584487,574.4202284941887,5794636
2020-05-21,577.5994873046875,583.8291752054804,571.7564801764948,572.7016532246166,7213225
2020-05-22,594.9136962890625,597.9211318497405,578.7165286047592,580.0054295593355,11867731
2020-05-26,584.7744750976562,601.0146515054303,583.4426209880404,595.4723657506804,7099606
2020-05-27,606.170166015625,609.3924185965654,580.0054645692849,589.5003583520194,8774636
2020-05-28,607.8456420898438,610.0797158457235,592.8943717373933,607.5019142294739,9440091
2020-05-29,601.8360595703125,610.3714952246648,587.8570994987178,603.1425054304507,28290128
2020-06-01,609.28271484375,615.4665897111315,602.2714668950035,608.5859544365636,12276438
2020-06-02,616.7294311523438,619.8213950978599,607.5407739082339,610.1101276902748,7059304
2020-06-03,611.024658203125,620.0391656492571,606.1908196267768,618.9939984318112,11378568
2020-06-04,616.4246826171875,617.9053318367771,607.4973028971929,611.4166403352393,10782424
2020-06-05,612.7666625976562,619.865039894145,610.1973083711065,615.7714987894036,7718679
2020-06-08,627.8343505859375,632.1456328286368,613.1586290936992,616.3376688179678,10719105
2020-06-09,625.003662109375,635.455228720966,622.7827148362952,627.0939966954599,10078029
2020-06-10,623.4795532226562,626.6150554935999,617.6876745639556,622.7392550922599,7263049
2020-06-11,613.114990234375,621.3456089453023,609.8924134763056,620.1262383364935,8825715
2020-06-12,602.7506103515625,605.4506305790543,588.3361671473426,588.5974457088618,9795316
2020-06-15,598.8313598632812,613.5071369306994,596.8281530533247,603.5781248682291,7857344
2020-06-16,610.7199096679688,620.1263093463955,608.9344442687287,611.4166701701821,10131760
2020-06-17,612.8536987304688,618.6455761010103,607.9327319999423,609.587584482618,7291916
2020-06-18,621.7810668945312,624.1326265846845,614.9004317345867,616.8165626919874,6670195
2020-06-19,614.5086059570312,620.0392589501816,610.545730605669,617.513442224564,22438862
2020-06-22,612.8973388671875,617.2521585931737,609.6747616380736,615.8585843852059,7804096
2020-06-23,627.6600952148438,631.0132846424152,602.7940357424677,605.9295373754688,12157390
2020-06-24,621.9989013671875,633.0165629999383,617.8618227695662,624.3940521342314,10220838
2020-06-25,610.1101684570312,614.5520627666145,604.0134215916505,613.8988398881809,14945284
2020-06-26,651.6552124023438,654.6164578202712,618.3843801884879,618.5585836035233,26030458
2020-06-29,637.327880859375,648.6068748286409,635.8907690545501,640.5069205927532,8954428
2020-06-30,640.9859008789062,643.5987926116884,630.795612489172,638.2423432957175,10411290
2020-07-01,637.4584350585938,646.5164268047912,635.5858415996398,642.1180701875086,5477468
2020-07-02,658.9712524414062,666.6793146995869,640.5068606541765,642.2051976980483,17263756
2020-07-03,664.2841796875,665.4164221299212,655.40033724184,657.5777470001185,7796572
2020-07-06,665.4164428710938,674.9970461061488,663.2390330449449,666.4616102195291,8810958
2020-07-07,691.676025390625,694.1147137596291,666.7664251287603,670.119668150633,19362533
2020-07-08,674.7357177734375,683.6195598405134,672.5583081079491,683.6195598405134,8476642
2020-07-09,680.8324584960938,688.0614478863074,674.9969900150484,679.351809305468,6854166
2020-07-10,680.9630737304688,687.9743753418453,673.6905467519866,673.6905467519866,5206452
2020-07-13,694.2017822265625,701.4307721350777,684.6211791007323,686.3195693776497,10804688
2020-07-14,682.1824951171875,702.3453312701514,680.5276423938313,690.6308558322335,8961822
2020-07-15,723.7274169921875,738.9692842661574,692.242052759621,695.9001115372566,30060599
2020-07-16,793.4481201171875,832.2060140197285,778.8594746594895,783.9545922570675,90432109
2020-07-17,786.611083984375,801.1997296141931,777.030480884196,793.4481294784624,31682878
2020-07-20,813.7415161132812,823.0608399595206,789.7464726278258,791.2706593684916,18421053
2020-07-21,815.8753662109375,827.154358420009,809.2995999387448,823.0608177948609,12877784
2020-07-22,799.4578247070312,817.8351426443229,792.5771882921554,817.791605079048,14354201
2020-07-23,790.7916870117188,797.6287323921299,784.4336611464684,797.4981197022231,13051307
2020-07-24,803.7689208984375,806.2947371801037,786.6980516963853,786.6980516963853,18209580
2020-07-27,826.0657348632812,829.8544066254051,800.1110208580247,802.6367843129677,16827870
2020-07-28,838.6075439453125,842.7010847807401,819.7512079884654,823.9318239474359,15818463
2020-07-29,831.0302734375,836.1253912768248,821.8415612454107,830.2463846194097,11152710
2020-07-30,837.3882446289062,847.1430508515814,835.0366314885284,837.867264137642,12492320
2020-07-31,841.3511352539062,859.1623578070553,830.2898829887673,844.1817679553299,12704346
2020-08-03,833.42529296875,840.8284853707694,825.194674313446,836.1252595221921,8479792
2020-08-04,827.2850341796875,845.4446632812084,819.1850805902475,836.5172833598572,11133170
2020-08-05,822.7996215820312,836.9527852085158,817.2254312592177,829.1576475331221,9614176
2020-08-06,845.5752563476562,848.6672206298584,820.8834517677973,830.4640543878988,10976491
2020-08-07,828.1995849609375,844.3559545021349,826.5447323047797,844.3559545021349,8010948
2020-08-10,828.5914306640625,833.3381942396638,823.3221100464963,826.4576117765276,5716319
2020-08-11,826.0657348632812,837.8672852660703,824.0189377697347,827.328643170462,6802442
2020-08-12,831.7269897460938,835.0801795086522,820.6221999835866,825.6737799887651,6908726
2020-08-13,828.4608764648438,843.5285413784923,825.8915223150804,831.5963252567942,5097703
2020-08-14,830.5512084960938,838.7382909592568,829.2012249940352,832.5108774002041,4663873
2020-08-17,833.9479370117188,846.9688579917226,830.986638478145,830.986638478145,9008210
2020-08-18,842.7011108398438,844.1382225386565,834.9931015883664,839.5221245003936,6141761
2020-08-19,835.515625,846.1849323454503,833.9043631136369,845.6188377288921,6622744
2020-08-20,831.901123046875,840.9155774188267,828.5478804075061,835.1672374076421,5656501
2020-08-21,826.3704833984375,839.1301249589403,824.410814752181,838.7817181580623,6513773
2020-08-24,825.1511840820312,829.1575965832683,818.009269782099,824.8027772734822,5798574
2020-08-25,817.0512084960938,826.2399201143072,813.1318709692636,825.2382903714615,6233918
2020-08-26,828.1124877929688,831.1173239607862,817.3125670377282,819.7947929558187,5153601
2020-08-27,824.846435546875,836.952856263561,823.2351734302201,836.1254298417289,6154280
2020-08-28,814.5689697265625,829.5930966742055,812.6528385564291,828.6785952310149,7593610
2020-08-31,808.7770385742188,827.851168830503,796.5835442411025,814.5689696462156,12808355
2020-09-01,796.191650390625,814.3512259843709,794.4061319130727,806.7302920513621,6907773
2020-09-02,804.7706298828125,806.8609644709502,795.6255090886897,796.9319549164215,5678118
2020-09-03,814.8302612304688,826.8931430703163,804.7706388763972,806.948048613617,8827948
2020-09-04,800.5464477539062,809.5609023800091,796.4529070077833,796.9319264956519,8650342
2020-09-07,805.6851806640625,807.862590510276,795.2336134022373,800.3287843380291,6700385
2020-09-08,818.0963745117188,829.157626590769,806.1206209764005,809.9528833714692,12891964
2020-09-09,808.0367431640625,823.9318340427951,806.5125563674717,814.3512313213672,5528947
2020-09-10,818.74951171875,820.4479017651144,805.4673137336991,814.6124336578325,5171884
2020-09-11,823.670654296875,831.0303106292663,810.8674730380734,814.2642538559227,6671903
2020-09-14,852.151123046875,863.1687847709663,825.9350770836934,833.5124738414082,21871587
2020-09-15,855.6785278320312,865.7381506406906,846.2721279740566,853.1091735941211,11608203
2020-09-16,872.488037109375,875.8848173895886,855.2865010645434,858.7703564660283,10059251
2020-09-17,880.5445556640625,889.2541951859622,866.6091324290229,866.6091324290229,15628241
2020-09-18,872.8364868164062,887.3380037422411,870.1800044146664,880.5444960073027,12897633
2020-09-21,879.5864868164062,897.9638043219828,871.399404679092,871.8348866404508,14140637
2020-09-22,877.49609375,890.5605517214641,863.2993933862256,878.8025395471465,12625762
2020-09-23,888.1654052734375,903.1895320113309,878.0186549374127,888.5138120847491,13486204
2020-09-24,849.5382080078125,878.8025737387143,844.8349816913309,873.5767903468092,14427432
2020-09-25,880.9364624023438,883.9412985407854,849.1898170707385,849.8865775708102,13311078
2020-09-28,880.02197265625,885.0300152339487,869.6574806664623,883.8541820374461,8554526
2020-09-29,878.8026123046875,895.3509271052714,874.5348677502426,886.641287736543,8708463
2020-09-30,878.1494140625,891.8235588880676,875.3187811880114,878.8026370335358,8048817
2020-10-01,886.3364868164062,894.0444965260971,881.1977782369984,888.9057879466892,5563358
2020-10-05,913.3798828125,918.7799232769341,886.6848687353566,886.6848687353566,14212509
2020-10-06,919.5201416015625,923.2217381933755,898.2686010812685,918.8669186735955,9090819
2020-10-07,928.9268188476562,933.6735307441373,901.8833405648827,910.0704245049562,9284008
2020-10-08,952.5732421875,978.9634927491102,947.9571969827468,949.3507180574111,21482613
2020-10-09,963.98291015625,969.6441756419626,948.0006371530527,953.7925684906646,10567867
2020-10-12,986.0181884765625,992.8988244006493,968.5989108554985,978.092438422745,14633537
2020-10-13,1008.402099609375,1015.587552166747,989.0231518031296,989.0231518031296,17523825
2020-10-14,990.2859497070312,1014.5858636680948,985.1472414570976,1012.0600471060425,16649573
2020-10-15,965.2457275390625,1032.9631697372688,951.5280463220626,1027.737386416507,44288251
2020-10-16,982.0119018554688,989.3715050668912,955.3604249402781,970.1232220903006,18365685
2020-10-19,980.6182250976562,992.0278303284492,971.3860295032295,988.5439749102633,12902123
2020-10-20,990.7215576171875,996.9924559378625,966.7700474330358,974.5216483564036,10448776
2020-10-21,1000.17138671875,1005.3971701888551,988.5440397615337,993.9004890821587,19811433
2020-10-22,983.3619384765625,1008.5763035374603,978.7893775149289,994.6408796543866,11271335
2020-10-23,988.15966796875,999.1636731799833,986.0909364812358,997.4030323461859,9069862
2020-10-26,979.312255859375,994.4097702053341,971.1253417038876,987.9394376173436,6309368
2020-10-27,960.2974853515625,976.89150337351,948.2371388747482,973.3702217789966,10172479
2020-10-28,947.708984375,972.5339770575176,941.9869016858179,964.3910132306047,7608392
2020-10-29,946.2122802734375,952.5065920923057,933.227555473658,941.9427481874003,6935616
2020-10-30,933.6676025390625,953.9149675708547,926.4049607341805,943.7032745252741,8800386
2020-11-02,943.9674682617188,950.701832356704,925.304614065954,937.5410873079894,7183119
2020-11-03,935.3843383789062,950.2177133173723,930.9386780666352,943.7033218793692,7204782
2020-11-04,963.0263061523438,982.437410884037,939.1256970445048,940.1820383728956,15702690
2020-11-05,971.87353515625,988.599619547526,967.471934000651,977.0674460120499,9568890
2020-11-06,979.576416015625,986.9270690448684,961.045630674795,975.3948945812739,8807127
2020-11-09,1000.5280151367188,1008.8469984484382,986.9710619027226,994.1456933751558,10160320
2020-11-10,960.473388671875,980.544624577201,948.985167179428,980.544624577201,15622869
2020-11-11,988.15966796875,991.5488800816122,956.9082931688474,964.8311769209354,12514800
2020-11-12,983.97802734375,1005.3257948795012,980.4567461007396,993.0893210678446,9180976
2020-11-13,989.6560668945312,997.402928742945,983.3178035356307,985.9587645120022,6363212
2020-11-14,997.7989501953125,1003.257000253714,995.7302190879453,1000.9241300854196,1136144
2020-11-17,989.2158203125,1007.9666845910259,979.4883460425909,1007.7466045288882,12813968
2020-11-18,977.6397094726562,997.1387172976902,969.6287091235797,993.4414151834775,9839468
2020-11-19,965.4912109375,981.2929160600918,962.8943092469232,968.3522516811032,10092343
2020-11-20,971.3014526367188,976.2752841881243,960.5175281720618,973.6343230947389,8063554
2020-11-23,1003.4330444335938,1007.7906942734546,970.0688845033706,972.7539043277586,10546363
2020-11-24,1003.6092529296875,1016.6819885689223,997.7110421379086,1007.9667956557724,8515426
2020-11-25,982.1294555664062,1006.646356710311,978.2560243938199,1000.9242742279174,8958701
2020-11-26,979.9723510742188,985.9145121053862,966.8556667667771,985.9145121053862,10962256
2020-11-27,968.3524169921875,986.8391449529474,960.4295335804331,984.198183815696,25306145
2020-12-01,1001.6723022460938,1003.7850921848928,972.7978646190395,972.7978646190395,8933802
2020-12-02,1004.357421875,1010.1234551918326,986.8390269341093,998.2831904935592,6741637
2020-12-03,991.6368408203125,1009.7274674632673,988.3356394227649,1009.7274674632673,16212632
2020-12-04,998.8556518554688,1000.9243834865707,981.5573329705596,990.3605377505647,10564055
2020-12-07,1006.6464233398438,1015.009467521504,1000.044020038533,1009.9916839969044,7792141
2020-12-08,1015.3174438476562,1027.3338379950642,1007.9667904921581,1007.9667904921581,12308330
2020-12-09,1034.552490234375,1038.3379109356183,1018.5307019521072,1028.258285348404,10039346
2020-12-10,1027.994140625,1031.427411655572,1012.368453623421,1018.8828460345864,9488782
2020-12-11,1023.988525390625,1031.6913279811351,1016.9900220213509,1020.9074043544209,10574009
2020-12-14,1025.177001953125,1032.2635155708274,1010.7836797307418,1029.4465337227045,6728187
2020-12-15,1016.4178466796875,1024.4287403099272,1014.1290352797589,1017.6503166522581,6905926
2020-12-16,1026.189453125,1029.0065428975945,1015.5375977166881,1021.1716698008904,7788404
2020-12-17,1020.4671020507812,1029.0062722095865,1017.826141530504,1026.3653116893092,6658153
2020-12-18,1047.4051513671875,1051.9827740102896,1034.9045384462956,1041.2868607153957,15995676
2020-12-21,1036.4010009765625,1064.967348110964,1014.172916215412,1045.820384009775,10858352
2020-12-22,1074.430908203125,1077.3799596666704,1035.3446660438115,1040.5385772192492,10901851
2020-12-23,1103.08544921875,1108.1912427335908,1083.2782414933815,1089.8365850669452,15878346
2020-12-24,1088.1199951171875,1100.3124102877798,1079.272732749329,1100.3124102877798,7313885
2020-12-28,1091.8614501953125,1098.6398743846044,1088.0760294385987,1090.232771464013,4607051
2020-12-29,1100.6646728515625,1104.3179166547845,1087.1957273342005,1087.1957273342005,6878105
2020-12-30,1097.5833740234375,1103.305455874379,1089.968582068067,1103.041316804562,5194690
2020-12-31,1105.50634765625,1107.7951590929808,1090.7169226695585,1094.2382040986772,7430470
2021-01-01,1109.599853515625,1114.0455147136158,1105.5064494461576,1107.355100874464,4253550
2021-01-04,1134.072509765625,1135.6130701320833,1110.2158535829499,1117.1263457345842,7208454
2021-01-05,1138.95849609375,1143.5361188661745,1122.4524897590766,1128.5706731227374,8145280
2021-01-06,1128.6588134765625,1146.17721170683,1116.290375783817,1144.4165708286318,7161715
2021-01-07,1111.096435546875,1142.3478103430095,1105.242283283007,1140.895260163104,10954918
2021-01-08,1155.068115234375,1159.2056846592145,1125.2692978970617,1125.2692978970617,13186251
2021-01-11,1211.496826171875,1217.7911381846839,1179.6292723945633,1181.477923642687,20528626
2021-01-12,1207.5794677734375,1213.081470086967,1197.2357034240022,1213.081470086967,8309868
2021-01-13,1221.13623046875,1226.1100612683126,1197.2355146942416,1209.427928406839,14442997
2021-01-14,1206.4791259765625,1218.3634515516692,1160.6584054970342,1197.2357616403685,27521697
2021-01-15,1183.98681640625,1201.153063298787,1179.6292736409982,1197.235680710267,15018441
2021-01-18,1155.0242919921875,1179.629201379863,1149.6983111955979,1177.8685607807886,8861765
2021-01-19,1159.0736083984375,1171.7061817280312,1154.9800979918687,1162.0226595649897,5585744
2021-01-20,1179.14501953125,1187.023950937931,1162.5070513124583,1162.5070513124583,8225838
2021-01-21,1179.365234375,1198.1601614810786,1175.2277713479089,1188.4325777675483,6142421
2021-01-22,1180.37744140625,1193.7143153151292,1167.78892571395,1168.1850268607495,9646591
2021-01-25,1166.512451171875,1186.5837977384417,1155.8605966401967,1184.0308472818467,6542611
2021-01-27,1145.2967529296875,1168.669300749039,1131.2996381464989,1161.6706896269554,8133665
2021-01-28,1123.4647216796875,1141.291207719844,1120.251638559747,1137.1978043016243,4660690
2021-01-29,1090.7608642578125,1136.6255284428273,1083.6742431601515,1132.311937664293,12183519
2021-02-01,1109.995849609375,1125.005245731887,1092.4774547493232,1100.8845563097436,8880279
2021-02-02,1119.107177734375,1139.4866141052723,1112.3727059690884,1126.8099803343166,6892490
2021-02-03,1130.903564453125,1147.9377418137635,1120.647810835062,1124.7413219740633,8182968
2021-02-04,1126.2376708984375,1138.6062131817557,1119.8113976609816,1131.2115017172475,5032240
2021-02-05,1119.8553466796875,1134.5127000483542,1110.9641338203862,1132.4439689934175,5477481
2021-02-08,1147.5413818359375,1153.2194038552698,1122.8483584865623,1131.6515600427094,6921922
2021-02-09,1149.3021240234375,1172.5865512190387,1142.523593747769,1150.490534846669,7965949
2021-02-10,1141.335205078125,1148.2456975542023,1129.9790523514478,1140.7190238869975,5951207
2021-02-11,1137.9459228515625,1140.89497401597,1129.494870462155,1134.7327326439702,4673317
2021-02-12,1153.043701171875,1165.3241277490283,1145.7810578827875,1148.8181202738297,5797875
2021-02-15,1152.9114990234375,1169.4175046002792,1150.6666392805976,1162.0227926096593,4363513
2021-02-16,1135.9652099609375,1161.8025863930768,1132.0917795806,1156.7407452324326,6896421
2021-02-17,1127.9542236328125,1139.5744063446455,1122.4081638388745,1135.9651153099817,4575741
2021-02-18,1137.77001953125,1149.6984035323842,1122.4084720549693,1123.2887924252084,6437551
2021-02-19,1136.7576904296875,1143.9762741850557,1123.9930455849908,1140.983163556862,5389696
2021-02-22,1113.781005859375,1151.942970161507,1109.2033840840452,1140.014589197491,7371303
2021-02-23,1114.79345703125,1136.4933713221178,1107.0467037947092,1119.0190369500622,6612942
2021-02-24,1121.792236328125,1123.8169086048074,1102.1610500403006,1109.2476716611327,4537258
2021-02-25,1122.012451171875,1144.1964831051553,1119.767591082714,1134.2488192251344,8788221
2021-02-26,1103.305419921875,1121.792145299428,1095.7786387480553,1117.1264049578488,15132388
2021-03-01,1115.36572265625,1130.7713265603418,1108.3231608715223,1112.1085808151993,5756286
2021-03-02,1148.377685546875,1153.2194465821435,1126.1055418002557,1128.7905613587432,10461434
2021-03-03,1182.7542724609375,1185.791334230148,1151.458845711235,1161.3183891733065,9056399
2021-03-04,1171.134033203125,1200.6247618326536,1167.216651041202,1175.227543893149,12041941
2021-03-05,1159.1177978515625,1179.629305627843,1148.8621514244057,1169.5056212884995,6486176
2021-03-08,1175.8880615234375,1184.9993568470857,1159.558073907739,1166.2485954128088,5119392
2021-03-09,1184.51513671875,1188.8286206353612,1160.922507422379,1170.3859515587133,6518173
2021-03-10,1204.4102783203125,1209.5601307472373,1192.8340445141969,1194.5066746296966,7925984
2021-03-12,1210.308349609375,1225.1417252536396,1206.0828766227546,1208.6797785376261,9462061
2021-03-15,1209.2080078125,1214.7540689860443,1195.9151920576803,1206.038876053752,6658635
2021-03-16,1218.3634033203125,1237.7304516389881,1215.282281996887,1220.1681030798554,9352771
2021-03-17,1221.0042724609375,1232.4484365142844,1216.602670901958,1225.625954097866,7626744
2021-03-18,1177.0762939453125,1226.9464622249845,1156.3007556107748,1226.9464622249845,10961755
2021-03-19,1183.546630859375,1193.0100744562515,1160.2622009937772,1170.826045008895,12767112
2021-03-22,1206.7431640625,1211.3207868423383,1176.1959838130717,1188.5204685629212,4862758
2021-03-23,1207.4034423828125,1217.7031476926572,1196.8835495202284,1208.1956447443526,7165335
2021-03-24,1191.733642578125,1206.4349490534235,1185.1312401261687,1195.3429344263322,6134303
2021-03-25,1174.1712646484375,1190.6332113514952,1168.713214286175,1185.5713696026812,8749994
2021-03-26,1176.283935546875,1194.3305015997794,1172.586633291157,1183.7666580566158,4922071
2021-03-30,1219.5076904296875,1232.4483551746337,1176.2399284683272,1185.703371195561,10546381
2021-03-31,1204.3221435546875,1221.8844893034448,1200.1406224277484,1216.6025678799429,8220987
2021-04-01,1219.419677734375,1225.0537493367353,1206.9191720368383,1214.8420550042574,5675155
2021-04-05,1241.16357421875,1254.4563888469693,1221.004218477717,1224.5254995692171,9479572
2021-04-06,1242.1761474609375,1255.3368944995218,1238.1265876389239,1252.6959332908973,5793571
2021-04-07,1259.0340576171875,1263.2155790672348,1238.2585199049374,1241.4717105113793,5879234
2021-04-08,1267.5291748046875,1277.9609489690665,1250.935158480307,1258.858041257452,5654434
2021-04-09,1268.5858154296875,1280.8662426063622,1258.902290571495,1280.8662426063622,6052712
2021-04-12,1255.1165771484375,1300.7172083820185,1245.653134606375,1297.59202855816,20384532
2021-04-13,1229.9395751953125,1263.4797584027474,1210.4404583199982,1261.4990376527692,14855206
2021-04-15,1197.895751953125,1202.8695827405857,1162.022702611152,1172.850684415324,25342491
2021-04-16,1191.733642578125,1206.78709867639,1185.4393307483979,1201.6372462560596,10879878
2021-04-19,1199.4805908203125,1214.5779995455803,1172.8948505559376,1179.629323034113,12508028
2021-04-20,1189.620849609375,1213.9617280860366,1181.7420256855933,1213.9617280860366,8560766
2021-04-22,1189.4007568359375,1201.4612096354417,1184.1628939428558,1193.3182467166828,6622446
2021-04-23,1174.1712646484375,1187.0239195967097,1171.7063248124512,1182.2701684621502,7316262
2021-04-26,1182.7542724609375,1189.5767541537984,1162.9030085508728,1172.8066110082514,7088606
2021-04-27,1187.11181640625,1191.0732573953699,1179.761164063076,1184.911015856739,3636115
2021-04-28,1193.71435546875,1196.7954765927475,1183.6786823155342,1195.4749961110342,4879234
2021-04-29,1194.0224609375,1205.1585346306288,1189.6649182780477,1204.278214298539,5412357
2021-04-30,1192.2615966796875,1209.4718989288547,1184.8229342529492,1185.1750838119394,8354677
2021-05-03,1190.2371826171875,1198.11600683424,1177.8686386070633,1180.333578593025,4560337
2021-05-04,1170.2978515625,1192.7899711977664,1165.632110895416,1191.953709880542,4887060
2021-05-05,1180.94970703125,1183.0624972874223,1168.8893616546059,1180.5975574117253,3939788
2021-05-06,1198.64404296875,1201.3730142790157,1177.340335688776,1184.0307481639024,4810090
2021-05-07,1190.67724609375,1208.7238119609947,1187.1119059502223,1201.90132974289,4991435
2021-05-10,1179.233154296875,1190.9854093423387,1175.271712767327,1188.3003893212533,7195348
2021-05-11,1171.3983154296875,1180.5096097171875,1166.5124944185009,1176.9003177121128,6420988
2021-05-12,1168.1849365234375,1170.8258971937994,1157.1809337302627,1170.8258971937994,5241898
2021-05-14,1158.8538818359375,1168.0531877125184,1154.3642689557928,1168.0531877125184,4824609
2021-05-17,1170.2978515625,1175.18356484798,1162.2869581655425,1162.2869581655425,5017129
2021-05-18,1179.629150390625,1183.6786021012647,1170.385787645027,1177.868509867654,5620150
2021-05-19,1176.988037109375,1194.9905411398668,1173.6868365565251,1181.3896378465079,4435878
2021-05-20,1179.0130615234375,1187.640136285022,1175.227641118216,1187.0239550381152,4490092
2021-05-21,1192.393798828125,1195.0347596228717,1185.2191671768692,1186.2315569737161,4969733
2021-05-24,1186.715576171875,1199.8763189307183,1184.1185673513232,1194.2863076824758,4225371
2021-05-25,1198.64404296875,1204.2781141176345,1192.3497316257221,1195.4749115290554,4099340
2021-05-26,1230.027587890625,1232.4484688115047,1199.0403550877556,1204.1902075545224,6850024
2021-05-27,1234.42919921875,1246.753684003248,1225.1417766288973,1236.1457809007707,15365391
2021-05-28,1236.8941650390625,1244.7729892781776,1229.015233338966,1241.0316277474617,4261312
2021-05-31,1240.1864013671875,1247.0825051236686,1230.6208380920684,1247.0825051236686,4429904
2021-06-01,1234.358154296875,1246.6377126880795,1226.7502591241341,1245.7478927646762,4791325
2021-06-02,1226.750244140625,1238.584783804985,1214.604180610402,1228.6188442328298,9272276
2021-06-03,1236.5380859375,1244.8578792030544,1225.3263783707234,1235.1588218225315,5115645
2021-06-04,1232.9788818359375,1242.9893550263232,1225.8603231227744,1240.364321328493,4194328
2021-06-07,1236.5380859375,1238.6291407081142,1225.5488333169712,1237.7393209231227,5154576
2021-06-08,1257.2708740234375,1265.1013319051262,1241.7880960173904,1242.1884714890496,7360630
2021-06-09,1259.362060546875,1267.9932695298262,1249.8409231050714,1257.6713811300513,5394317
2021-06-10,1267.3704833984375,1271.5525933362621,1262.6543946425165,1267.1034939893893,3496575
2021-06-11,1287.4803466796875,1291.6624564744493,1271.952925317914,1272.531329937339,6140828
2021-06-14,1300.738525390625,1314.26374184493,1293.3084437450773,1308.9248234623508,7132294
2021-06-15,1311.5054931640625,1313.3740931171444,1301.806435115435,1302.6962549617203,5403104
2021-06-16,1317.4671630859375,1325.3420465256531,1305.8105455279979,1310.4375650008872,7661710
2021-06-17,1330.5477294921875,1337.0878839818208,1312.5733024806775,1312.5733024806775,7677951
2021-06-18,1337.666015625,1348.7887620177426,1323.5178604893176,1342.7379445318625,13533974
2021-06-21,1334.996826171875,1339.8908355733147,1320.6706390275504,1328.5010975180908,5454052
2021-06-22,1345.2740478515625,1353.8162962388503,1336.5983047696675,1343.360913550413,6427862
2021-06-23,1337.53271484375,1356.975256632698,1333.528525561883,1356.975256632698,5529809
2021-06-24,1387.4071044921875,1395.9049277395711,1344.6957505278851,1349.8567492468076,10785137
2021-06-25,1400.75439453125,1404.1357534821677,1372.9920580627281,1398.7968342674067,9780240
2021-06-28,1398.6187744140625,1406.048747856994,1388.6527277002867,1399.59755444848,5019178
2021-06-29,1390.8328857421875,1400.2649539245465,1387.4069926061065,1389.0087116988348,5913567
2021-06-30,1406.627197265625,1415.7033158675802,1398.8412739382577,1398.8412739382577,6058722
2021-07-01,1388.4749755859375,1403.1124693019067,1387.2737404607137,1403.1124693019067,4814317
2021-07-02,1395.0595703125,1396.527686132786,1372.6360454660967,1387.1845779352639,5166064
2021-07-05,1404.9810791015625,1410.3645329120188,1389.0533898850238,1396.2609093070173,4058338
2021-07-06,1390.0765380859375,1411.9216590381186,1385.538478536323,1400.3094664482746,4089574
2021-07-07,1392.212158203125,1397.506651645048,1374.4602951004547,1393.502462197475,4797120
2021-07-08,1388.7862548828125,1402.356006852675,1378.3308722175086,1395.2374484422553,3326813
2021-07-09,1390.6995849609375,1396.9283244469302,1380.1107061106309,1384.5598057434827,3436594
2021-07-12,1377.3077392578125,1404.135831527272,1364.7613001298819,1397.5067165820512,4588982
2021-07-13,1374.7271728515625,1384.9156755957686,1367.0303178269412,1384.9156755957686,4456160
2021-07-14,1403.1568603515625,1408.4068188807405,1368.631808761568,1382.7799652654269,5657716
2021-07-15,1406.627197265625,1420.9087400251894,1384.5596225581112,1386.2503019190274,10021355
2021-07-16,1384.070068359375,1401.1546725054604,1378.8646446149278,1400.3538130169516,6265593
2021-07-19,1371.8353271484375,1381.8013754243057,1368.1426613770952,1374.5047869083064,5669162
2021-07-20,1379.265380859375,1386.0724162048894,1368.5430076051287,1368.80999702364,5069939
2021-07-22,1414.991455078125,1417.3494993598415,1389.3647090584504,1389.3647090584504,7854575
2021-07-23,1415.2139892578125,1422.3770827631295,1410.409048786803,1413.5234183768378,4179719
2021-07-26,1427.1820068359375,1434.0781103240706,1418.4617292994851,1418.4617292994851,4586710
2021-07-27,1425.9808349609375,1431.9871189100877,1421.843150960739,1428.1608501312835,5892859
2021-07-28,1428.6949462890625,1430.4745862591835,1410.8095863134665,1428.2500362965322,4686788
2021-07-29,1438.8387451171875,1441.5082047556239,1423.800767429878,1423.800767429878,4660873
2021-07-30,1433.0548095703125,1444.5335068880067,1429.184115105897,1432.6098996635847,6234257
2021-08-02,1451.7855224609375,1454.6329023419573,1440.7961611531427,1448.13717442387,5553389
2021-08-03,1472.8297119140625,1475.8996554431062,1455.389265292903,1465.5332328913128,5513668
2021-08-04,1467.535400390625,1494.8084007547138,1458.4592812898322,1485.198302842802,6740391
2021-08-05,1471.3614501953125,1482.4396623268976,1465.577621980952,1467.7576368596744,5420536
2021-08-06,1468.3804931640625,1477.679174629946,1462.863654218039,1474.43131085115,3754855
2021-08-09,1480.0372314453125,1483.7298965059185,1464.9992559683262,1477.990602575094,5018477
2021-08-10,1492.4501953125,1494.897199657177,1478.035158621179,1484.2193625167686,6846517
2021-08-11,1492.71728515625,1498.456579557271,1484.2194624118335,1490.2702806468778,4899639
2021-08-12,1503.4395751953125,1509.5793537960537,1489.5584074592362,1494.1410013448915,5659579
2021-08-13,1523.549560546875,1532.7147487919517,1504.9524118847114,1510.0243417706486,5612790
2021-08-16,1516.6090087890625,1530.44564260102,1503.8845411944826,1519.5453491889418,4564109
2021-08-17,1549.754638671875,1556.205832064848,1500.7255906093967,1516.1639420394988,9510390
2021-08-18,1542.4580078125,1562.0785768197593,1536.7187138523066,1538.4983533587945,6686090
2021-08-20,1542.0133056640625,1552.735678583318,1527.0198625262155,1527.0198625262155,6206972
2021-08-23,1547.1741943359375,1559.9876213215564,1541.1679106196082,1544.5047349064578,6189051
2021-08-24,1531.246337890625,1563.413344476915,1523.9942850011782,1557.184606052704,7602939
2021-08-25,1544.326904296875,1554.4263380022362,1528.7105222770665,1528.7105222770665,6153253
2021-08-26,1537.3416748046875,1553.6254211203336,1530.4901055710045,1542.9475831744894,5302248
2021-08-27,1520.524169921875,1537.3416778231317,1517.3207316353644,1534.9392077288335,6698514
2021-08-30,1510.95849609375,1529.2887615369723,1504.1513531642884,1515.4075949207736,6559667
2021-08-31,1518.4329833984375,1526.0409862826573,1500.1027168908208,1512.8271837232185,12255438
2021-09-01,1492.895263671875,1521.1470441049441,1488.802114057658,1521.1470441049441,7801974
2021-09-02,1502.99462890625,1507.6217571200289,1479.4589382302909,1492.5392460722514,6830050
2021-09-03,1513.272216796875,1517.9881970388528,1498.8126435925517,1509.179067029308,5339139
2021-09-06,1539.744140625,1541.1678305226144,1512.1151935175735,1517.276191594575,4876026
2021-09-07,1518.6112060546875,1543.7486190903646,1516.253161514832,1539.3884797069597,3520341
2021-09-08,1506.6875,1513.450109310874,1497.522311859604,1513.450109310874,4584896
2021-09-09,1505.21923828125,1508.1556872378899,1496.8104841372344,1500.1473085786038,3331674
2021-09-13,1505.486328125,1514.0285775406933,1490.6262704490114,1497.5669091983466,4662374
2021-09-14,1500.369873046875,1509.0900430510817,1493.651689233019,1509.0900430510817,4945167
2021-09-15,1522.8819580078125,1526.1298217987796,1503.973288440521,1506.6872821089974,4062344
2021-09-16,1514.69580078125,1529.8227378429513,1505.0857031997,1526.2189240947241,3246568
2021-09-17,1504.9522705078125,1528.7104157088386,1498.8569179841036,1510.024199917287,7454864
2021-09-20,1501.8822021484375,1519.545101977702,1493.0729651407742,1499.3462376545606,5660743
2021-09-21,1529.11083984375,1536.4963878637336,1499.0349948323485,1512.693707466829,4672222
2021-09-22,1527.7318115234375,1547.307849368149,1524.3060266247317,1527.820771789522,4553892
2021-09-23,1550.555419921875,1552.7354348205286,1531.4687214676399,1541.167778286049,3826090
2021-09-24,1569.5086669921875,1590.9978373584784,1559.3646993251812,1564.3032427719265,8280446
2021-09-27,1531.5135498046875,1574.0914104956141,1528.799555648699,1573.868955519569,5045337
2021-09-28,1501.2149658203125,1521.5918610046667,1490.4481679431676,1521.5918610046667,6557197
2021-09-29,1505.797607421875,1513.9394805910563,1472.6518187520774,1476.4335530298395,7792548
2021-09-30,1490.626220703125,1515.3632568348667,1486.088161035665,1515.3632568348667,6914031
2021-10-01,1481.68359375,1493.963042912064,1478.2132744965895,1481.6390593077983,5733906
2021-10-04,1493.784912109375,1502.0157448343261,1481.905840116939,1488.2235386465702,2947154
2021-10-05,1506.2869873046875,1515.3185712967768,1479.7703140555798,1486.8888723913853,4373310
2021-10-06,1489.157958984375,1520.702027218349,1485.9990552689544,1514.562248918571,4271698
2021-10-07,1504.6851806640625,1516.4307577863626,1491.9162891164272,1501.125901703296,5476108
2021-10-08,1533.9158935546875,1540.7230369842214,1511.2700223097372,1517.3652664264184,4738376
2021-10-11,1504.6407470703125,1539.3882537018142,1480.3931575250094,1496.6769033100875,8840633
2021-10-12,1499.47998046875,1502.9057652551307,1478.8806286879972,1492.2279267808492,7439300
2021-10-13,1520.8800048828125,1524.839768285372,1494.9418438218438,1509.089892174887,7104171
2021-10-14,1526.7086181640625,1587.082881587797,1511.0922341948954,1560.7442321199276,19655776
2021-10-18,1594.690673828125,1600.7859181068043,1548.286546695853,1548.286546695853,13438109
2021-10-19,1621.38525390625,1632.3745072788313,1585.9259547717893,1614.1332004381575,10324260
2021-10-20,1603.7667236328125,1644.3870199570588,1596.3812843324115,1627.8363931036856,5876115
2021-10-21,1560.4324951171875,1614.133097673442,1554.3816771021532,1614.133097673442,8779629
2021-10-22,1530.312255859375,1568.9303513205284,1518.9225180752499,1557.095812221997,7369809
2021-10-25,1519.4119873046875,1539.1659452933711,1501.3040657577042,1532.3143756306038,5905209
2021-10-26,1529.4210205078125,1549.978501116366,1522.4189824238094,1535.1215388596888,5871709
2021-10-27,1552.08837890625,1556.7565147555208,1527.1322237405088,1534.2689409244713,5090259
2021-10-28,1529.600830078125,1548.3179728132604,1518.9630389912397,1543.4703399076664,5329972
2021-10-29,1497.148681640625,1537.4107603815037,1491.1340972820406,1525.2019847743497,5875091
2021-11-01,1526.144775390625,1532.5632841362876,1504.5549072616056,1505.9014659494887,3636806
2021-11-02,1524.2147216796875,1531.890040630247,1513.8461757071277,1521.611352905563,3471772
2021-11-03,1528.3441162109375,1541.7647740148589,1525.202145927978,1534.1792038792905,3530713
2021-11-04,1533.9097900390625,1541.3607916889025,1530.5883225565397,1539.565380166842,483407
2021-11-08,1559.763671875,1562.9056418615107,1528.792824865108,1553.0308790467627,5245903
2021-11-09,1564.252197265625,1570.9849900802546,1549.4400530734397,1557.294978023841,4016134
2021-11-10,1562.142578125,1571.83773382555,1545.8042688196354,1549.4400206968505,4780368
2021-11-11,1555.993408203125,1561.7835664122908,1534.179114814545,1555.679123526493,4731349
2021-11-12,1598.0955810546875,1600.4745229836617,1560.257374940205,1564.7009741488232,5069009
2021-11-15,1604.3348388671875,1615.8703357362158,1593.8765450553617,1599.801381036417,4354074
2021-11-16,1608.9580078125,1623.9047204027208,1595.2230664459416,1606.8932408206165,6034233
2021-11-17,1604.6041259765625,1617.665788691909,1598.544612062206,1609.1825130450993,4732492
2021-11-18,1597.3779296875,1606.3998083981016,1579.0647070748162,1599.3528388704424,4326924
2021-11-22,1579.4234619140625,1602.7638105783417,1572.017389741743,1601.5070006566984,6621839
2021-11-23,1559.22509765625,1568.5163300051972,1535.0767917063313,1557.6091835159034,8436160
2021-11-24,1522.5087890625,1562.4566906623122,1515.3271438310733,1562.007837835348,7333061
2021-11-25,1546.2086181640625,1549.6198347328273,1523.3619379375202,1526.0999846845134,4476260
2021-11-26,1518.6038818359375,1542.5725803901694,1511.736411257702,1528.3888959632156,4494181
2021-11-29,1522.8232421875,1536.872360153446,1498.4056877753633,1518.0205379786664,3942776
2021-11-30,1537.45556640625,1552.9409884962542,1526.1444974049753,1530.1841727328024,14808963
2021-12-01,1539.4754638671875,1563.7135167756164,1537.7698011903226,1539.5652125168729,5193264
2021-12-02,1569.414306640625,1571.4341448731097,1536.288937711228,1539.5655860939064,5559574
2021-12-03,1558.01318359375,1603.8859233041183,1555.3200664727906,1589.9265557271913,6754012
2021-12-06,1521.880615234375,1556.5768551113895,1518.4692895209917,1553.030961200896,3991449
2021-12-07,1536.55810546875,1548.452706939299,1520.7135766875624,1527.0872657475893,4202122
2021-12-08,1573.992431640625,1579.782699760564,1555.3650364192983,1555.724140653463,3029169
2021-12-09,1583.059326171875,1588.4007416916018,1563.8035796586253,1579.0645790008737,2082171
2021-12-10,1579.288818359375,1583.3284941772615,1567.394217340042,1579.962097662356,1823469
2021-12-13,1566.182373046875,1590.1510729588513,1560.930816277759,1586.2910039483113,4040584
2021-12-14,1572.9151611328125,1582.6552466615897,1535.3910167263787,1553.8389138318717,4768144
2021-12-15,1556.80126953125,1569.144723607344,1545.1310947683974,1566.4965354752162,3053149
2021-12-16,1590.37548828125,1595.7617227930966,1578.166711971042,1582.3410656343676,4481031
2021-12-17,1634.5875244140625,1653.5740233084343,1621.9298950122225,1633.824496428529,18887243
2021-12-20,1614.8828125,1642.4872628921498,1604.46944825245,1617.3963227207378,5773891
2021-12-21,1626.2838134765625,1649.98326863144,1616.7681538657364,1616.7681538657364,5353584
2021-12-22,1638.043701171875,1642.0385576629037,1626.9570566497555,1638.3130567405199,4156428
2021-12-23,1667.5782470703125,1671.1690702162794,1640.108471920312,1643.9237215129017,4112933
2021-12-24,1672.8746337890625,1683.871529020571,1664.346429323811,1681.357909134367,3780347
2021-12-27,1675.2535400390625,1682.7493608340567,1656.3119713909696,1669.7326279815125,2647733
2021-12-28,1694.8685302734375,1701.9604279258667,1686.2505766124211,1688.3152341779669,3340933
2021-12-29,1692.6690673828125,1700.0751395868292,1684.4550381126232,1690.8287268200424,3236635
2021-12-30,1699.2222900390625,1714.4384680998746,1682.6147338295473,1691.7264690178984,4584738
2021-12-31,1694.64404296875,1704.1597020773836,1680.191002196057,1696.6638809222288,4619420
2022-01-03,1704.24951171875,1718.2538096972232,1694.6441036073452,1694.6441036073452,3329616
2022-01-04,1704.8778076171875,1711.6106003890875,1685.891310083786,1704.249347875214,3921999
2022-01-05,1655.9527587890625,1708.244113204707,1651.778405575721,1705.6407448879727,6995719
2022-01-06,1631.849609375,1641.0061644901782,1615.8704026708538,1641.0061644901782,6449205
2022-01-07,1628.7076416015625,1648.1878132075997,1621.9748482469563,1629.7399155826886,4834389
2022-01-10,1661.4288330078125,1678.6199191698154,1627.5404426546881,1629.3358540641252,7857560
2022-01-11,1665.7828369140625,1678.7098221671822,1660.890384206812,1665.2442353583547,5142287
2022-01-12,1685.3974609375,1695.766005226244,1669.7325408792026,1677.7221432333852,5362535
2022-01-13,1702.768310546875,1716.8622469895265,1675.4331047076187,1710.1294538640775,14277630
2022-01-14,1731.988525390625,1735.2651732163426,1688.5844753336473,1689.4821810621609,7688506
2022-01-17,1741.100341796875,1754.0273268080673,1733.0209898627827,1740.2475651482325,5262464
2022-01-18,1724.2685546875,1746.0379220966745,1715.919846239553,1725.480435698786,3690315
2022-01-19,1676.0616455078125,1720.0043002642583,1672.2912154253556,1720.0043002642583,5747770
2022-01-20,1637.14599609375,1658.9602905001757,1629.7848524908381,1655.3694673605648,5533463
2022-01-21,1603.033203125,1623.0520862970209,1594.3255006988436,1611.3819108977614,8252758
2022-01-24,1559.1353759765625,1587.7272819323061,1551.2355216165236,1584.450634058544,7116712
2022-01-25,1545.9840087890625,1562.0080348157867,1526.548657013934,1549.978755619526,9137653
2022-01-27,1506.8887939453125,1534.8074198145066,1494.6800181163808,1527.8951296300781,11231734
2022-01-28,1513.71142578125,1550.8316470432278,1507.6968409545839,1509.0433996097977,10998502
2022-01-31,1558.5968017578125,1570.5363330040534,1539.8796573165653,1542.2585996575958,8788872
2022-02-01,1590.7794189453125,1597.9161353795928,1557.2500236065903,1585.4380043158844,5119935
2022-02-02,1604.2899169921875,1609.4069054950608,1590.7345821422696,1605.9955798264787,4253717
2022-02-03,1560.7064208984375,1597.0185757090092,1556.6218157838234,1597.0185757090092,3832922
2022-02-04,1562.9954833984375,1574.530980546349,1535.2115338427761,1554.826382864696,4700077
2022-02-07,1539.5654296875,1554.8264281158893,1521.9704181220025,1546.0288675415272,4310209
2022-02-08,1541.630126953125,1548.5424173887602,1522.5089506616448,1535.0768311505972,6053401
2022-02-09,1559.584228515625,1564.701107408803,1548.5424040620683,1557.5194614769207,3867244
2022-02-10,1588.580078125,1592.4402566950537,1569.8629350970984,1576.0571267076214,4334630
2022-02-11,1545.265869140625,1567.3494100787207,1537.770047567958,1562.0081043597472,7551371
2022-02-14,1510.12060546875,1542.7522979398288,1506.5747115034765,1517.1227543219873,7459637
2022-02-15,1560.43701171875,1568.0675105535606,1517.5266332614685,1525.2020612168308,4669915
2022-02-16,1555.993408203125,1575.8775027443555,1550.2031404107388,1560.4370077977667,5350642
2022-02-17,1548.36279296875,1570.0872264830289,1544.3231174289137,1565.5986981054332,3937950
2022-02-18,1532.3388671875,1546.298236171717,1529.24182601946,1535.0769137031268,5602215
2022-02-21,1553.6591796875,1559.584124854063,1518.4691607935565,1526.9973647708184,5120890
2022-02-22,1556.9359130859375,1571.8827354279815,1518.0653206725158,1526.009994477481,8878515
2022-02-23,1564.5665283203125,1578.3912195278601,1556.0832523614588,1570.9851466934483,5478811
2022-02-24,1506.48486328125,1539.5203677498448,1499.6173926642882,1517.212402711859,13592379
2022-02-25,1521.252197265625,1551.3702701049137,1505.4525974086314,1539.5654171471692,9737281
2022-02-28,1540.10400390625,1551.2805065421107,1494.6801136600138,1510.1206091390077,15076542
2022-03-02,1528.6134033203125,1539.0267681608032,1518.0204315789038,1535.0768409224868,6771489
2022-03-03,1544.8170166015625,1556.532121220316,1531.0821834995784,1544.233485910162,7344147
2022-03-04,1547.016357421875,1558.4171765738909,1509.043360495801,1521.8356673887606,9074499
2022-03-07,1561.8731689453125,1571.88260896013,1522.508797713524,1523.4065033725533,9742588
2022-03-08,1596.30029296875,1615.8703218106334,1542.6623753419804,1542.6623753419804,10984500
2022-03-09,1627.854736328125,1644.2378666327916,1607.7910342826165,1607.7910342826165,10193515
2022-03-10,1639.1209716796875,1656.042703365668,1625.0269254755779,1656.042703365668,6547182
2022-03-11,1635.619873046875,1644.058328995704,1625.7451098177226,1628.438227062037,4758657
2022-03-14,1697.292236328125,1701.1524149287986,1644.1930282991682,1644.1930282991682,10289724
2022-03-15,1651.150146484375,1695.1825455498838,1642.801439597397,1695.1825455498838,7140443
2022-03-16,1696.1253662109375,1700.2098618649063,1659.8580298508234,1674.221322699722,5233979
2022-03-17,1664.885009765625,1726.5574586044008,1645.5395172103943,1726.5574586044008,17731459
2022-03-21,1663.4937744140625,1693.8810937888873,1652.766124367728,1670.6304916817223,8362085
2022-03-22,1694.329833984375,1696.6638469895154,1650.880854292973,1660.7556174235997,5709382
2022-03-23,1680.8643798828125,1705.6410383121752,1667.0396884977417,1702.9479208832613,6192824
2022-03-24,1693.7015380859375,1700.7934360280046,1666.2766908514945,1666.2766908514945,3784303
2022-03-25,1684.5897216796875,1700.2546427439086,1667.9372366516275,1698.4592312943375,3438588
2022-03-28,1682.2108154296875,1688.4947556370578,1663.1345683715988,1675.118918136154,4008555
2022-03-29,1693.072998046875,1696.125219429775,1670.2264311695085,1682.2107806865477,3917785
2022-03-30,1709.1868896484375,1722.6974055786316,1701.1524666865591,1714.6180534941045,7795839
2022-03-31,1711.790283203125,1717.3111957910278,1700.4342829138939,1705.6410203883704,5399145
2022-04-01,1708.827880859375,1714.887394872627,1686.1608099209134,1693.8361285877643,6171518
2022-04-04,1690.3349609375,1699.3569473597815,1681.4028327548183,1696.439403736475,7364074
2022-04-05,1670.7200927734375,1696.3047057811573,1667.1741990144267,1691.0980783575872,5472024
2022-04-06,1641.7691650390625,1667.4884571015807,1635.7545802518507,1665.244192690946,5407453
2022-04-07,1625.7452392578125,1641.1409159802406,1622.6481980135563,1634.7672265778747,5797544
2022-04-08,1628.976806640625,1649.9831427798194,1623.0519706996265,1636.517556739723,5131446
2022-04-11,1585.8421630859375,1628.4382578043667,1582.2513400257294,1628.4382578043667,8248407
2022-04-12,1564.2071533203125,1577.7176670764984,1551.0109242056446,1577.7176670764984,6456184
2022-04-13,1569.6832275390625,1577.717649116644,1554.8261554879246,1575.4284559204891,6257693
2022-04-18,1455.540283203125,1481.2146485276237,1427.3522976720737,1441.2667383097576,30523965
2022-04-19,1402.21630859375,1469.2300612636093,1391.4438401538494,1469.2300612636093,17044923
2022-04-20,1425.287353515625,1433.007710513435,1403.114065665019,1413.8865344992996,10678747
2022-04-21,1453.2060546875,1460.7466950238763,1426.6788069866927,1431.8406148458548,7766514
2022-04-22,1423.267578125,1445.9346489594298,1420.5296412592907,1440.2342392008813,8134245
2022-04-25,1401.408447265625,1411.9116704618677,1395.1245069131328,1411.9116704618677,7000570
2022-04-26,1419.2728271484375,1429.1475906516841,1406.3010225615533,1415.8615013776625,5345435
2022-04-27,1393.95751953125,1411.8667052446997,1391.7580747141747,1411.8667052446997,8819356
2022-04-28,1420.7091064453125,1437.9451226972992,1398.131784782489,1409.3980358449844,9245177
2022-04-29,1407.198486328125,1433.9052284825837,1401.1389734023235,1427.3519336332495,9831395
2022-05-02,1383.3646240234375,1393.9126670683922,1374.3875661128377,1392.2519332715767,7072627
2022-05-04,1378.47216796875,1409.3980885628416,1373.6245347920797,1388.9752818655138,6220959
2022-05-05,1422.998291015625,1426.8135404517482,1398.1317759996657,1400.4658986154006,6144870
2022-05-06,1385.0252685546875,1402.0816774855332,1378.0232295856404,1391.4438864637286,6171472
2022-05-09,1409.7122802734375,1424.4796064245756,1366.4429045725087,1382.466931176316,6832202
2022-05-10,1394.1368408203125,1408.634808634731,1387.897830536595,1398.6253689620391,6212545
2022-05-11,1370.572265625,1391.39899537121,1356.9720014786396,1391.39899537121,7846080
2022-05-12,1354.45849609375,1371.24554999195,1350.4188201690602,1359.1265222178802,7034979
2022-05-13,1350.508544921875,1372.8165107722343,1344.852954894135,1363.8843824412697,6723761
2022-05-16,1336.7735595703125,1357.196364606125,1327.3925786728635,1355.5356309484275,6145331
2022-05-17,1363.1212158203125,1369.0012321589384,1329.4124315587235,1341.9803117228055,6516378
2022-05-18,1354.817626953125,1391.1747139308945,1351.3166617996305,1366.3083056830963,6594126
2022-05-19,1281.160888671875,1332.8237930944929,1272.6326833436513,1329.502325378898,16561140
2022-05-20,1306.296630859375,1316.7099963349126,1298.7109510177181,1304.3665414519367,10488908
2022-05-23,1318.191162109375,1335.7861731182122,1301.718283302418,1306.2516316480803,5887569
2022-05-24,1293.5938720703125,1319.2234128138036,1288.4320644614268,1318.3705266763216,5693167
2022-05-25,1266.1690673828125,1294.9405813245614,1256.114806529215,1288.2077880074494,9630092
2022-05-26,1278.287841796875,1283.7190044953286,1263.116704864856,1272.9465373247385,13040065
2022-05-27,1311.8623046875,1316.934364203155,1290.362295335605,1296.2422023774436,8284860
2022-05-30,1370.6173095703125,1373.4899244024366,1333.093161920012,1334.8885735858976,10904213
2022-05-31,1364.0850830078125,1377.148968893097,1350.0686901713195,1370.526271451383,16033857
2022-06-01,1341.359619140625,1374.2006803920185,1335.50802974436,1372.613057886202,8738508
2022-06-02,1368.0770263671875,1373.3841995793427,1338.6833068349495,1346.3039171942348,7205840
2022-06-03,1380.5057373046875,1410.715969239275,1377.1490940869578,1383.408884845195,9395707
2022-06-06,1388.0810546875,1394.0232323627165,1354.4687745578685,1375.334669946235,6624883
2022-06-07,1366.8974609375,1378.827331227114,1363.1779106621018,1378.827331227114,4904592
2022-06-08,1360.8192138671875,1379.1448683164317,1353.5615113932292,1379.1448683164317,4697608
2022-06-09,1374.4273681640625,1376.1963887958834,1344.0357398911278,1347.2109846360613,4361061
2022-06-10,1339.7718505859375,1355.3304608518883,1336.8687033026622,1348.208862822303,6516436
2022-06-13,1292.3245849609375,1309.6523266400254,1280.7122172604907,1309.6523266400254,6987685
2022-06-14,1306.8856201171875,1314.4608258731198,1272.9558346588265,1279.1702210306835,6090247
2022-06-15,1290.238037109375,1312.1926539494157,1287.1988962903904,1306.5678679807882,4651958
2022-06-16,1267.557861328125,1309.7886675114553,1262.8403983902654,1304.5721931646563,6641772
2022-06-17,1258.5765380859375,1267.3310542375973,1240.2961754557912,1261.9785865626236,9692047
2022-06-20,1282.9349365234375,1290.3740367989146,1253.7680243721102,1261.0711313296624,4595194
2022-06-21,1315.367919921875,1320.9018961015715,1290.737069147329,1291.8710851982403,6270787
2022-06-22,1303.8916015625,1324.1677855678092,1301.8503727550444,1302.8029904960238,6253366
2022-06-23,1317.68115234375,1322.716227548584,1300.0359081461734,1306.2049993211278,6254281
2022-06-24,1307.384521484375,1331.334964805784,1296.3165681187597,1322.7164420353206,6114340
2022-06-27,1337.776123046875,1346.303946473831,1329.2030054210798,1331.8339449854482,4511097
2022-06-28,1342.8111572265625,1350.1595593551679,1318.1803055555579,1332.6957115355226,4412178
2022-06-29,1327.4791259765625,1339.9533019425135,1321.8090459920393,1328.794540235472,5060038
2022-06-30,1326.2545166015625,1344.4894731370582,1319.9947256507555,1329.1122592903828,9165177
2022-07-01,1342.1307373046875,1347.2111072100613,1308.5184562919433,1319.0875083390094,4651635
2022-07-04,1349.9326171875,1353.7882715040637,1326.3450848979335,1342.9017181396484,4800224
2022-07-05,1339.000732421875,1369.8459686483452,1335.4172860401247,1359.7306341867263,7379669
2022-07-06,1353.2440185546875,1360.8192234162877,1333.602838947962,1344.6707910009138,5209162
2022-07-07,1359.639892578125,1373.4748889332016,1356.9182539508968,1363.5863571826133,3323472
2022-07-08,1373.928466796875,1376.1964989390626,1360.7738803721873,1374.427478165659,3652582
2022-07-11,1336.460693359375,1360.7286382087686,1330.3370063413038,1356.2832728913424,4702638
2022-07-12,1305.116455078125,1332.3328420632538,1302.7577236881664,1326.163860792882,4710356
2022-07-13,1310.423583984375,1324.5307883911123,1305.1164108508747,1315.458659703502,5264025
2022-07-14,1296.2711181640625,1318.134926705403,1282.799028870994,1316.3659058640824,6157606
2022-07-15,1297.6318359375,1311.8297387301836,1279.7597876672385,1311.8297387301836,5620018
2022-07-18,1351.65625,1355.0128927573733,1313.6894199200246,1315.4584404217167,5835171
2022-07-19,1346.4400634765625,1348.8894940377877,1333.6936777845513,1335.0092029512389,3418540
2022-07-20,1374.69970703125,1384.225442171951,1360.8193058144393,1361.953321902618,5079392
2022-07-21,1390.66650390625,1392.9798300677912,1363.631518545163,1376.2417984383378,5008061
2022-07-22,1366.53466796875,1397.1076946516139,1353.6975848594027,1391.6644179192049,7020642
2022-07-25,1364.0850830078125,1376.3778601962865,1342.7655831599945,1342.7655831599945,7859626
2022-07-26,1316.5018310546875,1357.780012018213,1310.9224503800992,1357.780012018213,7268273
2022-07-27,1334.5552978515625,1336.324318333939,1310.9223625203947,1316.3656387661542,4517285
2022-07-28,1376.6048583984375,1383.000642812574,1351.6110990365607,1357.5533877504583,6636841
2022-07-29,1405.9075927734375,1411.3508694220957,1386.221119858289,1390.5757854747144,7009465
2022-08-01,1407.132568359375,1418.8809307454737,1395.202696952757,1418.8809307454737,2983249
2022-08-02,1400.37353515625,1403.458080558974,1386.538541149447,1403.0498791316793,4374635
2022-08-03,1420.7860107421875,1424.3241629773152,1397.017078561979,1405.2726932814403,6011955
2022-08-04,1451.4498291015625,1455.0332754831431,1428.8148025431328,1440.200367858984,7402209
2022-08-05,1466.645751953125,1474.8559622239864,1453.6272690310873,1459.161245553542,5361971
2022-08-08,1469.1405029296875,1471.499234177275,1447.9117002138908,1466.963169953547,3763409
2022-08-10,1453.7633056640625,1470.7735479878663,1440.744822354331,1470.7735479878663,4423829
2022-08-11,1469.639404296875,1479.981652880995,1466.0559578558064,1478.7569376887157,3462090
2022-08-12,1446.1878662109375,1464.2414226287779,1442.6044200379383,1463.6064179821378,3562286
2022-08-16,1448.3199462890625,1459.7055121386732,1443.4663795689878,1459.7055121386732,3004430
2022-08-17,1457.210693359375,1462.4271674367703,1437.9324195950876,1448.319962808223,4067324
2022-08-18,1436.0723876953125,1449.9073822231815,1427.952877827274,1446.1878320726344,4635706
2022-08-19,1448.90966796875,1455.985972727663,1438.023113412736,1438.2046224349253,4739884
2022-08-22,1429.4500732421875,1450.6334729783907,1427.9531497610926,1438.8397049053958,3950555
2022-08-23,1399.28515625,1410.262409855025,1390.7573331024466,1404.3655261856406,5551574
2022-08-24,1394.839599609375,1402.5509079649391,1388.942716749238,1392.5715677400915,2888426
2022-08-25,1377.28515625,1405.0004412820567,1373.2933977181217,1404.3654366095145,4331088
2022-08-26,1380.3697509765625,1401.5984429909956,1376.6500897106735,1392.7078235409888,3079136
2022-08-29,1326.1182861328125,1332.2873773574217,1315.4585359278797,1332.2873773574217,8079050
2022-08-30,1354.4234619140625,1357.2812047129148,1329.9741184273807,1336.4153079026626,6725875
2022-09-01,1328.341064453125,1331.8792168601256,1316.411303587629,1324.5762195682023,8140604
2022-09-02,1318.1802978515625,1340.8606195627042,1313.644233509334,1340.8606195627042,5175653
2022-09-05,1325.710205078125,1330.8812741156314,1312.1473062882924,1316.3658682629728,3669352
2022-09-06,1320.0853271484375,1333.602820058323,1311.330701453046,1325.7101129718044,3428442
2022-09-07,1322.39892578125,1329.7473282333433,1304.6175748217827,1306.3865957059622,3600574
2022-09-08,1338.9554443359375,1343.6729067769502,1327.7966821761806,1338.13893063629,4061475
2022-09-09,1371.38818359375,1378.9633879511803,1342.6748777419386,1349.9325797837869,4816910
2022-09-12,1393.6602783203125,1402.4603090481628,1380.0067919378967,1384.2253536649393,5494819
2022-09-13,1401.5985107421875,1408.9016188074963,1398.287272287198,1407.903706776797,4947158
2022-09-14,1338.5018310546875,1359.8666267473366,1335.4172852850338,1358.097606026967,14332197
2022-09-15,1299.8544921875,1338.320224775178,1296.4524443234664,1338.1388265199278,12784100
2022-09-16,1249.2774658203125,1292.7782765113873,1241.3846477911488,1292.7782765113873,20464045
2022-09-19,1261.298095703125,1275.541293444799,1252.498064430117,1262.840313282475,6595241
2022-09-20,1259.71044921875,1282.3907705057266,1256.5804984348933,1277.3102899424387,7219797
2022-09-21,1249.458984375,1259.9373378172006,1241.4301722440514,1251.8631207430983,7917054
2022-09-22,1241.0218505859375,1255.5372570833497,1233.809552280041,1239.5703320849489,9168498
2022-09-23,1238.7537841796875,1265.3805708345333,1235.623944037449,1240.6136148834153,10426200
2022-09-26,1252.1805419921875,1269.5989844950832,1229.2734174239552,1233.8094816948922,9414587
2022-09-27,1264.246337890625,1275.994698388099,1250.1391357119094,1264.1555280230843,8561254
2022-09-28,1265.2896728515625,1275.4051179200892,1249.2320502719297,1251.046475907764,7022098
2022-09-29,1268.873291015625,1279.0340307679621,1263.7475161988737,1274.5433714005803,6119965
2022-09-30,1282.2999267578125,1287.6072103937954,1248.3248506647649,1260.0732124836215,8120130
2022-10-03,1264.427978515625,1280.9846139293722,1257.3970785454037,1280.9846139293722,4943169
2022-10-04,1296.770263671875,1299.3557985318942,1282.799161545888,1287.970231265926,6631341
2022-10-06,1320.130859375,1324.3494214633474,1310.106112640393,1310.922626390357,6180672
2022-10-07,1316.5472412109375,1322.580228801138,1306.5226056830536,1312.1472810452483,3994466
2022-10-10,1326.9349365234375,1329.0668646353636,1294.003064795037,1294.003064795037,5274677
2022-10-11,1291.689697265625,1342.3575126771138,1288.3329432818086,1326.9348942612842,12824774
2022-10-12,1296.135009765625,1307.3844717340612,1282.3908230970678,1303.6649210392081,5481467
2022-10-13,1288.151611328125,1304.5267376311374,1283.7062459953604,1298.2216523105023,4821514
2022-10-14,1337.4586181640625,1355.3760729436046,1331.1081278624524,1347.2111568415348,14990688
2022-10-17,1351.7017822265625,1356.2832515544005,1338.5926004471692,1339.8627206241326,4286396
2022-10-18,1364.1759033203125,1370.753196410842,1358.3244247993434,1369.8913885102745,4692004
2022-10-19,1347.6192626953125,1365.3099129941174,1343.854418021596,1364.4481050975749,3553171
2022-10-20,1361.6358642578125,1364.4482021000908,1337.4132133726773,1338.139027990448,4583939
2022-10-21,1361.272705078125,1366.2623751067351,1352.971686427234,1361.0913068291268,3594485
2022-10-24,1377.012939453125,1380.5964964935235,1370.7985538626567,1377.6026499274944,982837
2022-10-25,1384.6790771484375,1390.6666600686863,1379.916209479914,1386.3119939028177,3914341
2022-10-27,1397.65625,1407.6988621560834,1387.1551861000603,1403.9386622242373,6760137
2022-10-28,1387.843017578125,1401.3247453776467,1382.1109714126776,1399.5363917556376,3053981
2022-10-31,1410.2208251953125,1418.2456891269871,1403.4340607365787,1403.4340607365787,4542336
2022-11-01,1442.641357421875,1444.4756121674845,1418.887736075427,1424.3447111160303,4542692
2022-11-02,1424.5740966796875,1442.412180597886,1416.9618941495685,1441.7243350182016,2938906
2022-11-03,1403.892822265625,1415.9530704364693,1395.546984991158,1411.2298417515794,3174027
2022-11-04,1388.5308837890625,1394.4463107382567,1376.7458190882635,1394.4463107382567,4509682
2022-11-07,1382.523681640625,1401.2790045132888,1367.528670745416,1395.3176762956068,4898592
2022-11-09,1385.9627685546875,1402.2876797188958,1376.6998049643528,1402.2876797188958,3334755
2022-11-10,1377.4794921875,1386.6966675969895,1361.934227104186,1361.934227104186,3435763
2022-11-11,1439.9818115234375,1443.1000672976652,1418.475217234108,1418.475217234108,7214098
2022-11-14,1453.922119140625,1459.516573917289,1438.468432811522,1444.613253594111,4908813
2022-11-15,1461.9010009765625,1465.4319188955194,1442.4120447213857,1447.0893718318237,3497614
2022-11-16,1469.971923828125,1475.658069244969,1461.4425937488243,1464.7901313371106,4497697
2022-11-17,1455.8480224609375,1469.9718064752024,1451.7667384557692,1464.8358035943602,3469515
2022-11-18,1461.3507080078125,1465.5694713292203,1444.9341064325322,1459.7915243765399,3126064
2022-11-21,1438.2391357421875,1456.2607114407933,1434.4331466169938,1450.9872289206992,3071764
2022-11-22,1453.6927490234375,1456.3982299208378,1432.552918851605,1438.9728102933216,3399329
2022-11-23,1451.9501953125,1460.0667500182162,1448.419277384479,1457.2236776068496,3245067
2022-11-24,1494.7342529296875,1500.4203979201461,1453.4176195623174,1457.3154109383324,5282215
2022-11-25,1500.0994873046875,1507.7574788728768,1480.0602755632722,1496.201695768672,4563255
2022-11-28,1488.864501953125,1516.4700116769118,1485.7462466988793,1493.083265201096,3825766
2022-11-29,1494.0462646484375,1502.9423546280163,1481.2064825188925,1486.8467258197302,3131710
2022-11-30,1499.45751953125,1509.3625410366662,1479.4642077611848,1485.7006074148594,11868134
2022-12-01,1519.7718505859375,1533.9873258325365,1515.3697060690874,1518.946413503393,5407928
2022-12-02,1502.162841796875,1524.082206872705,1498.5401217539268,1518.762823698916,4283343
2022-12-05,1503.8597412109375,1508.5370688309101,1488.7730393891545,1502.254768168023,3824966
2022-12-06,1479.2347412109375,1491.2490872351268,1474.328132226153,1490.3319598752034,4822398
2022-12-07,1472.447998046875,1489.2314737623112,1464.3772323790536,1474.7408164804579,4898087
2022-12-08,1485.8839111328125,1489.3231387245678,1466.0280814456066,1472.4479729502166,4206837
2022-12-09,1439.2481689453125,1493.0835061100495,1431.7276565946954,1493.0835061100495,8880658
2022-12-12,1418.9793701171875,1436.1755076749384,1403.2507258609144,1421.5473714407533,8037679
2022-12-13,1441.8619384765625,1446.7685479281745,1413.4309876139487,1418.9795414969738,6135067
2022-12-14,1448.5111083984375,1456.8569457535275,1442.6414703621647,1450.895617363601,4976020
2022-12-15,1412.834716796875,1439.8899742752963,1408.0197980930882,1439.2480298964012,6443866
2022-12-16,1396.05126953125,1421.0888920823663,1386.7425160776045,1398.6192710071691,9630453
2022-12-19,1382.4320068359375,1391.1906185589476,1371.151406638808,1382.9822609021824,6222740
2022-12-20,1382.38623046875,1390.3651943884424,1359.5955240977712,1376.6082828344672,7396259
2022-12-21,1384.44970703125,1394.9507709461102,1377.8463225999167,1389.4480065636799,6236361
2022-12-22,1395.9136962890625,1403.1589126270385,1386.4672400160273,1395.4092314763589,6302640
2022-12-23,1373.0313720703125,1384.7706472634532,1369.2711722199242,1383.6700272399569,6283822
2022-12-26,1377.892333984375,1384.7707900126975,1372.34366800658,1376.149769399726,4115459
2022-12-27,1389.310302734375,1395.3633206748425,1373.398166072519,1384.816356461264,4860076
2022-12-28,1385.0,1398.5734186856855,1374.3154431330508,1380.368461733021,5029860
2022-12-29,1391.78662109375,1395.2258485730229,1376.6081190369514,1379.3595010203696,4624745
2022-12-30,1383.21142578125,1403.5717201426937,1379.4054368384104,1401.370592109832,5060544
2023-01-02,1397.7020263671875,1399.9948446519106,1379.4053812367044,1388.5307532282952,3801140
2023-01-03,1396.372314453125,1405.6352784494222,1389.5396484110163,1393.8960033950495,4551130
2023-01-04,1370.922119140625,1394.9508128847058,1367.5286804970206,1394.9508128847058,7059590
2023-01-05,1352.9462890625,1381.1021672768188,1347.489425840876,1381.1021672768188,9868404
2023-01-06,1328.4591064453125,1352.7629837810398,1326.6248515520501,1348.1773465478836,6443714
2023-01-09,1361.4296875,1365.9236340298328,1328.183820144947,1328.183820144947,11498717
2023-01-10,1347.947998046875,1360.9253731659428,1333.5491426282238,1359.182808712685,7158624
2023-01-11,1349.32373046875,1370.1883794870434,1342.6745566057775,1348.1773211820307,6173092
2023-01-12,1357.8985595703125,1361.933941788636,1334.420124782805,1359.1366589447732,6591385
2023-01-13,1379.03857421875,1393.4833301069489,1346.342961515927,1360.5584355646306,11610426
2023-01-16,1399.077880859375,1401.370699412078,1377.8005694719036,1384.8624058326163,6073063
2023-01-17,1411.9176025390625,1414.393801685257,1397.7021281387017,1400.453510280707,5922644
2023-01-18,1417.32861328125,1423.2440398411995,1412.0092299289386,1416.7324581195912,5843098
2023-01-19,1411.3673095703125,1421.1347382958118,1399.6739357893398,1412.284436925683,6165284
2023-01-20,1399.1236572265625,1416.9617391940312,1397.7020650690638,1410.541847819042,6496429
2023-01-23,1419.7132568359375,1424.574076980102,1401.4623986498889,1407.7906002862817,4855020
2023-01-24,1423.289794921875,1438.7892677642365,1421.3179489529161,1430.7185032208738,5200802
2023-01-25,1415.127685546875,1427.050342651288,1411.2298938012013,1418.796195425156,4158617
2023-01-27,1393.2540283203125,1422.4186107141427,1382.47778201832,1417.8788751387417,6209955
2023-01-30,1411.275634765625,1416.0446522844554,1394.0335955131943,1402.104361110933,6964719
2023-01-31,1406.6441650390625,1420.53866769089,1387.6137712822178,1420.53866769089,9448126
2023-02-01,1422.5562744140625,1426.1789947825198,1401.4165552146444,1414.3938182397721,6194199
2023-02-02,1452.5006103515625,1455.4353734330107,1423.3818135852407,1423.3818135852407,6916834
2023-02-03,1466.853515625,1471.668434244157,1442.6413310350065,1465.1109512577386,7040194
2023-02-06,1439.7523193359375,1465.5694761151274,1432.1860188491103,1465.5694761151274,4570612
2023-02-07,1432.9197998046875,1445.4386105734359,1426.224725341101,1438.9728179482734,4336238
2023-02-08,1458.691162109375,1470.1552548640857,1435.7629765999538,1435.7629765999538,7983338
2023-02-09,1482.994873046875,1485.5169731711044,1454.609827339428,1463.9185800529144,6904911
2023-02-10,1475.245361328125,1482.3530988577234,1464.1480299444947,1479.2806324268656,4786762
2023-02-13,1437.55126953125,1464.6524284395919,1436.2214796095184,1464.6524284395919,4001199
2023-02-14,1461.2132568359375,1463.7353572321708,1447.3646552328803,1453.3717726405816,5043736
2023-02-15,1464.6982421875,1466.4865956933231,1445.3926671749077,1452.7296857900087,3465747
2023-02-16,1469.0545654296875,1480.6561363023575,1465.4318453938986,1467.4036914951487,4290289
2023-02-17,1452.54638671875,1462.8181685754123,1444.934184696277,1461.901041196995,2857734
2023-02-20,1460.4793701171875,1470.1551082186375,1451.3539979762904,1453.6009151504752,2417716
2023-02-21,1448.6026611328125,1468.917054491703,1445.3927153816476,1466.211461614736,2723288
2023-02-22,1432.36962890625,1444.4756658959568,1426.4083007612826,1433.47013701294,3656244
2023-02-23,1422.189453125,1439.7524657040512,1419.850845363736,1439.7524657040512,4766854
2023-02-24,1422.1435546875,1438.972819252259,1416.96176274362,1430.7186730615194,2790986
2023-02-27,1384.2203369140625,1412.376101427138,1377.525262560754,1412.376101427138,4920268
2023-02-28,1364.27294921875,1397.7021991611691,1358.5409027983055,1389.9983063812856,9679811
2023-03-01,1372.0684814453125,1376.4706257604705,1358.7242330919914,1368.7209440691638,5125043
2023-03-02,1350.14892578125,1365.2356245113613,1345.7008809360752,1361.933988747624,4644499
2023-03-03,1356.7066650390625,1366.3365031467508,1350.9287173928365,1363.5392196767139,4615015
2023-03-06,1382.523681640625,1394.400548877502,1369.4088267341433,1370.6928275102962,6561742
2023-03-08,1368.9959716796875,1372.02253676298,1358.3573166463943,1367.0242374099919,4137080
2023-03-09,1357.71533203125,1374.1777229481327,1352.3959486952547,1371.10536876011,5104656
2023-03-10,1349.598876953125,1352.1209773156488,1336.850783639018,1339.0060106489143,3699580
2023-03-13,1316.1695556640625,1355.7895279106722,1309.6579732857313,1342.8579415523982,8798403
2023-03-14,1302.3209228515625,1328.321462547265,1294.066776157433,1321.5805984711983,7402784
2023-03-15,1301.9998779296875,1323.277187882345,1299.4318765422183,1318.829142580857,7556182
2023-03-16,1287.738525390625,1300.3032376058475,1282.786015172728,1300.3032376058475,7323117
2023-03-17,1302.962890625,1323.3231866747517,1294.4336727271848,1311.4922204768466,9090018
2023-03-20,1287.3258056640625,1302.0456322126888,1270.0837669911443,1302.0456322126888,8221829
2023-03-21,1275.448974609375,1288.5639406373286,1274.8070302390654,1283.0611764780233,8536755
2023-03-22,1274.119140625,1290.6274325316042,1267.6075589859765,1286.7296413869892,8356487
2023-03-23,1260.6375732421875,1269.258481654683,1256.4645985893467,1269.258481654683,7607718
2023-03-24,1266.2320556640625,1283.0154210841881,1263.3430817614233,1272.9729201341963,7559127
2023-03-27,1273.8441162109375,1280.0806276002397,1260.2247960834827,1271.3679168983215,4170193
2023-03-28,1263.4345703125,1282.1439899820111,1261.8295975067285,1276.7329164174637,6633366
2023-03-29,1268.8916015625,1274.715337897841,1251.466181751986,1264.7186272999518,8813966
2023-03-31,1309.612060546875,1311.4463153951938,1278.3839389266645,1287.6469035198686,8711975
2023-04-03,1293.9290771484375,1316.0777246615953,1288.7014961247696,1316.0777246615953,5242764
2023-04-05,1305.5767822265625,1309.199390750354,1283.978386725391,1283.978386725391,7506334
2023-04-06,1304.0634765625,1310.024804681296,1293.4706102774894,1298.6524024946332,6948465
2023-04-10,1309.291015625,1315.160653204444,1297.7352331131717,1305.9434783219242,4993788
2023-04-11,1289.618896484375,1314.5647204758934,1273.8901369810926,1310.4835477560237,6942255
2023-04-12,1309.93310546875,1312.8678683565352,1283.9783553609145,1295.946912669283,5831169
2023-04-13,1274.0732421875,1294.1125639133095,1268.3870975225138,1292.920253602577,11267238
2023-04-17,1154.021484375,1156.6352751470652,1087.071182308468,1146.6844649704485,53171705
2023-04-18,1154.9844970703125,1164.7060261991676,1149.2524501837186,1164.7060261991676,12430884
2023-04-19,1130.08447265625,1150.3988693866531,1127.5165828015479,1150.3988693866531,11307230
2023-04-20,1122.0135498046875,1135.26599437336,1120.179295223334,1128.7085118542184,8621249
2023-04-21,1125.63623046875,1131.047304223771,1118.8953668380302,1126.3240759811504,8691352
2023-04-24,1124.67333984375,1128.0666663348547,1117.0611378828073,1126.2324115928468,8313774
2023-04-25,1123.389404296875,1133.110932602619,1114.3098204064606,1124.3523209198693,6808576
2023-04-26,1125.8197021484375,1130.818001330537,1119.3998108189048,1126.232364666585,5680192
2023-04-27,1142.969970703125,1144.3915628906238,1123.8478876663187,1128.0666511252507,8020704
2023-04-28,1148.9312744140625,1154.6633202852163,1141.7776363852543,1151.6367552836386,10118277
2023-05-02,1171.5843505859375,1173.6937883843755,1150.5822227207543,1150.5822227207543,8886401
2023-05-03,1163.9722900390625,1167.044644512001,1157.506496932256,1161.0833162689144,5549783
2023-05-04,1168.007568359375,1170.0711048738817,1157.8732664731895,1163.788693033167,4505401
2023-05-05,1154.7550048828125,1173.0058612365624,1150.3069596997327,1173.0058612365624,5373791
2023-05-08,1160.71630859375,1165.026874150822,1151.1781621177383,1157.8273351579073,5260842
2023-05-09,1165.393798828125,1166.5861092874693,1156.2225243840412,1161.083344621019,4969897
2023-05-10,1158.561279296875,1170.6215279475311,1154.8010790515318,1170.6215279475311,6515734
2023-05-11,1152.003662109375,1170.1628287388498,1149.2064908153254,1164.9810367298412,6888461
2023-05-12,1142.0069580078125,1151.9119783998672,1136.3667142373067,1149.4815684750179,8292212
2023-05-15,1154.067138671875,1163.742876662217,1142.4196665102663,1146.317457613311,5534710
2023-05-16,1159.5242919921875,1168.3744824143912,1158.1026996481462,1160.1662364323145,5236469
2023-05-17,1143.56591796875,1156.4514878425189,1139.4846347924008,1156.130515716155,10465667
2023-05-18,1142.7408447265625,1155.2596572702737,1139.4849973777084,1154.2966286307426,6948732
2023-05-19,1163.742919921875,1167.7783026634847,1148.9771919381424,1151.9578558336234,11094136
2023-05-22,1185.662353515625,1188.2302430762331,1164.9810857591126,1167.4572849700612,7625947
2023-05-23,1192.3114013671875,1205.2428740172338,1189.5600194436024,1191.5317535922914,7436031
2023-05-24,1191.0274658203125,1196.851202152626,1184.2866021300276,1188.8722389198845,4824077
2023-05-25,1196.2550048828125,1198.685414686715,1182.4064046555832,1187.2213231154954,4334121
2023-05-26,1208.26953125,1213.7722960275548,1197.768466581114,1197.768466581114,5521606
2023-05-29,1205.4722900390625,1222.2556544688687,1201.2993155421436,1222.2556544688687,4419365
2023-05-30,1214.1390380859375,1216.4777576450638,1200.6573106206852,1206.0224833077132,6274719
2023-05-31,1209.0489501953125,1220.7881123252594,1205.2428495541365,1210.4704303212359,17800782
2023-06-01,1210.1495361328125,1219.3208096161989,1208.8655354543341,1212.9468193268542,4277841
2023-06-02,1207.361328125,1220.28076764581,1204.619482886525,1216.6558726063317,10909311
2023-06-05,1212.4732666015625,1217.0740205048828,1205.7812402951347,1212.008539400872,5002553
2023-06-06,1188.772216796875,1197.6949566393228,1183.195490212996,1197.6949566393228,10008100
2023-06-07,1198.0201416015625,1202.7139314625765,1192.0252064148026,1199.4608412306454,5397578
2023-06-08,1192.3040771484375,1200.8550117245732,1190.72393668932,1195.464131149108,5034942
2023-06-09,1176.642822265625,1192.0253388838628,1174.8304314613665,1192.0253388838628,5339073
2023-06-12,1200.80859375,1204.2940478285252,1183.1954778567024,1183.6602050671725,4785588
2023-06-13,1212.798583984375,1214.332206477655,1205.5489075433659,1208.1978299633267,4846587
2023-06-14,1208.66259765625,1214.5180926556236,1201.970457495657,1214.19280628768,3457981
2023-06-15,1196.02197265625,1202.6674808789603,1192.1647141872293,1202.6674808789603,6161155
2023-06-16,1200.52978515625,1209.6848882031022,1190.677591317118,1196.2077995523568,8536287
2023-06-19,1202.7139892578125,1207.8259884393565,1196.2543265846496,1202.7139892578125,4451787
2023-06-20,1211.450927734375,1212.9380321318201,1200.018592852604,1202.7140333935445,4009180
2023-06-21,1207.6865234375,1211.8226634951286,1203.6434195847064,1208.2441733725773,4041529
2023-06-22,1191.142333984375,1198.4385283465883,1183.6601806665321,1198.4385283465883,6676607
2023-06-23,1175.7598876953125,1189.0975364568558,1174.2262651500378,1186.402095840736,7239467
2023-06-26,1180.732421875,1184.1249532633137,1173.2038636237187,1180.6394991230175,3403244
2023-06-27,1188.91162109375,1191.5605434478787,1184.3107537282526,1189.7016346437479,3240024
2023-06-28,1202.10986328125,1205.2235129272265,1191.0029282361302,1198.9962136352735,5662358
2023-06-30,1241.2864990234375,1244.4466670515362,1212.426891083063,1215.912345498142,12821692
2023-07-03,1239.61328125,1251.0456156922185,1234.7336456761632,1236.1743453719541,7732412
2023-07-04,1250.2554931640625,1251.0455066392037,1237.4754963466114,1249.4654796889213,5797775
2023-07-05,1252.2540283203125,1262.152627465157,1246.3984198903297,1262.059704711734,5414936
2023-07-06,1249.09375,1252.3932449368162,1242.819933005186,1247.8390092927943,5963897
2023-07-07,1236.360107421875,1250.8596857725443,1231.8522766020494,1239.89207926807,6295647
2023-07-10,1235.3843994140625,1247.2349435988492,1226.229295814045,1242.262385005227,3940315
2023-07-11,1253.462158203125,1255.5999486675075,1233.3859662223854,1239.38090160913,6126128
2023-07-12,1239.24169921875,1256.5295297943235,1233.386090631779,1255.6929980734994,8102770
2023-07-13,1268.7982177734375,1279.6729026631901,1236.9644035943056,1240.728739413603,9977644
2023-07-14,1325.35546875,1329.1198044888868,1283.251252109647,1283.251252109647,12833381
2023-07-17,1322.5670166015625,1356.027373066275,1314.5273272735951,1325.3553796402884,11569884
2023-07-18,1371.1309814453125,1373.686980851345,1328.1902368074773,1332.8375084548093,16743977
2023-07-19,1370.8988037109375,1393.0663832409173,1357.6540777205,1381.1693208273919,13687062
2023-07-20,1347.244140625,1367.2274100444117,1339.0648965954,1367.2274100444117,8347221
2023-07-21,1237.6614990234375,1254.7634832648805,1212.9380338227177,1227.065695806331,45548305
2023-07-24,1242.3087158203125,1254.670504599167,1240.1245206940966,1246.398337830829,8859789
2023-07-25,1240.4498291015625,1248.1178279606174,1230.829998679233,1242.6805423705,6801982
2023-07-26,1253.694580078125,1254.7634753600048,1244.9112811341217,1248.2572943766568,5528885
2023-07-27,1257.6912841796875,1267.5899965472738,1252.0216348505492,1262.7567654377913,9191861
2023-07-28,1245.9337158203125,1267.6364549818945,1241.7511707093902,1258.3419102909559,6122735
2023-07-31,1260.061279296875,1261.7343425932213,1239.1950734898064,1253.6016166280715,7902180
2023-08-01,1268.89111328125,1272.4230854175687,1261.2696325139816,1265.9169045571427,6064652
2023-08-02,1261.130126953125,1275.1648651116004,1253.322687629451,1272.7019018221301,7419145
2023-08-03,1268.0545654296875,1270.1458376352903,1253.833869048077,1254.7633233616784,6503741
2023-08-04,1281.1134033203125,1288.13082917061,1265.9168471204257,1272.3301049407662,5712345
2023-08-07,1294.7298583984375,1296.5887670249967,1279.8585893859645,1289.9896640924674,3729093
2023-08-08,1292.12744140625,1295.2412043648678,1286.7366740453401,1294.5905182197114,4161877
2023-08-09,1296.0313720703125,1297.5184765723313,1284.9708408748197,1286.3650226189877,4090828
2023-08-10,1291.10498046875,1297.3323925229795,1287.8518903304866,1293.4286162817955,3873025
2023-08-11,1275.072021484375,1298.3083819497344,1270.610708350301,1293.800550711213,5783517
2023-08-14,1295.2412109375,1296.5888744198694,1269.2628926543166,1275.0719825934739,4304135
2023-08-16,1318.4310302734375,1319.7786937329943,1306.2552006588273,1311.2742769730567,7735313
2023-08-17,1311.9715576171875,1319.825402835044,1306.8130397085015,1319.825402835044,5618346
2023-08-18,1290.826416015625,1309.322469240219,1288.3633389732208,1304.6751968805124,5134103
2023-08-21,1306.2552490234375,1307.742353385992,1289.2927060601864,1291.709264831686,3032722
2023-08-22,1304.7215576171875,1306.8593480283198,1298.1224543541218,1305.6044938755163,2890714
2023-08-23,1308.6251220703125,1316.6649243696359,1306.4874452788256,1316.1072744874555,2559125
2023-08-24,1323.171142578125,1324.5189194126233,1314.6666128884629,1321.2193112047876,5171963
2023-08-25,1319.9180908203125,1322.148803936989,1311.8318834134902,1313.3189876716804,4307172
2023-08-28,1315.781982421875,1324.2865118289415,1311.8318017071128,1319.9180086102924,3133464
2023-08-29,1317.64111328125,1323.914930768979,1315.4569180328365,1323.5431263001694,3074444
2023-08-30,1333.906494140625,1335.30067572943,1323.5430549720845,1326.3314181496944,3070887
2023-08-31,1334.185302734375,1342.968715084765,1327.8650807492497,1333.906534483456,9792735
2023-09-01,1341.9927978515625,1343.991147630047,1327.4468128773617,1330.002812639452,3582133
2023-09-04,1361.7435302734375,1366.2978792292915,1333.4880956574837,1341.2026120597739,4609014
2023-09-05,1374.5701904296875,1375.639085724664,1353.7503883361237,1361.6507510555587,5496840
2023-09-06,1373.222412109375,1378.2880068646311,1360.0707225971962,1377.3585524279374,5075786
2023-09-07,1362.7659912109375,1369.4581309432015,1358.9088462312307,1366.855613248634,4411743
2023-09-08,1365.92626953125,1370.7129827544118,1357.1893748015916,1360.2566199430964,3125838
2023-09-11,1372.2928466796875,1373.7800644251438,1361.1859124430616,1365.9261069950462,4182226
2023-09-12,1395.2039794921875,1397.8994199484737,1372.8970738547118,1377.9161503149019,6793161
2023-09-13,1392.64794921875,1398.8288435447748,1383.6322871056639,1398.8288435447748,4804686
2023-09-14,1400.6412353515625,1405.846270656975,1393.3915592483722,1398.8288446904617,6444213
2023-09-15,1404.9632568359375,1411.2835921776357,1402.5466980730964,1410.9117877236317,8657816
2023-09-18,1386.56005859375,1398.7358880088802,1383.0280866448797,1398.7358880088802,3991916
2023-09-20,1385.1195068359375,1389.6273382680865,1372.060626309963,1372.060626309963,4169337
2023-09-21,1395.80810546875,1398.4106230981856,1371.8746553500082,1381.6804443744052,6779195
2023-09-22,1390.603271484375,1400.6413112772677,1380.425677376095,1386.6530901473643,5455613
2023-09-25,1370.1552734375,1384.7476626343905,1367.7387146063886,1384.7476626343905,4217863
2023-09-26,1357.6075439453125,1375.4995405113145,1356.0739215478982,1374.8024497360157,3996528
2023-09-27,1363.5096435546875,1365.9262023716149,1347.7554364104253,1353.2856448640935,3863586
2023-09-28,1337.903076171875,1368.7145118891362,1333.7670495202924,1364.346121640076,5814602
2023-09-29,1334.185302734375,1344.7347011757531,1316.1074596363055,1331.0716531169655,6068968
2023-10-03,1332.837646484375,1335.626009761539,1320.1041662355099,1334.7430734406207,4181867
2023-10-04,1342.4573974609375,1347.6623192444497,1318.1521429784143,1324.4724780818983,4510406
2023-10-05,1360.2099609375,1371.5493723980028,1347.8946904576385,1349.5677537176623,7384621
2023-10-06,1374.3841552734375,1379.7750360960613,1360.0706484952473,1365.8332203052626,3598672
2023-10-09,1371.3634033203125,1385.8164641413844,1359.0481329313968,1361.5577278028998,3567552
2023-10-10,1389.673828125,1391.393296146582,1365.4614945887647,1379.2174656790087,5688951
2023-10-11,1388.9765625,1411.1440254040863,1376.9400609460672,1391.3931210472037,7220129
2023-10-12,1362.1153564453125,1398.2711535251433,1349.5677226602481,1386.6529740945282,11081662
2023-10-13,1330.1885986328125,1336.5553381568939,1301.2360733099106,1305.8833450003033,17973439
2023-10-16,1332.97705078125,1341.7603494799055,1329.1197923285388,1331.0716238772634,4850745
2023-10-17,1340.6915283203125,1350.8226045344618,1336.6020195003289,1338.6467739103207,3923764
2023-10-18,1338.925537109375,1351.426652993233,1336.8806694215968,1340.2732005613768,4264837
2023-10-19,1332.5123291015625,1338.0890555260446,1325.49490296724,1325.49490296724,6795691
2023-10-20,1326.5635986328125,1337.0199591054832,1324.7046901043377,1329.1195978594653,3928622
2023-10-23,1309.27587890625,1331.3039013836562,1306.1157114580749,1325.0300845878248,2636516
2023-10-25,1289.8814697265625,1320.4797298426586,1281.6434766183827,1317.1374123821106,6940777
2023-10-26,1279.9014892578125,1293.6001393242148,1273.9230836517906,1275.7590480024355,6357656
2023-10-27,1299.5784912109375,1303.956418417084,1283.8557413785777,1283.8557413785777,4634358
2023-10-30,1296.4716796875,1299.5785105468342,1283.3378978736482,1299.5785105468342,2667696
2023-10-31,1288.327880859375,1300.3318125956307,1283.2438397267852,1299.2019618287502,3451595
2023-11-01,1274.91162109375,1296.8481472235057,1272.5579091746342,1292.7057061877338,3090672
2023-11-02,1289.9755859375,1295.765741180137,1281.9729641186536,1289.8343402140486,3758060
2023-11-03,1307.76953125,1310.54686548969,1297.1307068451297,1299.2961678955407,3349045
2023-11-06,1321.1859130859375,1324.9047327710196,1309.4173508833169,1312.3359313240937,2736381
2023-11-07,1322.127197265625,1323.6335500133118,1313.2300966352614,1318.078766511828,2272209
2023-11-08,1309.60546875,1322.7862570767434,1305.3216665728671,1322.7862570767434,3550635
2023-11-09,1294.3533935546875,1315.725053279232,1289.8813406007866,1314.2187005328615,5498051
2023-11-10,1288.75146484375,1292.7998955154703,1281.3608320382564,1289.7870751538298,2943649
2023-11-13,1293.176513671875,1301.5556365838725,1290.6344357148544,1299.1077990502322,3462092
2023-11-15,1327.9644775390625,1331.2596747537996,1311.488491465377,1317.1374009763547,8551860
2023-11-16,1360.3514404296875,1368.3540614057245,1328.058465108388,1333.2366316222942,6673907
2023-11-17,1353.431640625,1366.094566340676,1351.0779284155915,1356.726837718172,4901251
2023-11-20,1352.5372314453125,1367.036122395586,1349.7598968645575,1357.6212730677928,3584210
2023-11-21,1354.7967529296875,1365.1530866907901,1352.6784119330985,1357.6212075918063,3793135
2023-11-22,1372.4967041015625,1373.5793197717323,1352.1605387506925,1352.1605387506925,3108786
2023-11-23,1364.447021484375,1382.0057382429595,1362.9876738861756,1382.0057382429595,3186928
2023-11-24,1353.2904052734375,1367.6480498608116,1349.948087939533,1360.9635301203575,2973195
2023-11-28,1358.2801513671875,1360.4456124998921,1343.5460053605395,1359.504127646951,3755373
2023-11-29,1374.191162109375,1375.2267723820626,1364.964680220391,1366.1885414781705,3875778
2023-11-30,1370.001708984375,1375.179875684024,1364.729416784748,1368.21286477539,10120867
2023-12-01,1367.318359375,1374.4736205469867,1361.5282051305396,1374.4736205469867,3489187
2023-12-04,1378.663330078125,1385.7715867334168,1364.4940519087752,1374.9915161431222,5511948
2023-12-05,1368.8719482421875,1381.064246866101,1357.6212494620409,1380.0286364435226,5123039
2023-12-06,1388.03125,1390.5732132882843,1366.1417258233225,1371.5081438440814,5269178
2023-12-07,1380.1226806640625,1386.6659544767813,1376.2626157196041,1386.6659544767813,4424453
2023-12-08,1403.89501953125,1407.2372214649233,1380.4520260773586,1384.3592108075636,6323433
2023-12-11,1401.400146484375,1410.3442522227704,1395.2804951896835,1402.812373706227,3862018
2023-12-12,1389.6787109375,1402.812378171591,1381.7702154844862,1391.0438179520306,6103494
2023-12-13,1364.2115478515625,1389.6787590187653,1349.2890359623277,1389.6316388053183,8549258
2023-12-14,1413.592529296875,1422.5837565218126,1375.8390058650577,1377.7690959795298,12489858
2023-12-15,1486.0396728515625,1495.5957668241965,1431.9984208352303,1433.9285107001285,18395389
2023-12-18,1472.8118896484375,1499.7854551895782,1468.9989447357254,1476.2012123244115,6467243
2023-12-19,1467.115966796875,1481.8501135515992,1452.9465730697686,1478.2254196692145,4221721
2023-12-20,1446.497314453125,1490.8412269194432,1440.4717885612556,1473.470877793026,6592367
2023-12-21,1446.1207275390625,1456.1475641627426,1432.2338260213533,1432.2338260213533,5319038
2023-12-22,1471.4466552734375,1474.3652352440706,1433.8813877884545,1445.1320854708788,6741060
2023-12-26,1453.6055908203125,1457.4186507029785,1433.8815277911087,1445.1793467888062,6878067
2023-12-27,1475.40087890625,1478.131207944611,1453.6526019531718,1453.6526019531718,4225849
2023-12-28,1471.2113037109375,1477.1425892283842,1464.0089217215004,1477.1425892283842,5702253
2023-12-29,1452.6170654296875,1468.1985714635211,1449.8867362525718,1450.875341361868,4388990
2024-01-01,1460.572509765625,1465.8919221925776,1445.4146265550125,1448.9451947683858,2808451
2024-01-02,1444.6142578125,1458.5011582059428,1433.8813084212525,1455.535458187299,5396313
2024-01-03,1402.8123779296875,1431.0098022399532,1400.9294082948825,1431.0098022399532,7550363
2024-01-04,1424.18408203125,1430.821596173285,1405.5427510177758,1416.8875744672803,7056038
2024-01-05,1442.8726806640625,1449.6042055294993,1418.1115826606078,1418.5823250946862,8895403
2024-01-08,1433.693115234375,1446.1206687605984,1424.701889324203,1439.483154876404,4440136
2024-01-09,1439.812744140625,1462.1258878294154,1436.5645526388157,1451.675429581847,4412074
2024-01-10,1430.9627685546875,1445.602788218323,1416.9346220683428,1435.7171978317997,4096845
2024-01-11,1406.7667236328125,1435.7645051838629,1399.6114612154008,1435.6703796771912,11296088
2024-01-12,1518.3797607421875,1523.3225564289937,1464.3856251298819,1470.5994024363956,26754401
2024-01-15,1555.427001953125,1567.5250585454428,1540.2691197866588,1548.69536270453,13228305
2024-01-16,1536.0797119140625,1552.0378347627927,1529.9129399390588,1548.554386655104,6500917
2024-01-17,1544.223388671875,1551.0962739751476,1525.4408120839046,1525.4408120839046,9209876
2024-01-18,1546.48291015625,1552.508435864297,1532.972626255938,1546.5300303672077,6375464
2024-01-19,1562.111572265625,1568.0429726211407,1547.9422946366542,1554.9563105966838,4522736
2024-01-23,1546.0594482421875,1576.7047127157934,1541.8697714896578,1553.5442072103745,9401255
2024-01-24,1577.36376953125,1581.6945769350064,1548.7426065821937,1562.7707540892902,8999681
2024-01-25,1571.432373046875,1582.2124437614616,1560.9819139785684,1575.0570668097866,8865304
2024-01-29,1559.6636962890625,1581.0824754834941,1551.1903330912653,1567.7134372979071,4253785
2024-01-30,1554.815185546875,1591.109474259052,1551.8024798505812,1565.1715194029991,4995943
2024-01-31,1563.7122802734375,1569.690686352798,1542.2463787626282,1551.8024734029086,6763779
2024-02-01,1560.087646484375,1578.8702248339061,1553.7796285080506,1562.4413588052366,5760011
2024-02-02,1594.263427734375,1617.9417958851127,1567.5723538834523,1568.5609589964831,7858483
2024-02-05,1588.47314453125,1601.2303098308423,1583.436223722749,1595.581400903025,3634135
2024-02-06,1628.2508544921875,1631.5931715300217,1575.9984476716934,1588.0494991796102,7694265
2024-02-07,1594.639892578125,1627.8272320398985,1588.1436244214153,1627.8272320398985,4613877
2024-02-08,1593.08642578125,1606.50258433862,1584.3306859949523,1598.6412091518757,5919715
2024-02-09,1571.667724609375,1593.8397389846994,1562.6766131725003,1586.1194941932167,4600004
2024-02-12,1581.7886962890625,1593.8867538003944,1572.6092188693096,1572.6092188693096,3555808
2024-02-13,1585.9783935546875,1590.2620807833139,1566.1600909474707,1584.5190460262058,2696481
2024-02-14,1568.7020263671875,1571.7618521594686,1539.7984871618103,1563.0531172122069,3768579
2024-02-15,1578.258056640625,1588.9910065851047,1564.3711555313787,1578.870044759722,4834391
2024-02-16,1602.07763671875,1608.997527029752,1589.1792259716428,1590.1678309849335,4880654
2024-02-19,1600.288818359375,1611.3512649637125,1588.943880338882,1605.2316136506747,3690993
2024-02-20,1586.6373291015625,1595.1106926748687,1571.1028292171682,1586.401957891193,3706389
2024-02-21,1558.6751708984375,1576.045519089509,1549.0249519195443,1576.045519089509,4300508
2024-02-22,1582.965576171875,1586.0254020244706,1548.1777559110003,1567.5723214065963,5841277
2024-02-23,1578.728759765625,1599.0648084069708,1574.0684559887509,1597.6997014214783,5373072
2024-02-26,1563.0059814453125,1576.939887241313,1548.7424640342401,1576.939887241313,2782438
2024-02-27,1566.254150390625,1573.315286661556,1556.0861831168934,1563.8063128021718,5159088
2024-02-28,1573.45654296875,1589.0381630824766,1564.7949283890164,1572.2796869156693,3188916
2024-02-29,1575.951416015625,1583.8127910418666,1556.5568522895687,1567.5721783829442,7814722
2024-03-01,1557.875,1574.115614336737,1554.391551881323,1571.3382798848747,6387291
2024-03-04,1541.39892578125,1567.0543875331723,1538.0567235736469,1560.8406106080845,4445156
2024-03-05,1512.495361328125,1541.5401450012134,1508.2586796437324,1538.386193843857,4596579
2024-03-06,1522.8988037109375,1525.3466412368123,1483.7800637991031,1509.0119027331223,6420684
2024-03-07,1521.8631591796875,1533.1609775234701,1510.3299696204092,1522.004404894455,6348359
2024-03-11,1506.9407958984375,1519.3684662601204,1495.0781084516113,1514.0490532792123,6752895
2024-03-12,1518.56787109375,1529.9128089712128,1504.1632225256892,1506.375688833194,4614222
2024-03-13,1517.108642578125,1529.4420705773052,1505.0105857809417,1518.5208697901078,5688997
2024-03-14,1556.556884765625,1560.746446205705,1513.9075768353332,1519.9331026141767,8803799
2024-03-15,1538.3863525390625,1549.4959205173257,1523.6520906201538,1545.0708724563005,11809997
2024-03-18,1508.8707275390625,1537.1152732206572,1505.2930391151203,1534.6203153666463,4958904
2024-03-19,1470.0814208984375,1505.4342217324486,1466.8333442521293,1499.173324716635,6870411
2024-03-20,1463.9619140625,1482.7916122525826,1461.5140762832607,1471.540913554951,4759059
2024-03-21,1463.7264404296875,1484.6744782005846,1453.087730653012,1472.4822954464403,11062497
2024-03-22,1420.559326171875,1439.4361424981196,1410.5324900051585,1431.9983895472183,14673890
2024-03-26,1405.307373046875,1419.2412797585116,1400.8353200453062,1404.6953849138222,8351081
2024-03-27,1397.022216796875,1411.2857346994197,1394.8568706833632,1408.4612802603947,6857402
2024-03-28,1410.391357421875,1423.3367734843898,1400.129150066849,1400.129150066849,12499530
2024-04-01,1407.9434814453125,1440.4247089660325,1405.4486385196594,1435.7644049013911,6580002
2024-04-02,1396.080810546875,1405.7781506375063,1394.1978408148962,1397.9637802788536,7279400
2024-04-03,1394.0096435546875,1407.6140544217724,1388.6902308713024,1392.4561704804448,8736248
2024-04-04,1399.7054443359375,1408.1318024819914,1382.0997240670574,1403.3302528566012,11186915
2024-04-05,1392.55029296875,1399.7055552251502,1389.6788329794124,1393.4447725803975,5072482
2024-04-08,1390.2906494140625,1403.706808694374,1387.8428117589144,1396.2220500141934,6610887
2024-04-09,1407.3785400390625,1425.2197460789992,1400.2703987062528,1402.8123617129154,9423230
2024-04-10,1418.62939453125,1421.5008543199363,1397.6813569645744,1412.5567483925915,6744595
2024-04-12,1397.8697509765625,1418.6295396712196,1392.9269550899642,1415.9933358940898,12275616
2024-04-15,1382.2410888671875,1404.6483606920185,1375.5565690145563,1393.397662027,8531224
2024-04-16,1331.6832275390625,1370.0017306796847,1330.3652406637968,1366.094545486242,16173541
2024-04-18,1336.202392578125,1360.1631363842591,1325.1399454315383,1337.9441165902024,22107945
2024-04-19,1328.67041015625,1343.3575498977523,1298.0721544750609,1303.9564344137511,20603621
2024-04-22,1348.9124755859375,1352.7725406478596,1330.3652692316007,1336.814417739945,5859087
2024-04-23,1357.9976806640625,1362.1872419980825,1349.147700674865,1358.5625485511725,4856174
2024-04-24,1347.029541015625,1359.7867075742051,1343.546092803966,1359.7867075742051,4268213
2024-04-25,1354.27880859375,1360.351454707475,1336.9084594402714,1336.9084594402714,9089398
2024-04-26,1346.55859375,1360.8221110164066,1343.498768244188,1355.455578865194,8062444
2024-04-29,1350.79541015625,1355.549954695784,1344.6757585333085,1346.2762368329832,5055957
2024-04-30,1337.4263916015625,1352.4901496742034,1334.6019369629423,1350.7483107051714,6936588
2024-05-02,1331.6832275390625,1340.6744540126867,1329.2353898641165,1330.3181204493865,10076354
2024-05-03,1333.425048828125,1341.4276701119534,1321.0915052605797,1338.8855920418562,8842345
2024-05-06,1342.4632568359375,1361.1045877183944,1334.1781442699464,1336.9084732924218,6445422
2024-05-07,1356.632568359375,1358.892155017695,1332.7659500503705,1341.568810540377,6080661
2024-05-08,1343.7813720703125,1355.5028124792066,1342.1807788692665,1351.2661306551702,6234983
2024-05-09,1355.314453125,1365.1058028380908,1341.474557983215,1344.0166358308118,6088406
2024-05-10,1341.5218505859375,1351.925189724819,1330.3181573439954,1351.0779452607514,8777481
2024-05-13,1340.156494140625,1341.615841553252,1328.6233053272724,1341.615841553252,3735954
2024-05-14,1341.3333740234375,1349.8538575959403,1335.0725919265954,1342.9339671701941,3463230
2024-05-15,1336.861328125,1348.0180152167325,1335.5433413149956,1342.5573572737128,4327544
2024-05-16,1368.306884765625,1370.5664712276148,1343.4987837484503,1350.0420570116073,9249145
2024-05-17,1359.78662109375,1371.7434327729238,1355.0320766083944,1371.7434327729238,7542860
2024-05-21,1350.23046875,1360.1630645795747,1344.8169310704366,1346.323283787107,6752663
2024-05-22,1369.6722412109375,1374.5207963720839,1344.4404006067602,1345.1465142625411,7173285
2024-05-23,1386.2423095703125,1391.6558474322132,1365.153026044568,1369.5779588477037,8641428
2024-05-24,1379.369384765625,1389.1608498646779,1374.5678351761637,1382.3350849297278,5277938
2024-05-27,1385.2537841796875,1393.0210346021652,1374.8033247785525,1385.7245266295347,5821844
2024-05-28,1381.2054443359375,1389.6316880724814,1374.8504213721912,1389.1609456307224,6186922
2024-05-29,1366.0474853515625,1379.7461367746178,1365.1531206572472,1379.6520112690093,7401634
2024-05-30,1343.9224853515625,1365.011768697552,1338.3678167520543,1358.3743695494225,9663150
2024-05-31,1351.076904296875,1379.7424895610318,1344.4506597427837,1353.8618612517012,37113815
2024-06-03,1350.11669921875,1382.8636553906256,1348.2920640058599,1382.8636553906256,10589244
2024-06-04,1338.3526611328125,1358.8555105856897,1304.4532506211224,1353.09357909204,13736134
2024-06-05,1373.3563232421875,1380.9428896837226,1344.594729280313,1344.594729280313,9233424
2024-06-06,1413.833984375,1415.8026912541518,1380.4627967662166,1387.6171483700416,12660930
2024-06-07,1472.749755859375,1478.607696455328,1418.6356360706318,1422.2368434730788,24075302
2024-06-10,1440.242919921875,1469.1006429210506,1437.8901779119085,1464.7791939197848,6810606
2024-06-11,1436.4014892578125,1446.6768867495505,1434.67286293827,1440.530920339611,4853054
2024-06-12,1426.2701416015625,1448.8857708643502,1423.9173996680136,1447.205207418443,9564320
2024-06-13,1434.6729736328125,1445.2845783914581,1430.2555159747842,1435.6813586014816,7307565
2024-06-14,1429.8233642578125,1444.0360586769375,1427.0864701658527,1444.0360586769375,4237727
2024-06-18,1438.7542724609375,1447.2051523581276,1436.0654413858667,1437.6019330325926,5420939
2024-06-19,1451.382568359375,1455.5119996711499,1437.3138282236787,1445.2845473689924,5493456
2024-06-20,1455.2718505859375,1457.2885031581282,1439.618556511379,1456.1361637531038,7927010
2024-06-21,1471.885498046875,1495.94161129154,1463.2425999556383,1483.6975056622882,17301941
2024-06-24,1466.5556640625,1468.428244941943,1455.271881344855,1464.0588504809766,5564989
2024-06-25,1480.768310546875,1482.6410085926723,1460.0253808999469,1465.451223093983,4551525
2024-06-26,1479.5679931640625,1487.3946405637594,1474.0942048965353,1479.8561366420593,4851004
2024-06-27,1510.9224853515625,1515.7721579895247,1471.2612599725667,1477.4072265440695,14757754
2024-06-28,1504.58447265625,1525.4714758668922,1502.1836676895095,1510.15438706981,8197544
2024-07-01,1527.68017578125,1536.4190819140294,1497.6220524294586,1497.6220524294586,6801771
2024-07-02,1556.72998046875,1568.9740856185726,1523.550809426941,1532.86588566981,10493173
2024-07-03,1562.8280029296875,1571.086748455425,1542.2770892539197,1560.5232067482063,7269965
2024-07-04,1585.1553955078125,1594.13438198508,1563.4040806456085,1563.5960981382616,8008311
2024-07-05,1582.0823974609375,1599.7523453204356,1568.5418810019864,1585.9236853770542,7065022
2024-07-08,1595.718994140625,1599.8963711842514,1574.9280004454815,1577.904975049744,5880533
2024-07-09,1591.3974609375,1600.6165277373964,1585.4914578037747,1594.0383461640054,5191182
2024-07-10,1582.8507080078125,1607.5789990626897,1572.575309683498,1591.2535253565572,9852770
2024-07-11,1587.1241455078125,1598.9361531696993,1576.8968098410567,1590.2932550444577,8857679
2024-07-12,1643.8310546875,1651.5136300854847,1600.520559326722,1613.340833576749,17078316
2024-07-15,1639.3175048828125,1659.436201288973,1635.092065184172,1657.707575021914,6942230
2024-07-16,1657.563720703125,1668.943512173137,1632.547287437264,1650.4092519603355,6886281
2024-07-18,1688.2940673828125,1695.3524103380762,1650.7934479826547,1650.7934479826547,11248896
2024-07-19,1721.8092041015625,1770.8336868455729,1715.5671113876276,1770.8336868455729,29819116
2024-07-22,1738.9990234375,1750.6669588687384,1721.8092366549201,1728.7236252048558,8462126
2024-07-23,1764.015380859375,1766.9442924167647,1712.494085746934,1738.1826974355533,7113056
2024-07-24,1761.182373046875,1769.249100779416,1747.4017766683005,1764.5915628208677,6002845
2024-07-25,1752.443603515625,1758.253598590097,1740.103489083107,1747.7860651938493,5815599
2024-07-26,1804.348876953125,1808.2861733754446,1752.9235913028444,1752.9235913028444,11369047
2024-07-29,1796.8583984375,1827.4926924499405,1790.040135957272,1818.4656425678857,4635931
2024-07-30,1802.6683349609375,1805.3571660297775,1786.1987904104494,1796.8583403917328,2721265
2024-07-31,1794.1214599609375,1810.350924152097,1791.048476651269,1802.5242769151237,5004209
2024-08-01,1779.092529296875,1793.7855029159562,1771.8901142339544,1782.453656326238,7475014
2024-08-02,1748.938232421875,1785.7186088193323,1744.0886770658112,1769.8732971519382,7400938
2024-08-05,1682.3880615234375,1726.1787193591779,1650.3613476722035,1714.1266318965754,10736703
2024-08-06,1681.619873046875,1725.6506144088735,1675.617860395926,1690.3587800212945,7690163
2024-08-07,1720.5609130859375,1726.5629255103806,1692.183351452448,1724.7382902879888,5094329
2024-08-08,1673.9852294921875,1709.3250068929763,1658.5720153140558,1709.3250068929763,6227910
2024-08-09,1700.489990234375,1710.0932091542359,1686.32524232758,1700.970151180368,4258524
2024-08-12,1726.0826416015625,1731.9405818653124,1697.9451624687292,1702.6988263064616,4315329
2024-08-13,1726.130615234375,1738.1827024097588,1718.0640047615366,1738.1827024097588,4176918
2024-08-14,1750.9071044921875,1752.5876680094568,1726.130749746865,1730.5002617824882,7450718
2024-08-16,1785.1904296875,1787.9753867685558,1756.9089953467567,1776.5955951852964,7335657
2024-08-19,1790.8084716796875,1793.449357119504,1775.8273550396493,1786.1988792940135,2585989
2024-08-20,1797.9146728515625,1810.8790189238414,1794.0733851264426,1805.405230806265,3870333
2024-08-21,1798.394775390625,1804.444850251852,1793.0169961955314,1800.6995713961778,1966902
2024-08-22,1805.6453857421875,1818.513723597305,1795.51394205871,1809.2465931329778,4300287
2024-08-23,1788.2154541015625,1807.9020537953018,1783.3178356718943,1803.67661383031,5015935
2024-08-26,1801.7080078125,1813.8080406542315,1790.0400729474454,1795.8020045127269,3728589
2024-08-27,1824.707763671875,1827.2526403543604,1799.5473747842314,1801.7080992308468,3830679
2024-08-28,1862.1602783203125,1873.588133022963,1822.1148997127973,1831.2379582795415,6514531
2024-08-29,1856.638427734375,1873.1079727033768,1844.6824662886909,1856.3023384955793,7228284
2024-08-30,1866.5777587890625,1872.6278340667684,1851.5007508106305,1861.1039704725115,13466759
2024-09-02,1886.552490234375,1897.3561122833119,1865.713550595146,1866.241657337013,5573739
2024-09-03,1864.22509765625,1888.9533893572925,1859.6155051280512,1888.9533893572925,4694322
2024-09-04,1846.1708984375,1850.7324277310104,1824.6597803927025,1844.8744872415468,4778310
2024-09-05,1856.4464111328125,1863.0245930805459,1833.8307821972226,1849.8201661965988,4081810
2024-09-06,1826.3883056640625,1859.6634851962026,1821.5866958391305,1845.7388167038994,5848106
2024-09-09,1819.4739990234375,1844.634387126065,1814.0481565814205,1815.0084785277315,4772612
2024-09-10,1836.4237060546875,1858.2229673598686,1820.7704114285846,1829.317300201853,6909600
2024-09-11,1834.3590087890625,1849.5800883553493,1829.4133272673625,1838.7284033553788,5312946
2024-09-12,1873.0599365234375,1878.773922571952,1834.9832642548035,1848.6197893164426,8555092
2024-09-13,1866.9619140625,1880.886582594913,1858.8472403257115,1873.0599351123685,3843127
2024-09-16,1872.867919921875,1874.548483367517,1856.3504289468578,1868.5464710616527,1570181
2024-09-17,1875.07666015625,1880.7424658489679,1865.0892884852562,1870.467067930622,2793127
2024-09-18,1817.0731201171875,1861.824097546446,1806.6536508696367,1861.824097546446,6385468
2024-09-19,1819.0418701171875,1848.5238256038056,1804.253005223771,1834.7911742292838,7976570
2024-09-20,1830.1336669921875,1839.0166455673825,1793.305341425795,1829.4134254860905,15242974
2024-09-23,1821.2025146484375,1842.761812755645,1803.9167195535472,1833.2546020080952,3636672
2024-09-24,1823.2672119140625,1835.0792186672709,1797.1465020357018,1813.0878227950013,7277616
2024-09-25,1820.0982666015625,1826.1482246431408,1802.3323102544668,1811.5033146813457,4268341
2024-09-26,1824.8519287109375,1841.8495816692773,1817.8895940269988,1822.4991866395028,8952803
2024-09-27,1831.0938720703125,1896.2516927156676,1827.7808082445556,1855.4380099764576,14908931
2024-09-30,1801.179931640625,1825.8122145485347,1796.282312853667,1805.40537191387,6986955
2024-10-01,1828.7890625,1833.2065199774477,1800.6036370139677,1800.6036370139677,4029072
2024-10-03,1818.2735595703125,1835.9914522282918,1806.3655442331449,1814.528280610594,7503887
2024-10-04,1842.04150390625,1876.565029844856,1811.1671309069884,1814.5763205944831,10001483
2024-10-07,1857.55078125,1864.9452133204372,1840.0249057901142,1846.8911139011777,6112575
2024-10-08,1871.2353515625,1880.2622839615105,1830.7096956078074,1861.007899519078,5637391
2024-10-09,1875.2686767578125,1898.5564839074102,1867.9221904384558,1875.07665925967,4857163
2024-10-10,1842.85791015625,1886.0723999723164,1838.1523089309171,1880.214459242611,4782119
2024-10-11,1858.319091796875,1869.7469471224404,1834.3110416283794,1841.8976089269854,4709431
2024-10-14,1881.1746826171875,1891.354071794841,1854.477685639696,1855.4860705732615,3751378
2024-10-15,1881.558837890625,1912.433094709219,1874.3083602991192,1882.2310163628915,5353705
2024-10-16,1843.914306640625,1881.7990810660253,1840.3130990275722,1877.4295689381306,3111512
2024-10-17,1890.0096435546875,1899.516854492198,1853.5654717255002,1858.415027332384,8162822
2024-10-18,1805.0211181640625,1859.9995499352583,1795.0818094027522,1818.6577602233042,10526196
2024-10-21,1779.2364501953125,1823.4593218230411,1765.071701772492,1816.0647726492866,4654601
2024-10-22,1778.1319580078125,1803.2924614363872,1773.6664378494722,1784.4700589292672,4125240
2024-10-23,1799.0672607421875,1811.167294513619,1770.8337704576425,1772.0341729593083,4311910
2024-10-24,1789.4158935546875,1809.2465653946333,1786.198838446931,1787.5433126309072,2906475
2024-10-25,1788.1676025390625,1801.9001366151979,1773.1385399992107,1789.5119595392343,4689120
2024-10-28,1791.336669921875,1807.2300463621355,1783.3180044404317,1785.9108270230458,7018940
2024-10-29,1786.4317626953125,1798.378144066303,1776.4277753656768,1792.9391324904534,4621252
2024-10-30,1750.301025390625,1786.1404080241402,1744.7163014394891,1779.3416136488445,5919715
2024-10-31,1706.740234375,1736.5092654474463,1696.2992285309076,1736.5092654474463,7395236
2024-11-01,1710.236572265625,1715.2385657478123,1701.6895882617994,1713.7816813488193,371966
2024-11-04,1712.9561767578125,1716.2098616116575,1668.6183034798119,1674.9314693544445,7336722
2024-11-05,1703.7777099609375,1717.6181118779048,1694.842199656711,1709.4110437798347,3160880
2024-11-06,1771.2801513671875,1774.679548579323,1711.985022561022,1713.296194916247,10421494
2024-11-07,1751.2237548828125,1773.22261567757,1735.6350435250165,1760.8390975998175,4550965
2024-11-08,1777.3504638671875,1787.694367437014,1761.0334287500186,1765.7439982122546,4210960
2024-11-11,1806.6337890625,1814.306737413767,1770.163186757311,1776.427742360696,3804234
2024-11-12,1815.083740234375,1826.9330191433785,1807.5078940062876,1817.3175584882076,5012450
2024-11-13,1814.6953125,1819.3572716489662,1802.943134866599,1807.605094015565,4257495
2024-11-14,1810.9559326171875,1822.0767695268303,1802.6516440521305,1811.975680567675,4311431
2024-11-18,1759.3822021484375,1796.047127993138,1743.4050832115965,1796.047127993138,4839244
2024-11-19,1772.2999267578125,1806.24528689049,1768.2206977377823,1773.0283689800722,4669769
2024-11-21,1781.3326416015625,1813.3354888516371,1768.26917339711,1789.0540816629436,5436504
2024-11-22,1847.572265625,1859.0331371970146,1781.2840242640295,1800.80625185363,6301486
2024-11-25,1835.383056640625,1864.1323391283017,1827.904430253904,1860.927145784527,12764638
2024-11-26,1868.8427734375,1882.8773790978912,1842.7645663309452,1850.194581938472,6850495
2024-11-27,1869.1827392578125,1885.5969943515,1856.7992214996743,1874.621750796134,4447143
2024-11-28,1803.282958984375,1859.8586361338635,1798.4266776839897,1859.8586361338635,8468790
2024-11-29,1804.448486328125,1823.0480681141644,1791.9678666332622,1797.8925063282472,5244346
2024-12-02,1825.7677001953125,1828.6814691911163,1782.4495729417774,1805.5655210664468,2868263
2024-12-03,1837.7139892578125,1845.1441235346933,1817.3662175546285,1832.760605927078,4715792
2024-12-04,1834.9459228515625,1858.935905488834,1821.1055208927776,1829.8468273930628,4705573
2024-12-05,1879.2352294921875,1893.8526842407528,1834.654541582606,1845.386971128795,9050038
2024-12-06,1867.1431884765625,1882.2461532385446,1857.4306251975142,1877.2442779990854,3573331
2024-12-09,1868.357177734375,1874.7188352688952,1842.6673778401903,1868.8912975545852,4274645
2024-12-10,1892.54150390625,1909.101352624084,1876.4671647750902,1883.2659588503623,6174921
2024-12-11,1917.4056396484375,1921.1449526741415,1895.8922889888395,1898.806057875605,5025612
2024-12-12,1929.88623046875,1941.3471020098962,1913.9091120699152,1918.4253589276038,6462130
2024-12-13,1942.22119140625,1948.7771714843159,1897.6406217246506,1913.132112410419,5362693
2024-12-16,1923.1361083984375,1942.1240981650324,1920.7564592966078,1938.0933607570853,3119221
2024-12-17,1919.7852783203125,1925.0300863243267,1901.7199339167669,1911.4324974199167,5811050
2024-12-18,1922.261962890625,1927.8951783904936,1905.216367108079,1910.2669710918078,3064095
2024-12-19,1890.259033203125,1903.4196039771014,1864.8121646312206,1878.4097533316565,5323592
2024-12-20,1866.9002685546875,1923.038809987995,1856.3135514684034,1918.3768510152895,11056720
2024-12-23,1868.988525390625,1884.2372017118134,1854.1282567360063,1874.5732490554924,2781793
2024-12-24,1854.1768798828125,1886.1797274213886,1787.111585198432,1871.6594932162752,2360544
2024-12-26,1852.5743408203125,1864.5693327398988,1847.6209572676305,1854.1769374712999,3623321
2024-12-27,1861.655517578125,1868.8428379280153,1849.1748978049127,1854.5168074679777,3937500
2024-12-30,1851.2144775390625,1860.9270403802957,1832.2749799986577,1860.6356160704356,7789055
2024-12-31,1825.9617919921875,1842.473148621904,1792.0164326986576,1837.9082915665463,3613063
2025-01-01,1828.3900146484375,1838.5395957247827,1820.134335963438,1820.134335963438,1838368
2025-01-02,1901.57421875,1906.2362966487788,1831.109641782825,1832.7607301511275,7083645
2025-01-03,1883.023193359375,1896.8149857004253,1866.7546499738073,1896.8149857004253,6218003
2025-01-06,1882.1490478515625,1916.288731426852,1872.5821967516326,1895.8923485784164,7164403
2025-01-07,1875.3502197265625,1902.2540906114118,1868.357221729347,1889.0935202054077,4294832
2025-01-08,1877.5841064453125,1882.8774057609294,1834.460303784991,1874.5246254427705,5482050
2025-01-09,1862.1898193359375,1895.74665458795,1855.6338390718154,1878.4583629543145,6833503
2025-01-10,1910.4124755859375,1920.9507009797642,1876.709930393327,1881.3233976824297,8036913
2025-01-13,1905.799072265625,1925.8070469770787,1892.9785364775742,1899.7773306055078,5804152
2025-01-14,1884.285888671875,1915.1232771204202,1875.5930733895989,1912.2579998126723,5792162
2025-01-15,1893.60986328125,1901.7684398888914,1881.420549328485,1891.036010381721,2985439
2025-01-16,1873.0191650390625,1910.41253260361,1861.7526156669912,1909.4412763032324,7533579
2025-01-17,1763.2672119140625,1804.5942151264314,1759.9164250856263,1797.7954209897873,16409953
2025-01-20,1761.17919921875,1775.4080099966866,1741.60835991682,1770.5517282126625,4333011
2025-01-21,1748.941162109375,1779.0016155615642,1741.5111463055791,1766.7638099629812,7169109
2025-01-22,1803.0887451171875,1812.1700865447272,1753.2633671133483,1755.448693830049,8373913
2025-01-23,1811.8299560546875,1825.5247642701754,1799.446438649042,1804.5941442893445,5907471
2025-01-24,1821.5426025390625,1840.4336089404926,1810.6645792715367,1811.8786496612856,4887027
2025-01-27,1769.6290283203125,1809.4505377391558,1759.9164650474238,1795.6101350752897,7652371
2025-01-28,1777.15625,1809.9361507719634,1772.4456805643415,1777.3990640797924,6999495
2025-01-29,1827.1759033203125,1834.36322360914,1787.5972093347696,1791.9678626583263,5145155
2025-01-30,1806.488037109375,1832.9547702492719,1790.9965471548646,1819.3086909049005,7336056
2025-01-31,1825.7677001953125,1842.910279604707,1817.2205970496623,1817.2205970496623,5820470
2025-02-01,1798.1353759765625,1836.2571867836969,1792.9391783431893,1826.2533177597818,1701402
2025-02-03,1809.741943359375,1822.6110895629577,1779.7300994439906,1783.2265984737837,4823228
2025-02-04,1844.2215576171875,1856.2650411997822,1821.1056096540206,1834.703198206104,7334787
2025-02-05,1842.521728515625,1864.5205878724964,1839.8507738106882,1851.2144245852517,4996744
2025-02-06,1860.587158203125,1868.6971246106148,1845.3869733680706,1861.898330498206,4765255
2025-02-07,1848.9320068359375,1868.40562375176,1835.140096778848,1864.13219104828,4126260
2025-02-10,1826.2532958984375,1850.2432794461592,1824.6020890265615,1850.2432794461592,3828734
2025-02-11,1821.7369384765625,1848.3007750893653,1816.249316561804,1828.9727506286142,4411601
2025-02-12,1809.5963134765625,1840.142278618334,1793.9104995274497,1830.8182412610952,5633947
2025-02-13,1790.268310546875,1819.6488158467762,1782.8867858202054,1814.792533979024,5237744
2025-02-14,1803.040283203125,1805.856950285683,1775.7964955938853,1800.7092442878504,5292961
2025-02-17,1789.345458984375,1799.4950394980904,1769.77462159192,1785.703248001718,4428956
2025-02-18,1798.7181396484375,1808.1393973263787,1784.780634818134,1789.3456107739096,4365260
2025-02-19,1758.7509765625,1796.0471240806544,1753.9917969230971,1794.2989338566194,4611411
2025-02-20,1772.6884765625,1778.3703022593725,1753.6518766132701,1753.6518766132701,2218020
2025-02-21,1762.8302001953125,1777.2533326664163,1754.2830972545896,1769.4347905187403,3379879
2025-02-24,1713.3931884765625,1756.0313630959042,1699.9413126430345,1748.309923055587,7594720
2025-02-25,1716.8897705078125,1727.330776075937,1694.9880113599872,1694.9880113599872,5092963
2025-02-27,1713.5875244140625,1724.8054634563641,1700.7668702151418,1704.748997302386,5757079
2025-02-28,1639.189208984375,1704.6519072727174,1634.0901134127998,1704.6034155946859,12182167
2025-03-03,1659.488525390625,1678.9136517994152,1643.6571185043986,1643.6571185043986,7504969
2025-03-04,1639.7720947265625,1650.1644899401717,1621.9980566215932,1646.2794646548505,6759673
2025-03-05,1662.30517578125,1683.1385762213686,1643.8026956375877,1643.8026956375877,8180782
2025-03-06,1666.5301513671875,1672.794825837321,1642.4915571816716,1665.7046071983816,10610547
2025-03-07,1637.5380859375,1655.9919552333556,1627.339895010843,1654.1465445914585,8019331
2025-03-10,1652.5439453125,1669.5895404009018,1628.0197243147556,1637.5380832553346,7558981
2025-03-11,1613.83935546875,1631.7104941166237,1589.9950857541564,1631.7104941166237,12671234
2025-03-12,1545.123046875,1589.84944650162,1518.850635339536,1589.84944650162,14870008
2025-03-13,1534.439208984375,1559.886194636392,1525.163782654934,1553.2816045131979,7822888
2025-03-17,1544.34619140625,1548.1826065260266,1500.736758011993,1500.736758011993,7526032
2025-03-18,1544.34619140625,1544.34619140625,1544.34619140625,1544.34619140625,0
2025-03-19,1540.94677734375,1556.9238965430377,1527.5920028100838,1556.9238965430377,7387068
2025-03-20,1569.11328125,1584.9932992405397,1546.240146235024,1546.240146235024,7186750
2025-03-21,1546.7742919921875,1557.7980274559397,1518.7049607743006,1532.59385494289,10074677
2025-03-24,1546.968505859375,1560.9060103586978,1527.4947691913153,1552.0189913058653,8857726
2025-03-25,1581.6422119140625,1589.1209562659596,1558.8663000022038,1558.8663000022038,9890140
2025-03-26,1553.4759521484375,1590.6751185099797,1549.153908730525,1579.2628561729366,6651302
2025-03-27,1557.4581298828125,1573.3866387891755,1540.4125339270274,1549.688079270318,9426573
2025-03-28,1525.5037841796875,1552.504639118573,1515.1598805138667,1544.2975705237486,6799047
2025-04-01,1482.6226806640625,1502.92196020728,1474.2212903040318,1495.0061979771754,12680733
2025-04-02,1505.593017578125,1510.9349273715397,1491.0726643663595,1491.0726643663595,6193478
2025-04-03,1453.4849853515625,1490.538435185599,1442.3641486583924,1490.538435185599,10459504
2025-04-04,1409.9241943359375,1429.6892358061361,1406.3790852223406,1418.5197886514006,9590254
2025-04-07,1356.602294921875,1365.489314158466,1269.4320382766355,1313.1385736419368,21715252
2025-04-08,1387.7310791015625,1414.6348317731379,1374.3276944448953,1389.8677955834949,12805001
2025-04-09,1363.3524169921875,1368.9371407012397,1342.1791008495861,1364.663707842691,8546854
2025-04-11,1368.937255859375,1397.4437254302495,1356.893771609889,1370.6855647660782,12567440
2025-04-15,1385.011474609375,1406.087688754894,1368.5001176189407,1404.0480742507405,10178530
2025-04-16,1372.4822998046875,1386.4684147056246,1356.6508927211694,1384.0402738742662,12022740
2025-04-17,1378.6982421875,1388.7022289531085,1338.6825322481727,1357.8162328834976,14264227
2025-04-21,1409.29296875,1429.4951483248678,1369.4714582615436,1369.4714582615436,15648970
2025-04-22,1381.903564453125,1398.6091260339042,1378.5041672717928,1398.6091260339042,9399738
2025-04-23,1432.505859375,1445.0350886470426,1398.2204665039803,1404.4365301839098,11136642
2025-04-24,1429.1065673828125,1440.2760150192205,1419.4911061400271,1427.6496829084983,7114292
2025-04-25,1437.653564453125,1458.535575435,1421.4336312546193,1433.0887071514799,8329979
2025-04-28,1439.4989013671875,1446.7833234291916,1423.1818670852326,1437.6534907325017,5886253
2025-04-29,1454.4564208984375,1466.4029217301106,1431.7289980215003,1439.4019470928108,8056743
2025-04-30,1456.9815673828125,1465.431568419441,1439.984581952398,1453.7764926957282,7704183
2025-05-02,1463.586181640625,1479.4175886205041,1453.1936678135066,1456.5930649551544,7402310
2025-05-05,1465.2373046875,1479.2234198282615,1459.6040889990923,1471.453369034679,4282493
2025-05-06,1468.0538330078125,1472.0359599506996,1456.0102317041706,1462.7119235923028,4270530
2025-05-07,1464.9459228515625,1475.1441139885928,1453.5821530190785,1456.8844481471906,5691799
2025-05-08,1467.9569091796875,1472.9102929808603,1458.0500230157727,1464.654613791716,8424409
2025-05-09,1464.2659912109375,1467.9568126185206,1451.1540310083215,1457.5642989506216,4478653
2025-05-12,1580.136962890625,1585.0903465111594,1487.96471253376,1492.8209942326298,11372857
2025-05-13,1523.5125732421875,1565.859323230766,1519.627548132014,1562.7513505672503,12846210
2025-05-14,1546.6285400390625,1549.1537826809642,1524.3867472838704,1528.75740058924,4870057
2025-05-15,1566.6363525390625,1572.0753639006625,1525.8435894847285,1544.103254657481,11151167
2025-05-16,1544.200439453125,1566.2479103864578,1536.0418626920532,1566.2479103864578,4576751
2025-05-19,1514.965576171875,1539.4411867318856,1510.9833306187809,1531.185508443418,8855798
2025-05-20,1515.7425537109375,1537.9843466293191,1513.2173110505078,1524.8723866170074,7143998
2025-05-21,1523.41552734375,1525.8436681268927,1507.4869000940212,1522.832797268108,4157309
2025-05-22,1503.01904296875,1515.936798484799,1495.7346211126817,1510.7890929485561,6158990
2025-05-23,1519.8218994140625,1541.5779455953386,1505.447258808557,1505.447258808557,5038421
2025-05-26,1535.070556640625,1538.275749801986,1517.782147363295,1521.5700705826603,3170102
2025-05-27,1524.9696044921875,1537.401733466409,1511.6634396332652,1534.487964353223,7775714
2025-05-28,1526.6207275390625,1542.063608140773,1524.8724187426308,1535.556238237006,3623370
2025-05-29,1540.0240478515625,1562.6543682753302,1531.2827406845122,1543.3263431603168,8609500
2025-05-30,1539.1375732421875,1548.297396005105,1531.652190030095,1547.3124739974683,13148092
2025-06-02,1530.371826171875,1536.4782943781508,1515.7949327230604,1536.4782943781508,4374509
2025-06-03,1519.734619140625,1543.6682714095227,1512.4461724234918,1535.4933708621093,6853403
2025-06-04,1527.8109130859375,1533.8190332918903,1518.158749909477,1519.7346010168856,4548307
2025-06-05,1530.8642578125,1544.0621159555858,1518.3556767230737,1524.5607331925255,6948539
2025-06-06,1540.2210693359375,1545.2441474823067,1519.8331118292815,1531.2581829658582,3960020
2025-06-09,1549.183837890625,1564.0561360451065,1547.3124620446238,1554.2069160448225,2903202
2025-06-10,1571.935546875,1583.2621501262925,1553.7144894707471,1560.116482612782,8591925
2025-06-11,1606.5062255859375,1609.9534525332194,1566.1244242034918,1566.1244242034918,10597410
2025-06-12,1584.345458984375,1603.452969273507,1574.0037782857437,1592.6188275892266,10483574
2025-06-13,1577.844970703125,1584.7394243828517,1546.5244044661895,1552.2369998927122,6968315
2025-06-16,1599.31640625,1610.1505483486199,1573.01891647278,1575.875214344727,5591842
2025-06-17,1615.173583984375,1622.5604988569514,1591.2399317053334,1596.2630097727385,7622083
2025-06-18,1608.2791748046875,1619.9011823893957,1596.5585788351507,1596.5585788351507,5629707
2025-06-19,1593.997802734375,1605.4228739879738,1587.2018168292147,1599.4148737815738,5147760
2025-06-20,1598.429931640625,1606.1122510729595,1584.6410236941556,1594.58871180959,9202821
2025-06-23,1560.116455078125,1576.8601291540897,1551.6461498856431,1576.8601291540897,7943676
2025-06-24,1557.7525634765625,1584.739449496533,1552.827953627288,1576.860073737694,8083992
2025-06-25,1590.550537109375,1595.4751470327865,1561.199813873949,1566.025955644839,7813533
2025-06-26,1591.6339111328125,1599.5132869304996,1582.3756205245834,1584.5425210067874,6519233
2025-06-27,1583.7545166015625,1605.0288069577266,1578.238977654369,1594.5886581952298,8912268
2025-06-30,1577.6480712890625,1590.648993297183,1570.064099926214,1590.648993297183,6294505
2025-07-01,1582.57275390625,1593.308307768125,1576.3676970723639,1584.7395342639384,4178937
2025-07-02,1586.2169189453125,1624.1364168524187,1579.2239966239758,1593.6038341220215,8653641
2025-07-03,1594.293212890625,1607.786716594206,1590.6490495377586,1594.0962765801005,5259695
2025-07-04,1615.96142578125,1618.6207872342948,1587.9897380569496,1600.4981989662078,4411273
2025-07-07,1602.4681396484375,1619.2118141254034,1598.5284515362102,1615.2721260131761,3294523
2025-07-08,1613.9915771484375,1621.378491891406,1597.0509674297891,1603.4529602070286,4590681
2025-07-09,1609.0670166015625,1613.3022292758048,1599.1193284889714,1613.1052929685202,4580828
2025-07-10,1591.43701171875,1614.1886858160015,1582.868118202301,1614.1886858160015,5330179
2025-07-11,1570.85205078125,1582.8680505457567,1539.433016356687,1555.2902357933656,11391755
2025-07-14,1546.623046875,1567.7988696310574,1536.2813659941348,1567.7988696310574,9173426
2025-07-15,1561.6922607421875,1579.4208563061295,1540.4179701114037,1541.5013602388092,7614807
2025-07-16,1583.6561279296875,1587.6942841349517,1554.6993967165145,1555.1918577227598,6223491
2025-07-17,1559.6240234375,1585.7244570472844,1556.2752645133157,1573.9053927711557,7374814
2025-07-18,1562.1846923828125,1575.1857343566385,1556.176692489401,1568.0942241264431,5161833
2025-07-21,1560.4119873046875,1565.041072656143,1543.1758521432762,1556.1767745731315,3682661
2025-07-22,1547.2139892578125,1561.889351060241,1541.4029254290974,1541.4029254290974,8473741
2025-07-23,1550.7596435546875,1567.897309898412,1526.629055261839,1552.5325511946266,8035026
2025-07-24,1529.0914306640625,1558.1466301517212,1524.8562179010848,1556.1767861186595,14169664
2025-07-25,1492.84619140625,1526.1366022975346,1488.512630894258,1520.12860228797,10851259
2025-07-28,1493.1417236328125,1496.392014262957,1460.14683725966,1491.0734115180542,6439855
2025-07-29,1490.8763427734375,1494.3235696797126,1473.5417400906863,1490.0884773327002,7070448
2025-07-30,1496.0965576171875,1498.7557989957106,1483.2925712781332,1496.9830114866083,5719051
2025-07-31,1486.247314453125,1504.0743788045277,1474.428250322285,1486.936711768862,6851407
2025-08-01,1447.4412841796875,1476.1024890867666,1443.4031282013243,1471.3749358302919,8702978
2025-08-04,1458.177001953125,1460.4423706154291,1429.1218033326475,1439.4634841975633,8610216
2025-08-05,1438.2816162109375,1456.4040844682859,1433.0614816224124,1456.4040844682859,10213323
2025-08-06,1415.037353515625,1434.14486387826,1408.7339490588547,1430.1067078263497,10566934
2025-08-07,1415.234375,1420.2574529025999,1392.876574581379,1408.4383894942564,9892020
2025-08-08,1401.6424560546875,1411.590144080286,1395.7329241309972,1403.5138318764698,10048009
2025-08-11,1406.66552734375,1411.7871937906966,1392.6796832838538,1398.4907470266712,6625368
2025-08-12,1402.62744140625,1419.2726477892124,1399.5742071536924,1406.6655976905836,9899184
2025-08-13,1405.0897216796875,1412.3781686321047,1400.953097311154,1403.5138705026145,10318063
2025-08-14,1425.8714599609375,1447.835267553816,1404.6956380205245,1404.6956380205245,12902347
2025-08-18,1414.1510009765625,1442.6151494914589,1408.0444126749926,1442.6151494914589,7254561
2025-08-19,1418.2877197265625,1427.5460108318366,1411.0977408332749,1411.0977408332749,3986094
2025-08-20,1473.6402587890625,1476.3980885005715,1418.9770874002822,1418.9770874002822,10413061
2025-08-21,1473.8372802734375,1485.262351237006,1461.9197483180794,1485.262351237006,6565539
2025-08-22,1465.0714111328125,1481.6181481033814,1463.6924963469764,1475.5115598317454,5543397
2025-08-25,1508.9989013671875,1515.7948868943363,1483.981859694785,1483.981859694785,10694531
2025-08-26,1506.53662109375,1515.2039825206518,1495.7024794249892,1500.03616013844,15994798
2025-08-28,1477.4814453125,1506.5366438633127,1475.413133190423,1506.5366438633127,5443364
2025-08-29,1447.4412841796875,1479.254311487481,1445.5699084151588,1479.254311487481,8169075
2025-09-01,1476.7921142578125,1480.7318023736236,1453.941851048263,1454.4343120627393,4546057
2025-09-02,1476.1025390625,1489.9900353122632,1463.8896025641538,1476.7920565936874,5218763
2025-09-03,1456.798095703125,1479.2543652339205,1450.7900955921732,1477.3829894013984,4623483
2025-09-04,1440.94091796875,1461.6242804276317,1438.0846200594328,1461.6242804276317,5787724
2025-09-05,1422.8182373046875,1450.4945202945664,1411.3931666312185,1447.835279098319,5466487
2025-09-08,1411.2947998046875,1436.0163186937275,1406.7641825159365,1429.1218644887508,3811567
2025-09-09,1481.6181640625,1484.474341584966,1450.297597398603,1458.6694341238242,13072640
2025-09-10,1509.491455078125,1511.756823802922,1486.5428442826578,1487.330709756259,7281071
2025-09-11,1486.9366455078125,1504.4683046125388,1483.7849433052634,1500.922609577238,8003662
2025-09-12,1502.596923828125,1519.6361218926327,1498.1647749913177,1513.8250582606502,12856963
2025-09-15,1485.6563720703125,1504.4683582651935,1478.5648615170796,1502.5969824151846,6167414
2025-09-16,1488.5126953125,1491.1719366717366,1480.8302554728903,1485.656397411633,8923112
2025-09-17,1499.4453125,1503.680405062861,1491.1719434573272,1494.028241371192,4795698
2025-09-18,1517.370849609375,1531.5537508334592,1515.302537400178,1526.6291407021617,9331945
2025-09-19,1516.976806640625,1527.9095369547413,1497.179898612735,1521.3104874589542,12988129
2025-09-22,1476.8905029296875,1491.8612688721596,1459.6543683506482,1460.3437656419162,15655204
2025-09-23,1474.920654296875,1490.186944875574,1470.4885054191882,1470.4885054191882,9832164
2025-09-24,1472.0643310546875,1474.1326431158677,1460.3437357350242,1464.7758845360097,4937004
2025-09-25,1462.4122314453125,1480.04223903444,1454.2373307659764,1466.5488557470633,9491867
2025-09-26,1427.053466796875,1456.404069373631,1419.4694954878144,1452.7599061754568,8597058
2025-09-29,1420.060546875,1442.9106885263222,1414.8404123331482,1437.9860786678707,10513117
2025-09-30,1420.060546875,1430.303639196793,1416.416263441906,1421.2424051491353,7556305
2025-10-01,1424.000244140625,1427.6444073679875,1405.877655696216,1424.197180444367,6250692
2025-10-03,1424.7880859375,1426.4625254104503,1411.5901076030302,1417.3027030735375,6877533
2025-10-06,1453.744873046875,1456.5027027407555,1420.5530497148675,1424.7881421800753,4630590
2025-10-07,1436.5086669921875,1460.5407866669368,1432.0765182081868,1455.4191203786977,5570320
2025-10-08,1472.4583740234375,1475.4131399913774,1433.061494450904,1435.0313384295307,4657192
2025-10-09,1486.5428466796875,1491.171932062491,1464.5790376333712,1479.352867871771,7028753
2025-10-10,1492.058349609375,1498.755747016607,1476.2011295853695,1487.2322078030077,3738353
2025-10-13,1470.6854248046875,1482.0120273618204,1461.0332617199265,1474.4281763502415,5859355
2025-10-14,1467.435302734375,1491.5658915845438,1464.0865439092208,1476.3980688327763,5600789
2025-10-15,1452.1690673828125,1466.1549121391147,1445.373081319078,1461.5258266826634,6986098
2025-10-16,1449.312744140625,1452.267510183725,1438.478601982591,1451.6765810210527,8005748
2025-10-17,1419.37109375,1436.410292725158,1412.3781714796953,1432.9630656678505,16959378
2025-10-20,1438.87255859375,1444.8805586841174,1428.136884861602,1431.781048131079,6994246
2025-10-21,1450.19921875,1463.5941342911037,1447.8353818357486,1455.7147580634262,1698704
2025-10-23,1505.4532470703125,1522.6893817276436,1483.292502510887,1487.2321904325627,20358624
2025-10-24,1502.4000244140625,1519.7346273554492,1495.111577657532,1516.2874003977408,8652257
2025-10-27,1504.5,1515.300048828125,1498.0999755859375,1510.0,7273211
2025-10-28,1500.199951171875,1506.5,1490.5,1499.699951171875,8211019
2025-10-29,1510.4000244140625,1520.199951171875,1496.9000244140625,1500.199951171875,4884976
2025-10-30,1493.800048828125,1508.199951171875,1489.0999755859375,1507.0,5608867
2025-10-31,1482.300048828125,1497.0999755859375,1480.699951171875,1490.0,4819814
2025-11-03,1485.5,1491.4000244140625,1474.199951171875,1482.300048828125,5470600
2025-11-04,1467.9000244140625,1481.9000244140625,1462.9000244140625,1479.699951171875,8691330
2025-11-05,1467.9000244140625,1467.9000244140625,1467.9000244140625,1467.9000244140625,0
2025-11-06,1466.699951171875,1483.0,1461.9000244140625,1478.5999755859375,7944752
2025-11-07,1476.800048828125,1480.9000244140625,1449.0999755859375,1470.0,8765759
2025-11-10,1513.5,1520.0,1490.0,1490.0999755859375,9787975
2025-11-11,1530.300048828125,1533.4000244140625,1511.0999755859375,1525.0,13692989
2025-11-12,1551.699951171875,1559.199951171875,1538.0999755859375,1540.0,14635417
2025-11-13,1541.800048828125,1557.5,1530.300048828125,1557.0999755859375,19655689
2025-11-14,1502.800048828125,1530.0,1488.800048828125,1520.0,9739549
2025-11-17,1507.5999755859375,1510.199951171875,1492.5,1496.0,7910354
2025-11-18,1486.4000244140625,1506.0,1483.199951171875,1506.0,7525119
2025-11-19,1541.0999755859375,1543.0,1490.5,1490.5,10981126
2025-11-20,1536.5,1555.0,1534.0,1555.0,7387584
2025-11-21,1545.0,1551.5,1526.300048828125,1531.0,9186302
2025-11-24,1548.0,1585.0,1541.0,1563.5999755859375,19270381
2025-11-25,1530.5999755859375,1550.5999755859375,1525.9000244140625,1549.0,8107952
2025-11-26,1557.9000244140625,1560.300048828125,1532.0999755859375,1532.0999755859375,7575038
2025-11-27,1566.4000244140625,1574.300048828125,1552.199951171875,1564.0,7552252
2025-11-28,1560.0999755859375,1568.4000244140625,1557.0,1565.0,4453221
2025-12-01,1564.0,1574.0,1556.0,1562.5,5341800
2025-12-02,1561.0,1579.9000244140625,1556.0999755859375,1567.0,6335969
2025-12-03,1578.699951171875,1586.0,1554.0999755859375,1555.0999755859375,12895312
2025-12-04,1597.5999755859375,1599.0,1568.0,1568.0,12609619
2025-12-05,1616.199951171875,1631.800048828125,1600.0,1610.0,10344725
2025-12-08,1610.800048828125,1630.0,1600.199951171875,1617.0999755859375,7550413
2025-12-09,1599.0,1606.9000244140625,1582.4000244140625,1601.199951171875,6957599
2025-12-10,1584.800048828125,1608.0,1582.800048828125,1608.0,5116140
2025-12-11,1598.0,1607.4000244140625,1580.5,1598.0,5159319
2025-12-12,1598.199951171875,1601.800048828125,1582.5999755859375,1601.4000244140625,4633912
2025-12-15,1606.800048828125,1610.800048828125,1585.0,1585.0,4190558
2025-12-16,1592.9000244140625,1603.0,1585.5999755859375,1600.0,5499258
2025-12-17,1602.0,1606.9000244140625,1586.0,1587.199951171875,4817628
2025-12-18,1626.800048828125,1630.0,1606.699951171875,1610.5,6577293
2025-12-19,1638.699951171875,1654.9000244140625,1629.800048828125,1650.0,13149023
2025-12-22,1689.5999755859375,1693.199951171875,1664.0,1664.0,23098923
2025-12-23,1668.300048828125,1679.0,1656.4000244140625,1679.0,6593060
2025-12-24,1663.4000244140625,1667.5999755859375,1652.5,1661.0,4271167
2025-12-25,1663.4000244140625,1663.4000244140625,1663.4000244140625,1663.4000244140625,0
2025-12-26,1656.0999755859375,1668.800048828125,1651.699951171875,1663.4000244140625,2006491
2025-12-29,1644.699951171875,1673.0999755859375,1637.0999755859375,1658.0,4062817
2025-12-30,1621.5999755859375,1647.9000244140625,1616.800048828125,1647.0,9395937
2025-12-31,1615.4000244140625,1628.5999755859375,1609.199951171875,1621.0,6538656
2026-01-01,1629.800048828125,1639.5999755859375,1614.0999755859375,1615.4000244140625,3658165
2026-01-02,1640.4000244140625,1643.5,1627.5,1635.9000244140625,2524526
2026-01-05,1606.4000244140625,1637.0,1583.0999755859375,1637.0,5917885
2026-01-06,1612.199951171875,1619.9000244140625,1599.0,1600.0999755859375,4466729
2026-01-07,1639.0,1642.0,1615.0,1615.0,4508079
2026-01-08,1613.300048828125,1644.300048828125,1608.5999755859375,1638.9000244140625,3942131
2026-01-09,1614.0999755859375,1631.300048828125,1607.0,1610.0,6816681
2026-01-12,1595.9000244140625,1613.300048828125,1592.5999755859375,1610.0999755859375,6985362
2026-01-13,1599.0,1618.0,1586.4000244140625,1618.0,8080618
2026-01-14,1599.800048828125,1617.0,1583.0999755859375,1588.0,7557157
2026-01-15,1599.800048828125,1599.800048828125,1599.800048828125,1599.800048828125,0
2026-01-16,1689.800048828125,1694.0,1653.4000244140625,1663.699951171875,19335957
