Price,Close,High,Low,Open,Volume
Ticker,SBIN.NS,SBIN.NS,SBIN.NS,SBIN.NS,SBIN.NS
Date,,,,,
2020-01-01,308.6025695800781,309.98664444171567,306.4803045634555,308.8332487236844,17379320
2020-01-02,313.0777587890625,313.5852698593665,307.58761142923834,308.64872998121456,20324236
2020-01-03,307.9105224609375,311.83206777885346,306.3418930701414,311.83206777885346,21853208
2020-01-06,294.3465881347656,306.06509992915284,293.14706784800325,306.06509992915284,35645325
2020-01-07,293.79296875,301.72833738333424,291.02481886574924,299.3754212453518,50966826
2020-01-08,295.08477783203125,296.65340742418846,286.9648824538806,287.9798764159189,44527485
2020-01-09,304.6810302734375,305.7882732895965,299.88289272618823,301.63604862108,40348407
2020-01-10,306.57257080078125,311.8320663490293,302.7433027867774,305.41917512432985,42377838
2020-01-13,305.1885070800781,309.5252862447705,303.6198776394681,308.18733594783396,23615129
2020-01-14,302.6510314941406,306.0650940276739,301.26695665499057,304.31191003749075,26296117
2020-01-15,299.19085693359375,303.75831535781407,297.4377010290209,303.5737607745639,32625740
2020-01-16,298.3143005371094,301.63608631888707,297.4377365596503,298.96021349656695,26653623
2020-01-17,293.4238586425781,298.4987995939435,286.13440363515906,288.8102759595187,58396326
2020-01-20,289.7330017089844,296.60725138895805,289.1793661375981,296.19201767064965,30682902
2020-01-21,289.4561767578125,292.45500537705414,287.88754744719546,289.54842588037707,30591772
2020-01-22,291.7168273925781,292.5011420804446,289.4561887735207,292.5011420804446,24994911
2020-01-23,298.2220153808594,299.69833940863447,289.8714132834927,291.578444619568,33293610
2020-01-24,299.0063171386719,302.0051462308104,296.33044450365605,298.49883424824856,22706879
2020-01-27,291.76300048828125,297.114745510239,291.3938913206351,296.099751617364,23309355
2020-01-28,290.7480163574219,295.2693222221329,287.01099710260183,293.3777643902781,26488426
2020-01-29,291.9936828613281,294.99251184755826,291.1632153840342,293.2854804851197,23914114
2020-01-30,286.6880798339844,292.2705044083018,282.0283437680185,292.2705044083018,35802330
2020-01-31,293.8390808105469,296.8379094367911,284.75031764996123,289.4561774337283,92656638
2020-02-03,275.06182861328125,283.1355989959979,272.5243579215703,279.5831343957873,56060158
2020-02-04,282.5820007324219,283.78152122700095,274.13914821990596,279.4908940313696,51141567
2020-02-05,286.9648742675781,289.41006772518097,281.059493419289,283.18173042194576,35014841
2020-02-06,297.0686340332031,298.4988335640833,286.1344361981902,287.1494301357877,57757656
2020-02-07,295.7767639160156,299.88286361997996,293.79292906542116,296.6533558579186,37126803
2020-02-10,293.88525390625,297.85292424951655,292.03982060071627,295.0847742912159,24816396
2020-02-11,299.28314208984375,300.62106429679994,296.23816034065493,296.23816034065493,30188757
2020-02-12,295.4538269042969,304.4041598268251,294.5772349883925,304.4041598268251,38930849
2020-02-13,302.1435546875,305.3730627100486,297.11473807447277,297.11473807447277,62516057
2020-02-14,294.7156982421875,306.24965659668044,293.9313834422664,302.7433445205458,48205947
2020-02-17,289.9175720214844,296.3304356074742,287.56462775515206,296.14590917971327,36950692
2020-02-18,293.0086669921875,294.5311720233772,285.4885317712715,291.02483178555246,38588583
2020-02-19,295.59228515625,298.9601953048752,292.7318579026903,297.39156573254576,39846727
2020-02-20,302.3280944824219,303.7583221368394,294.1159222078837,294.66955781091383,40150409
2020-02-24,297.9913635253906,305.69602528791177,296.9763695440226,300.57495896971074,45273936
2020-02-25,301.5437927246094,302.78946584536044,297.29931862290607,300.7133533638012,39050709
2020-02-26,302.8356018066406,305.2346424585748,299.1447353771097,299.7444955400933,43915281
2020-02-27,297.0686340332031,304.4964917346136,293.4238920351731,302.6510584513735,47010040
2020-02-28,279.5831298828125,290.3327726441814,277.8299739741084,287.8875792852723,59705346
2020-03-02,265.188720703125,287.88755259742925,262.0976147469469,286.9648360826939,66711413
2020-03-03,267.44940185546875,271.64775096036607,263.2510245914966,270.35595340186495,61949382
2020-03-04,263.2510070800781,270.3559354178277,253.83931564357022,269.24866435043947,73675736
2020-03-05,266.2037353515625,275.3386239311182,249.13347849193025,268.41824952856456,149245973
2020-03-06,249.5948486328125,253.19343786113748,234.32388557707839,247.28805705579944,106043172
2020-03-09,233.86251831054688,242.44378546449363,231.7402673250167,239.95243939304547,101286241
2020-03-11,226.15785217285156,238.52224941190474,224.3124189085428,233.4473079350557,90845604
2020-03-12,196.1695556640625,213.97797485961541,192.47868924765146,213.97797485961541,99767083
2020-03-13,223.2974090576172,229.57188452473045,170.37960834541235,184.543313270758,155701316
2020-03-16,206.0887451171875,213.51660201051888,203.55127462878465,210.287094116188,75583409
2020-03-17,198.5224609375,212.13253010736935,195.66204806816506,209.6411982277753,65403057
2020-03-18,198.568603515625,205.90419744848927,184.63559172354203,203.9203624501333,101356399
2020-03-19,187.91122436523438,202.76696681488636,182.83628321628387,187.26532558036638,93533467
2020-03-20,193.632080078125,199.0299636271187,184.5433161270526,189.66439596548582,77391650
2020-03-23,167.56533813476562,184.08195944019067,166.31966510824245,175.31615184780065,61750037
2020-03-24,169.0416717529297,177.115441690033,160.137462539825,176.19272512579263,67491360
2020-03-25,175.223876953125,180.16041640184082,162.8133414816843,164.24355502959114,71567553
2020-03-26,177.85362243652344,185.4660342917832,170.7948461661886,176.7463653462114,107260359
2020-03-27,180.8063201904297,195.52364757075105,179.92974221095068,186.38875859801044,114740377
2020-03-30,172.4557342529297,179.92974466305668,171.85597406920158,175.31616146656805,60081554
2020-03-31,181.63677978515625,183.15925663925898,173.51687037768437,177.16159836139911,59543412
2020-04-01,172.13278198242188,179.46837602726902,170.93324760437832,179.0070177341398,52954239
2020-04-03,161.936767578125,173.65526589180243,161.4754092659366,173.05550571777286,64448494
2020-04-07,171.99436950683594,172.82482289889774,163.87447464804077,170.14893629719376,72130500
2020-04-08,168.8571319580078,179.37609520226545,166.50420189350513,168.76485466938516,80435759
2020-04-09,173.2400360107422,175.3161482931612,169.41076787720655,173.4707151532332,62416005
2020-04-13,169.31851196289062,174.11663591650338,168.94943092012784,172.36347984407118,51847146
2020-04-15,168.2574005126953,177.11547262903196,166.22741245313287,172.5480276540962,72190004
2020-04-16,173.93209838867188,175.2238961401141,166.3196855944727,167.93443982354526,61165773
2020-04-17,178.31497192382812,182.69787550280967,171.90209476627834,180.85244241692268,89851063
2020-04-20,177.62295532226562,182.0981367115512,175.36230234316272,179.00703029880276,81958510
2020-04-21,170.47189331054688,173.65526279191334,168.8571392467122,173.47072228623986,53042420
2020-04-22,174.1166229248047,174.8547990347906,167.3346642331835,171.16393256439926,61503413
2020-04-23,172.2711944580078,175.22388490014256,170.84098084523578,173.24004974921073,50955312
2020-04-24,165.85830688476562,169.77985238829973,165.16626944296547,169.77985238829973,65137305
2020-04-27,166.91943359375,169.3185024759052,166.55035257166696,169.3185024759052,42996571
2020-04-28,170.05667114257812,171.02552638248466,167.1962440684804,167.93442015981574,49590230
2020-04-29,175.408447265625,176.97706281256552,169.31851151922152,170.70258654526418,57470466
2020-04-30,175.77749633789062,180.76015989360673,175.03932030901578,178.54564588651883,63063889
2020-05-04,165.0278778076172,169.31850458070795,164.2435630265178,168.349649286273,58118177
2020-05-05,157.23089599609375,167.2423762914228,155.75455794965737,167.0116971517105,91050439
2020-05-06,157.87681579589844,159.90678949875755,153.67845245254153,157.92294036224004,73156432
2020-05-07,157.55386352539062,159.21475626425993,155.75456892475648,157.64614081959272,42942399
2020-05-08,153.77073669433594,160.3681697303106,153.26325375887163,159.12249651889485,55932236
2020-05-11,152.66346740722656,155.8468370438411,152.24824772932706,154.9702590394891,54591827
2020-05-12,154.0013885498047,155.47774068066454,148.41896461392113,151.51005664857394,70752542
2020-05-13,160.6449737548828,164.75106001506725,157.32318819634108,164.75106001506725,81720683
2020-05-14,154.97024536132812,158.47657114879559,154.55502572007723,157.73839507571756,48136531
2020-05-15,153.5400390625,155.24707043160183,151.9714236333335,154.97025263126935,35495540
2020-05-18,143.2978973388672,153.5400436187992,143.02107953032012,153.5400436187992,77349435
2020-05-19,140.99110412597656,145.65082593151678,140.62200902560934,145.32786947863775,71522334
2020-05-20,141.5447235107422,143.25175488515023,139.46861112110233,141.17564249551037,66168767
2020-05-21,140.20680236816406,144.082209764649,139.79158266131563,141.775417971558,61147471
2020-05-22,139.19180297851562,143.57470677299244,137.89999130715768,140.25292142325807,87064198
2020-05-26,139.69927978515625,141.36017238805542,138.5920227430692,140.621996333485,48275988
2020-05-27,146.34286499023438,148.3728387858558,139.14567236981424,140.20679087584358,88195120
2020-05-28,145.9737548828125,149.84916156333128,144.5896800626603,147.1271505662727,76968678
2020-05-29,148.8341827392578,149.38780422305445,143.20560613700002,144.03605948200084,58363280
2020-06-01,156.907958984375,158.15361793346167,150.72576064574724,151.32552079758108,92740893
2020-06-02,157.0924835205078,158.06133865768695,154.27819539042991,156.76952711493598,70419104
2020-06-03,161.38311767578125,165.99670038897725,158.7072453339424,159.168603605262,113168889
2020-06-04,160.59881591796875,163.92058700007948,158.24588593509637,161.38311652590156,83494674
2020-06-05,173.28619384765625,175.13162719197732,162.39813430025413,162.90563128585023,201321234
2020-06-08,172.36346435546875,182.23652919734116,171.44074775193792,181.77517089557574,151741826
2020-06-09,170.19508361816406,176.23888050370135,169.18010374885029,173.19391273668253,96654191
2020-06-10,173.1938934326172,174.3934277622331,169.59530452330662,170.2873419350615,67333317
2020-06-11,163.45924377441406,175.68523900237082,162.7210817412624,173.47072474383924,91726802
2020-06-12,165.30467224121094,166.08898697820092,156.67728053201046,156.86182103496756,92758901
2020-06-15,160.27587890625,164.10516144232645,158.7072634209046,164.10516144232645,63613412
2020-06-16,159.53768920898438,165.12012726946583,156.30818121625563,164.24354934448982,63925976
2020-06-17,159.58384704589844,162.5826762569471,156.16979814461237,157.78455233517707,73866905
2020-06-18,165.7660369873047,166.68875361752524,157.87682106254982,159.07634141820577,58261857
2020-06-19,170.24122619628906,170.65644588329903,165.62764283053596,166.36581898496428,76895151
2020-06-22,173.1938934326172,176.93089827200103,170.0105241544521,170.702561566207,80023958
2020-06-23,177.57681274414062,178.17658700175733,173.3323246910779,174.94707879463772,65487085
2020-06-24,170.33348083496094,179.83745004041245,169.6875679860538,179.74518683309515,74668987
2020-06-25,170.93325805664062,172.36347166870377,166.4580767078227,168.11896948055607,73620385
2020-06-26,170.33348083496094,174.0243470365459,169.5953047787365,173.47071147449327,49176958
2020-06-29,165.39695739746094,168.94942208634873,164.70491991881048,168.85714479071325,50966428
2020-06-30,164.6587677001953,168.76485358586618,163.55151064151985,167.1039750376217,43613239
2020-07-01,170.51803588867188,171.07165741845782,164.79719560365348,165.58149629073483,54012853
2020-07-02,171.1177978515625,173.47072809643785,169.7798615411945,171.30233836341696,52127276
2020-07-03,170.42576599121094,172.4096152777828,169.22623150530177,172.2250606803052,38048810
2020-07-06,173.51686096191406,175.17775367233276,171.76369095887392,172.17892469613219,43773740
2020-07-07,174.02435302734375,174.57797452891762,169.82598976260454,172.54800086407138,55124494
2020-07-08,177.06930541992188,182.19038523602293,173.8397974017818,174.30115569008754,143063102
2020-07-09,183.712890625,185.4660466279763,177.66909375230995,177.89977291478255,89539723
2020-07-10,180.48336791992188,186.85010666330078,179.7451918431223,182.697882070783,111406477
2020-07-13,177.80746459960938,184.3587573027792,176.7924849095155,183.4360408138559,61949761
2020-07-14,171.6714324951172,177.43841145504763,170.333496192321,177.43841145504763,62239932
2020-07-15,169.59530639648438,175.27000760373662,168.85713033321858,173.4245744853408,58527305
2020-07-16,171.85595703125,172.50185579881574,167.6114552794687,170.70256134647653,46546803
2020-07-17,173.65525817871094,174.85479255302977,170.70256792775993,172.3634605937754,47035238
2020-07-20,176.0081787109375,178.3149700439773,174.16274564450563,175.31614131102555,45672856
2020-07-21,179.3760986328125,181.03699130302215,176.70022616602975,177.57680410655942,59281860
2020-07-22,177.16159057617188,181.54449450969696,175.40843463457713,180.57563924532587,62276152
2020-07-23,182.9285430908203,183.7128577346257,176.37725041767,177.530646023539,70801412
2020-07-24,177.11544799804688,181.12927082726085,175.91591360590516,180.57563523718377,65265493
2020-07-27,172.68641662597656,178.26885521350945,172.08665643108856,178.08431469812382,50697767
2020-07-28,174.8086395263672,175.77749467512953,171.39459126459482,173.47070340642705,51488617
2020-07-29,176.4234161376953,180.1604212902248,172.54800912303222,173.1016447306434,73763368
2020-07-30,172.13278198242188,178.54565944101057,171.67142368929265,177.62294285475213,48472816
2020-07-31,176.65408325195312,179.79132801532313,172.2711795756808,173.47071392404175,145892485
2020-08-03,177.39227294921875,179.5606626717008,175.36229916960875,177.1615937906372,72454278
2020-08-04,176.79251098632812,178.82248474547225,175.77751706698686,178.40726508011934,43866676
2020-08-05,176.65408325195312,181.63676114217463,176.23886361431903,177.8536176003141,68888892
2020-08-06,176.19273376464844,179.46838054421656,175.54683495391876,177.43840681926415,59740172
2020-08-07,175.91590881347656,177.25385910645707,174.90092903203663,176.65408488695675,44822338
2020-08-10,178.82247924804688,180.3910946464563,176.88476876325188,177.0231847004732,48784530
2020-08-11,179.97586059570312,181.59061451067183,178.77632630010476,179.92972195365383,43890305
2020-08-12,187.58828735351562,188.46486530647536,179.5606557597961,180.85245336631175,157818228
2020-08-13,186.29647827148438,191.27915642241587,185.23535979983853,189.6182637054387,70443118
2020-08-14,181.3137969970703,188.23417092825622,179.5606412329846,187.3114544040981,56169088
2020-08-17,178.1765899658203,183.29765608724236,176.70023770047607,183.113115573959,54787889
2020-08-18,180.02200317382812,180.6217632949723,176.8847584798586,178.82246885200263,46294169
2020-08-19,181.82130432128906,184.8201331966633,180.76017180997255,181.22153009849166,59296062
2020-08-20,179.6990509033203,181.1754030380637,178.3149760568249,179.0070134800726,37504602
2020-08-21,183.0669708251953,185.92739796415137,182.37493336379026,183.6206064261346,68041871
2020-08-24,185.88125610351562,187.12692914432174,183.25152224336867,184.54331985050706,53850253
2020-08-25,191.87890625,192.34026453099523,187.0346442995503,188.23417864604534,105394375
2020-08-26,193.632080078125,194.09343836844263,190.2180174661444,192.38640706245232,66749637
2020-08-27,198.9838409423828,199.7681557306466,194.2318558027765,194.2318558027765,80997993
2020-08-28,207.47283935546875,208.44168055085444,200.04496768710206,200.22950819672133,95974037
2020-08-31,195.61590576171875,213.65501686838843,194.09342910812396,213.65501686838843,119986476
2020-09-01,201.2445068359375,201.98266889171643,194.87775350830395,196.63092358962567,75048313
2020-09-02,199.53744506835938,202.07491546807262,195.89271767376948,201.38287808633262,47608088
2020-09-03,196.67703247070312,201.38289263839826,195.89273182911234,200.69085520665118,38594129
2020-09-04,190.6332550048828,195.89273680381783,189.9873421218858,193.7704858099913,54435758
2020-09-07,191.83279418945312,193.44754839670287,189.52600246481063,191.46371314532607,35687359
2020-09-08,188.28033447265625,192.38642073233063,187.21920188180508,191.83278511279622,34146789
2020-09-09,179.7913360595703,185.83511855679077,177.62294640668645,185.5583148390082,72715826
2020-09-10,182.8363037109375,185.88127155753463,180.11429233274427,182.4210840226604,67789617
2020-09-11,187.03465270996094,188.09578525168843,181.77517088601925,183.20538443732445,48487971
2020-09-14,183.1592559814453,190.26417140763897,182.0981374602197,189.9873535952857,63605531
2020-09-15,184.6817169189453,185.46603163978432,181.86744262784234,184.45103777511474,51761038
2020-09-16,182.88243103027344,184.58946240686893,181.08313643952087,184.40492189901656,52404964
2020-09-17,180.34495544433594,182.69788557446006,179.92973579302884,181.77516898064965,41223296
2020-09-18,177.7152099609375,181.95969756676655,175.0393235664113,180.8524405426171,55286316
2020-09-21,171.4407501220703,178.54566525157415,170.0105365509175,178.13044559015256,57611375
2020-09-22,171.809814453125,173.74752479098146,167.15009317745063,171.7636758108833,51210889
2020-09-23,169.59530639648438,174.3472910445387,167.01169721482276,173.6091149812729,44320497
2020-09-24,162.72108459472656,167.749887451333,161.93676982132638,167.10398862122972,46114798
2020-09-25,168.1189727783203,168.62646975765742,162.5365341646898,165.16628227973013,46550127
2020-09-28,172.77867126464844,173.6091105147465,169.18008240817417,169.77984252440754,41921548
2020-09-29,170.7487030029297,174.34729197111142,169.08781037163914,173.93207233317312,35688726
2020-09-30,171.0716552734375,172.36346698581715,168.30350542060168,170.74871290499627,37641083
2020-10-01,175.59298706054688,176.4234264409234,172.45574190009728,172.54801919993432,43588724
2020-10-05,174.1627655029297,178.82248734288927,172.594150033513,177.16159457781455,41694686
2020-10-06,176.79251098632812,177.2538692988399,173.74754330784273,176.33115267381635,31098726
2020-10-07,175.96205139160156,178.22270422754715,174.48571329117527,177.66908271971397,34578053
2020-10-08,176.70022583007812,180.6679099570527,175.82364789121505,176.56182397429785,43351606
2020-10-09,182.97470092773438,183.43605921848533,175.82364742109465,177.16158364836488,64907230
2020-10-12,183.34378051757812,190.03347568198564,182.00584430060414,184.26649709197918,69122798
2020-10-13,180.5756378173828,184.5433220575273,180.02201629893312,183.29764900182371,34948525
2020-10-14,184.5894775390625,185.3737782816147,178.13046067796736,179.05317737240952,40548275
2020-10-15,177.94590759277344,186.85011743372573,177.16159282605108,185.4660424897722,49184123
2020-10-16,180.8063201904297,181.5444963077156,176.7925113119084,179.00702558422785,36893126
2020-10-19,188.2341766357422,188.78781219883868,180.8985828621685,181.036984713174,60220779
2020-10-20,187.3576202392578,188.55715471067091,185.1892304609519,185.46604827428396,39316753
2020-10-21,188.00352478027344,191.27917183161674,183.4822186505022,188.8801028161018,54515523
2020-10-22,187.58828735351562,188.78782174787324,185.55831365204625,186.29647566746206,33721637
2020-10-23,187.12693786621094,189.71054728044632,185.9735420633861,188.23419502101507,32707020
2020-10-26,181.4983673095703,188.23420185865552,180.4833874139383,187.03466736423664,45470123
2020-10-27,179.60679626464844,182.28268308637527,177.39228186280621,182.0058652662602,37794381
2020-10-28,175.7313690185547,179.92973225371557,174.43957144444562,179.92973225371557,46458319
2020-10-29,174.1166229248047,175.96205616000037,171.5330135796231,174.71639717396621,44822673
2020-10-30,174.62411499023438,177.16158561756936,171.7636879239689,174.71639228122532,41519686
2020-11-02,180.89859008789062,182.00584717877408,175.3622905539355,177.3461255884543,52600119
2020-11-03,188.92623901367188,189.8950943373421,182.32882042596245,182.6979014637706,69890201
2020-11-04,191.00233459472656,192.84776777921667,182.74402391004088,187.77282652186886,117577856
2020-11-05,201.75198364257812,203.92037333474022,198.1533944508392,199.3067902276194,138023646
2020-11-06,202.2594757080078,204.70468314336003,200.27564065174627,202.07493520409432,73147085
2020-11-09,202.53628540039062,205.44283693946966,200.27563263893612,205.30443508695635,60359458
2020-11-10,213.79344177246094,216.8384094875556,205.7658098541485,205.85808714957562,135294550
2020-11-11,216.1002197265625,220.85221855043247,210.14870061506213,214.7622835045256,107094861
2020-11-12,209.27212524414062,215.315921719241,208.21099271884975,215.17750578313985,58859905
2020-11-13,211.71731567382812,212.8245727497824,203.08992413079443,207.6112297240816,70676525
2020-11-14,211.90187072753906,214.9006998073035,210.1487147434922,214.07026046318416,7753219
2020-11-17,221.63650512695312,222.92831670173595,213.14751596503234,213.9318306382768,80501583
2020-11-18,232.5245819091797,233.4472985040574,219.514272289589,220.89834718190556,104514060
2020-11-19,221.22129821777344,232.34003573034067,220.52926078852076,228.83370993955293,82284278
2020-11-20,223.98947143554688,226.43466497697204,215.8695619311414,222.83607559911255,84411129
2020-11-23,220.25244140625,227.1266770044819,219.69881991457868,224.6814837373077,57538324
2020-11-24,225.00445556640625,226.06557405771895,220.99063259928036,221.91334922808738,47636611
2020-11-25,224.2201385498047,230.5868775928604,222.92834091425487,226.48079145178602,74767232
2020-11-26,226.4807891845703,227.21896528872557,221.5903883340221,225.1428529155291,64248318
2020-11-27,225.37351989746094,227.21895301842275,223.34354628031042,226.48077695413056,54355703
2020-12-01,228.87985229492188,229.71029159167404,225.37352644728583,226.06556388775854,37003272
2020-12-02,227.86485290527344,231.46345595640796,225.23511914281016,229.15666454396433,56723083
2020-12-03,236.49224853515625,238.98359456841854,228.83371217362085,230.0332465452772,79266442
2020-12-04,243.13584899902344,243.92016382115864,233.95482070472153,237.13819048481605,79252024
2020-12-07,248.76441955566406,250.47145102486513,242.67448390939222,243.4126459808466,76053084
2020-12-08,250.8866424560547,252.54754926160783,244.75058258664035,250.01007856561063,65617502
2020-12-09,249.45645141601562,253.6548009007409,248.39533290264214,251.07120554999878,48495641
2020-12-10,248.71824645996094,250.05619678387393,245.0273800867672,248.2107635972771,38676657
2020-12-11,251.3941650390625,254.90047708006213,249.17962252992828,249.17962252992828,50255223
2020-12-14,253.00888061523438,254.8081609307153,251.301849424337,252.82432604792038,31946501
2020-12-15,249.7332305908203,252.8704612536921,247.42643919766832,252.8704612536921,34890948
2020-12-16,248.57986450195312,252.50141033739675,247.74942513332184,251.71709553849243,24844177
2020-12-17,247.01124572753906,251.11731771279722,246.08852912513373,249.13348264944094,25904699
2020-12-18,250.47142028808594,250.9327785658985,244.51988724067365,247.01123320449148,29816205
2020-12-21,235.0159149169922,248.2107650967807,231.64800496292168,247.703282231031,55160758
2020-12-22,237.55340576171875,238.70680154001593,229.06440156982083,235.10819826400575,51189571
2020-12-23,242.6744842529297,243.50492362426098,235.8463865255374,237.09205966207338,29056404
2020-12-24,246.22691345214844,248.07234652556298,244.19692580776288,244.5198822274252,28585509
2020-12-28,253.93161010742188,254.6697720962448,247.28803957171598,247.98007699589056,36870242
2020-12-29,256.42291259765625,258.2683456183793,253.47023665994325,254.94656054926315,45032526
2020-12-30,255.500244140625,257.16115106709555,251.44029636327224,256.5152381247328,30971894
2020-12-31,253.70095825195312,255.82319531737502,251.5325684578442,253.74708282156226,29467966
2021-01-01,257.8070373535156,258.36067299890044,253.19345390710671,253.6548122517476,24531791
2021-01-04,259.3294982910156,261.9592463253599,256.2845446675077,260.0676884924348,31450608
2021-01-05,259.97540283203125,260.6213157176046,255.59249896884702,256.561340138131,27393072
2021-01-06,263.0203552246094,266.8034989115089,259.65244527080074,261.12879746069757,40765708
2021-01-07,265.465576171875,269.24869169162093,264.81966329046304,266.66509648412483,30546600
2021-01-08,263.89697265625,268.8796371375243,263.158810569794,267.6801167072637,32543357
2021-01-11,260.66741943359375,265.92691491234353,257.99154713139995,265.74236034292034,29703173
2021-01-12,269.8946228027344,271.1402959244087,256.42295394726096,258.36066456330127,44307145
2021-01-13,283.0894470214844,284.1967182262562,271.74004388841706,273.1241188148436,78042133
2021-01-14,283.5046691894531,285.3501023493519,280.32128572499755,282.99718633411106,40123498
2021-01-15,280.367431640625,286.8725721076587,278.0144875234509,283.08942858992594,35307601
2021-01-18,271.69390869140625,284.79646725350705,269.61779638299225,280.0444824905079,54969750
2021-01-19,275.5232238769531,279.12181352697246,273.49323578767036,274.64663171133554,35803901
2021-01-20,279.16790771484375,281.15177101488257,273.9084397708344,275.707720320465,33759304
2021-01-21,272.06298828125,281.5669577579597,268.9718821173827,280.5058393265329,29995203
2021-01-22,261.77471923828125,274.96955578585073,260.5751707236351,272.6627642104661,44440810
2021-01-25,259.2372131347656,265.7423532261516,255.63859624090307,262.51284546125044,34034630
2021-01-27,254.3468017578125,262.835804960439,251.62480493368676,258.54517879699966,39211107
2021-01-28,260.52899169921875,261.4517081365037,248.672079848293,250.8865936659627,48717297
2021-01-29,260.29833984375,268.1875549449274,257.5301902420633,263.5278477123844,42300984
2021-02-01,286.6880798339844,289.640756274312,260.89813771569794,263.06652751597295,103414068
2021-02-02,307.3569030761719,311.32457316652153,290.65572709388283,290.65572709388283,121434166
2021-02-03,309.9866638183594,313.63137761971683,300.6210674752607,307.9566759641038,66420168
2021-02-04,327.6566467285156,330.3325190442661,305.5114499210788,308.5564032184718,145203439
2021-02-05,362.7199401855469,376.7913698521569,355.3843311612891,357.09136268708704,214955688
2021-02-08,366.3645935058594,376.2837963802379,364.2423567126453,367.2411854886202,79389205
2021-02-09,364.28851318359375,372.3161591044961,358.9367680090433,366.087821870406,63869990
2021-02-10,361.9355773925781,367.14892042173966,358.01403193963114,363.5964559678432,54163507
2021-02-11,359.9978942871094,366.2723843837571,358.2447382891774,361.52037112323245,36392708
2021-02-12,362.7660217285156,368.4868758501748,355.75337001266513,360.78218669182075,53589755
2021-02-15,375.49951171875,377.8063030964077,365.11895051929037,366.77982904757414,56608937
2021-02-16,371.2550048828125,383.61940086641556,369.3634190835168,380.15921384717547,80365431
2021-02-17,379.9285888671875,382.7890161759631,369.2250698635216,371.8548180048004,74161370
2021-02-18,383.1119384765625,394.6458958228092,381.7278635950129,392.2006743381445,67154539
2021-02-19,368.67138671875,382.9273686965026,364.4730376749844,382.9273686965026,66155518
2021-02-22,359.3981018066406,370.0093422964387,355.8456374021541,369.6402613025216,52535049
2021-02-23,365.0267028808594,368.8098466793104,358.93676751738656,361.7049173954127,45462768
2021-02-24,374.8536071777344,378.7751526066707,364.65760032613,366.318478891226,39632090
2021-02-25,375.7763366699219,382.83511305290074,375.1304237840227,379.23652393207584,46988836
2021-02-26,359.9978942871094,370.00937554142985,357.09134248013305,368.62530057057666,64450414
2021-03-01,364.42694091796875,366.9644116270444,360.78219899948397,364.5653427793757,29677890
2021-03-02,363.73486328125,368.67137413373314,360.36692545753175,364.47302523328295,30534337
2021-03-03,373.7463684082031,377.29883314812025,365.3957939761667,365.8571523018942,46268223
2021-03-04,365.07281494140625,372.3161458392388,363.96557192357517,367.8871174497629,43603653
2021-03-05,354.0002136230469,364.47305253661017,348.87914781939054,364.47305253661017,72179228
2021-03-08,359.49041748046875,362.99672953568995,356.21475643188364,358.42929895000003,39147858
2021-03-09,357.64495849609375,364.38077838806,352.7084190721633,363.04285621835277,28054083
2021-03-10,357.7372131347656,362.62759952374637,355.89178005830894,360.87444373292726,22677399
2021-03-12,351.6473083496094,362.8121850464609,348.3255228967916,361.4281101210432,35336355
2021-03-15,354.23089599609375,356.1686064818256,340.8053807718729,352.9390983919645,42722585
2021-03-16,349.2943115234375,357.8755916652676,347.0336730475209,355.79947958952886,38196452
2021-03-17,339.6981201171875,350.3093613126609,337.7604095714161,348.97143910085157,33143064
2021-03-18,338.7292785644531,346.01873426788114,333.19297881616706,342.78922608138095,39405038
2021-03-19,342.4662780761719,344.081032209242,329.6405223081732,335.8227351098441,60309145
2021-03-22,338.63702392578125,343.9887694435382,335.40751552321933,343.25060735801264,28461974
2021-03-23,343.896484375,348.74074647275876,338.68311311396104,340.20561801480284,41032380
2021-03-24,332.03955078125,340.5285260085646,330.93227967552144,340.0210431778988,42318999
2021-03-25,327.7489318847656,332.96227479323625,318.52176632673815,332.177960088989,57495003
2021-03-26,329.5943908691406,334.0234194210375,327.14916927705667,332.17798616456764,40718848
2021-03-30,332.9161682128906,336.145676605817,328.76394313627105,332.27028342975245,39405124
2021-03-31,336.1456604003906,339.4213213650306,330.286432268672,332.45479384355264,38651025
2021-04-01,342.0048828125,343.1582784972576,335.038384140194,339.28288589191675,31883453
2021-04-05,326.2264404296875,340.66697764794066,322.0742157581561,339.09834817506515,51743981
2021-04-06,323.4582824707031,329.4098156130564,322.3048867577723,328.21029533523836,44147709
2021-04-07,330.84002685546875,335.1306815881509,320.7362969445997,324.1042069148894,48023602
2021-04-08,328.1180419921875,335.2229432069068,326.9184934677523,333.10070620386483,33370259
2021-04-09,325.71893310546875,336.3301731358169,324.0580546252176,327.0107306077834,46473100
2021-04-12,303.4353942871094,317.4145467459966,297.622262146023,317.4145467459966,75501713
2021-04-13,314.6463623046875,315.79975806093637,304.9578379521971,306.34191285969575,49773360
2021-04-15,316.2149963378906,320.6901494091417,310.1250610256256,315.66136073512536,52992349
2021-04-16,313.6313781738281,318.79859695454496,312.4779823816626,316.49180537021397,37766793
2021-04-19,305.5575866699219,306.38802595150435,296.46882281925707,301.86672038815544,53304377
2021-04-20,304.0351257324219,313.6313729310078,301.4515304647906,309.2023444267609,41296147
2021-04-22,310.6325378417969,311.5552544420452,298.314265596666,300.805611680967,49105833
2021-04-23,310.4480285644531,313.6313841156936,306.0189717431812,306.0189717431812,44223940
2021-04-26,317.69134521484375,320.5979253166266,313.03163719234016,313.03163719234016,49234985
2021-04-27,325.7651062011719,327.5182903859419,315.93817938432534,317.41453167509485,46003023
2021-04-28,335.315185546875,336.1456248024042,328.53321333508393,329.40980531313227,56696255
2021-04-29,331.6243591308594,341.3590367059003,328.02576981950733,336.7915780144027,63692926
2021-04-30,326.1803283691406,334.4847780305897,323.36605391416913,326.13420380131885,53832840
2021-05-03,323.5044860839844,325.25764221160694,315.01548103780857,322.5817693684905,43691860
2021-05-04,324.3348693847656,334.8538324897539,323.1353491257775,327.56437733027536,57749307
2021-05-05,327.9334716796875,329.8250575917018,321.1053745199857,328.9484655642957,40872501
2021-05-06,328.0718994140625,331.5782396411792,323.4583160829179,330.3325665099546,36294427
2021-05-07,330.5632019042969,334.02338894446746,325.718940048058,329.87116449626274,38357618
2021-05-10,333.7466125488281,338.63699936872405,331.07071182492035,332.6393413417576,41739324
2021-05-11,336.4685974121094,338.0833514374127,327.33370884363694,329.27141930581604,41892770
2021-05-12,339.28289794921875,344.63464285305236,333.9311248863098,334.76156417703226,53436590
2021-05-14,332.59320068359375,343.71192414741705,331.7627332389305,341.4051327101861,51722170
2021-05-17,353.49273681640625,355.430447317675,335.5458875952183,336.23792504859455,106555796
2021-05-18,352.7084045410156,362.21237383140135,350.6784168483727,359.8594578704934,70917710
2021-05-19,354.6922607421875,359.3981211047713,351.73958447322957,352.47774650069994,48189573
2021-05-20,354.8306579589844,357.82948691483796,352.47774188802197,357.0913248970275,42898608
2021-05-21,370.19390869140625,373.1465848960827,348.78687245189263,359.8594715773495,192810772
2021-05-24,380.2053527832031,386.8027988098804,373.9770159131239,384.7728110848912,142964052
2021-05-25,380.4821472167969,383.3886985050569,376.92968312711366,383.019617543846,56048127
2021-05-26,381.58941650390625,386.3875538088639,379.05194600128084,381.82009564050855,52357719
2021-05-27,392.339111328125,395.9377004523106,380.15924089033814,381.7278703809433,73392997
2021-05-28,389.4324951171875,400.13601235667306,387.5870620813822,397.2294609570944,65137568
2021-05-31,391.5547790527344,393.0772557495267,385.6955232471882,388.46367293556517,38291043
2021-06-01,399.1210632324219,401.7046866672019,392.7081996105922,393.1234051946821,59299647
2021-06-02,403.4577941894531,404.1037070103897,395.98378482308254,397.5062614334923,38657806
2021-06-03,409.417724609375,411.5595835342854,403.69063137062693,406.94995596070123,38909199
2021-06-04,403.78375244140625,411.512996373803,402.0609609377117,407.41556551302574,36898769
2021-06-07,402.5265808105469,407.3224383798865,401.1762778473778,405.1806079062955,20201197
2021-06-08,397.8238525390625,402.759389762753,394.8438873049879,402.5265808669364,31113823
2021-06-09,392.46923828125,402.57312137591043,389.4427227100807,398.1032020538051,27784834
2021-06-10,402.5265808105469,403.50436680521784,393.3539046328461,395.68199359068615,27397712
2021-06-11,400.0588073730469,405.5530915634597,396.0079269514609,404.947794125534,26831924
2021-06-14,400.7572326660156,402.71283304405824,388.0458728373202,397.63758782712085,30106015
2021-06-15,399.9656982421875,403.0387644163562,398.56884481410066,399.6863389241924,16413658
2021-06-16,396.6598205566406,402.9922113547311,395.77513535704384,398.5688421948583,19701175
2021-06-17,391.3517761230469,396.65983061714496,387.9527717346413,392.0502028502147,23048331
2021-06-18,384.5071716308594,394.750763179567,374.96200677865454,394.750763179567,45748727
2021-06-21,390.8861389160156,392.0501834035559,372.9598538078958,378.40758769339516,33128978
2021-06-22,389.8617858886719,396.19420514407733,388.60461212024865,393.91266651178864,28442965
2021-06-23,390.04803466796875,395.542318994917,386.4627719432385,392.14331475681763,27564829
2021-06-24,388.5115051269531,393.6798513584784,387.6733703486039,391.4448915940095,19214547
2021-06-25,399.31378173828125,401.36251126083005,390.2342353698518,392.05015601115883,29886797
2021-06-28,397.4048156738281,403.3647181805557,395.35608586570766,401.08320787779917,29370660
2021-06-29,392.51580810546875,399.45352474091,391.63112291174883,398.1032217439807,22275961
2021-06-30,390.37396240234375,395.6819881011448,389.5358276539056,393.9126462015444,18337773
2021-07-01,391.491455078125,394.56454972355107,388.46493926585975,391.3983258308594,16161469
2021-07-02,395.2164001464844,396.1476357869893,390.187733371569,391.39832833660284,16423811
2021-07-05,402.8990783691406,404.6218699202762,395.07670497969434,397.1719850886025,16483761
2021-07-06,400.1985168457031,406.48435742443144,398.75511296932143,402.0144377138472,20195278
2021-07-07,403.0853271484375,404.1562423833844,398.1497615149035,399.8260026130876,14473774
2021-07-08,395.2629699707031,405.45998295037754,393.07456058158573,403.0387646564403,21433043
2021-07-09,394.611083984375,398.10321747096236,392.09673650641,395.7751284799041,16844494
2021-07-12,398.0566711425781,400.6641194716922,395.402643981732,397.17198594927765,12886781
2021-07-13,399.59320068359375,402.1075197461188,398.8481951539509,400.43130703776876,12831125
2021-07-14,401.4090881347656,402.57313261772117,397.078848341982,399.5000665503404,12767351
2021-07-15,402.0144348144531,403.17847935767423,400.1053847121368,402.94567044903,11030732
2021-07-16,400.43133544921875,402.75942460880725,398.05669587406135,402.29380677688954,8713863
2021-07-19,398.4756774902344,399.91910961275704,390.04800731374456,394.28511760642226,14426686
2021-07-20,391.9570617675781,397.6376046608296,390.0945905513681,397.6376046608296,14623321
2021-07-22,393.0279846191406,397.3582530156541,391.95706933296066,396.28730931041815,11799761
2021-07-23,399.4069519042969,400.3847663571468,390.65334275637986,393.8195381819172,17704661
2021-07-26,394.1920166015625,398.3825767855014,393.26078100513166,398.3825767855014,14037519
2021-07-27,400.3847961425781,403.45786255087626,394.8439324213999,394.98361209103933,24119619
2021-07-28,396.24078369140625,400.8969621131619,392.0967735284206,400.43134427098636,17636515
2021-07-29,411.18707275390625,413.09612280828173,396.2407525619077,396.7063703675034,35263606
2021-07-30,402.1075134277344,413.8410874589781,401.08317702153556,411.1405099517132,35196813
2021-08-02,404.99432373046875,406.6705647252109,402.107487922068,404.85464408567015,16926025
2021-08-03,415.79669189453125,417.1004160397289,403.7837584396201,405.04093217283224,40922962
2021-08-04,425.52813720703125,435.30611143028057,411.14053519662747,417.7988643410289,129761158
2021-08-05,411.4664611816406,430.69647090131525,408.25368694999776,429.29961748217585,58595639
2021-08-06,405.6927795410156,416.2623091828245,404.15624649965514,413.18924310010345,38236066
2021-08-09,403.5975341796875,411.4199081332858,401.3625742528105,407.78809469972845,22196404
2021-08-10,397.12542724609375,406.3912042806986,392.7020582100456,404.5287331076257,27794251
2021-08-11,398.6153564453125,403.13185444051834,394.05230804132174,400.2450186195273,23827946
2021-08-12,397.77728271484375,400.8503772606362,395.77513184929956,400.431309871056,16847144
2021-08-13,401.5487976074219,402.52658360889035,395.77512558421836,398.19634380101513,20908992
2021-08-16,395.63543701171875,404.15623678077446,394.8438810945815,400.43129450629726,17608693
2021-08-17,392.51580810546875,396.566688677201,386.6955855653521,395.6354530707824,22957877
2021-08-18,390.839599609375,395.1698395422523,389.25648769371605,393.12110981834735,17668574
2021-08-20,378.7335510253906,388.6512050351009,377.2901187133971,386.46279556915096,25541790
2021-08-23,381.3409729003906,384.60029745509485,373.6582793071593,382.83095552349494,26559937
2021-08-24,388.8840026855469,389.9549179704905,380.130393494319,381.340988439202,19012313
2021-08-25,387.6268310546875,392.3295596193802,385.81091020825033,390.1877290376314,16410980
2021-08-26,382.5050354003906,387.20776396891415,381.80660867720064,385.99716901634065,15897679
2021-08-27,384.088134765625,385.857476722634,379.47850717586664,382.13253432090767,15090541
2021-08-30,393.63330078125,394.192019407842,385.06592186547226,385.9040282244156,20308691
2021-08-31,396.7529296875,397.637614905615,389.9083705268286,394.70422834831925,26262421
2021-09-01,400.33819580078125,402.80596456203665,395.91482651245417,398.10323594943776,18776721
2021-09-02,400.1985168457031,403.6906505005522,398.33604556311695,401.73504997002544,14372717
2021-09-03,401.7350158691406,404.4355933158434,398.7550791213856,401.59533621861453,14233624
2021-09-06,401.4090881347656,404.0165648280189,400.4778525484012,402.29377330943373,10694099
2021-09-07,399.59320068359375,402.01441892158664,395.86825829254474,401.4090930477971,14928735
2021-09-08,401.6884765625,405.45996932623007,397.9635342105474,399.50006724691684,22817464
2021-09-09,402.5731201171875,403.9699734533596,400.43128970267844,400.66409859204043,9662128
2021-09-13,403.0853271484375,403.96998389945685,399.31380599181415,400.52442929923404,9567921
2021-09-14,403.2250061035156,406.71713952819965,402.5265794185788,405.0874772633471,9981562
2021-09-15,413.32891845703125,414.39983369174956,401.781602932353,403.2250067157923,22181568
2021-09-16,431.8139953613281,434.0489553052606,412.30459653485644,414.260197142944,42637448
2021-09-17,422.87408447265625,439.45006650393645,419.38195103187627,435.81825340933625,41529478
2021-09-20,407.3690490722656,422.3153699829822,405.69280784008316,418.4972981096885,18376916
2021-09-21,408.62615966796875,411.00082743986803,402.89906655536015,409.88333338026194,17279588
2021-09-22,408.6727294921875,412.35109288747526,406.11183171282545,408.71927990237253,14321143
2021-09-23,418.8697814941406,420.12695529792387,411.6527052498572,411.97864340921683,20516770
2021-09-24,410.4421081542969,420.8253798520407,409.7436814245959,420.08040270798216,10731274
2021-09-27,415.88983154296875,419.5681951725557,411.83895093195804,414.3067196290846,11746892
2021-09-28,414.3067321777344,424.4571950097488,409.37119463399216,418.31106249687934,19241170
2021-09-29,428.3683776855469,430.5102082063525,408.90555925277545,411.4664571628521,38635938
2021-09-30,421.8497314453125,432.93142952353054,420.3597487850941,428.3218303042038,26530369
2021-10-01,420.5925598144531,424.22437302899965,413.28235455317855,417.6591733111292,14777309
2021-10-04,431.3017578125,432.46580229996715,420.54599811592595,422.5946993624351,16246765
2021-10-05,432.74517822265625,436.74947978267966,427.15776483524456,430.23083083069935,16487568
2021-10-06,425.76092529296875,438.6119651330672,422.45502188012944,433.0245515644931,19056690
2021-10-07,426.41278076171875,432.0933236748763,425.66780364024635,430.3239816970877,9984651
2021-10-08,426.50592041015625,432.0933342146561,423.0137867823438,430.1377336992699,16521128
2021-10-11,436.9822998046875,442.29035402555763,427.11119688501145,428.36837061301276,20686981
2021-10-12,449.7867736816406,451.0904977766172,435.91136957692873,437.68071145004365,33763609
2021-10-13,448.576171875,452.72015298478414,445.1305890025472,452.72015298478414,17638983
2021-10-14,456.86419677734375,459.9372629282879,448.8555648330264,448.8555648330264,23431826
2021-10-18,463.7087707519531,466.54902791756194,457.8885483477919,460.0303788249014,20084248
2021-10-19,454.6292724609375,469.5290434103292,450.01964445584633,465.9437803418203,20645100
2021-10-20,465.524658203125,472.60205425609115,449.8799119126141,455.1879376380479,34080545
2021-10-21,468.3649597167969,471.6708347526732,457.9351095550386,470.18085209827126,20808243
2021-10-22,468.3649597167969,473.71956445485785,465.6178033096478,469.90149278390766,24080485
2021-10-25,471.6708068847656,480.00537643919586,463.6156250472472,471.6708068847656,35619415
2021-10-26,477.3048095703125,482.5663136016247,472.6952102650145,472.6952102650145,21107457
2021-10-27,483.45098876953125,490.62145748273514,477.4910581413476,478.37574333682795,29463032
2021-10-28,466.875,484.75470747408866,463.3828663036088,483.8700222367135,28140401
2021-10-29,467.6199645996094,477.3979671060415,454.8154747232835,467.01466712563064,31355893
2021-11-01,480.23822021484375,481.40226473890624,466.54904524424654,473.5333123886215,20679604
2021-11-02,485.8256530761719,488.89871937318054,476.83920626101934,479.40010431487883,26797820
2021-11-03,491.366455078125,505.00902162687333,479.77256124548165,487.9674226242213,80775924
2021-11-04,493.9739074707031,499.04915257149787,491.73891942176925,494.9516934278215,9796046
2021-11-08,487.26904296875,497.6988933831952,480.93665205794434,497.6988933831952,36802110
2021-11-09,492.76336669921875,495.4173655652156,486.2912675671633,490.06276058025327,25451967
2021-11-10,488.3399658203125,492.1580090016376,485.6393598757881,489.4108526452648,15805538
2021-11-11,474.55767822265625,486.8965217838589,472.22958916977734,486.8965217838589,23086898
2021-11-12,476.1873474121094,477.72388052530937,468.1321648570436,476.7926448907571,19836221
2021-11-15,471.7173767089844,480.4244635776508,470.73959070718485,477.1651390129126,13328183
2021-11-16,461.0547790527344,472.50896625598165,459.5647963190537,472.50896625598165,19553216
2021-11-17,463.89501953125,470.6464777924348,457.23669051609966,459.8907177232731,20488483
2021-11-18,469.156494140625,471.39148236459494,458.44728450714973,464.77970377663814,22471070
2021-11-22,452.9529724121094,471.2051951409038,444.66498158059596,471.2051951409038,28800269
2021-11-23,459.14569091796875,461.33410021271396,446.99307797806205,451.8820647684471,20000371
2021-11-24,459.23883056640625,465.61780011174824,455.4207589216789,461.7065992231875,13963769
2021-11-25,456.817626953125,461.38070427561206,452.85987552541496,456.3054587242203,12894211
2021-11-26,438.1463317871094,454.34982487714706,434.9801365610877,452.8132918841274,26305817
2021-11-29,433.11767578125,444.897800234469,423.06031442310393,437.68072445881825,22407465
2021-11-30,428.88055419921875,444.43220044897384,426.5059147315454,435.81827094839133,23026652
2021-12-01,442.6162414550781,444.43216212841014,432.0932912049917,432.5123585662386,17156956
2021-12-02,444.19940185546875,445.27031716145575,438.565437581109,441.87131274721156,12962679
2021-12-03,440.6141052246094,448.38992793491354,437.7272692674896,443.03532339571154,16653993
2021-12-06,433.3039245605469,444.1993927310052,431.9070711242859,440.6141298941241,14353300
2021-12-07,443.9200439453125,446.71375088412736,436.9357765982752,436.9357765982752,13644942
2021-12-08,457.7488708496094,458.54042683325724,447.2259194076405,447.8312168942924,20397660
2021-12-09,455.04827880859375,459.5647772372901,452.6736393515856,458.4472831286653,12560970
2021-12-10,460.6822814941406,461.84632604166063,451.090537371142,454.90860917081886,13261408
2021-12-13,454.2567443847656,466.0368982398713,452.9064697268088,463.5225505857961,14047645
2021-12-14,454.95513916015625,456.63138028476504,448.6692988857473,452.580499757446,11642447
2021-12-15,451.4629821777344,457.2366539413566,450.2523873332911,456.30541839361456,8639835
2021-12-16,448.06402587890625,456.81763527706426,445.36344818636536,454.7689339050586,11107781
2021-12-17,435.63201904296875,448.296829373176,434.42142408409757,447.0396555810828,12648603
2021-12-20,418.31103515625,432.0933104138991,412.53736317533895,427.4371324999562,22336114
2021-12-21,415.3310546875,426.73869015817684,413.93420136455995,425.62119613220335,16617447
2021-12-22,424.5037536621094,425.8540282297802,418.1247841225314,419.05601972191346,13102553
2021-12-23,430.0445861816406,433.02455145172615,426.2730933914573,429.29960907364676,14471377
2021-12-24,425.52813720703125,431.7208485312779,421.1047679155613,430.78961289096844,13221159
2021-12-27,426.55242919921875,428.8339676477019,419.5681626251519,422.50157732150274,8856482
2021-12-28,429.4858703613281,431.0689538309039,427.483691084808,429.4858703613281,8832210
2021-12-29,423.1534729003906,430.37054917465906,420.35976595551256,429.2996338629338,11757303
2021-12-30,420.6391296386719,423.6190664913065,417.6591643669822,421.6169156458221,28879190
2021-12-31,428.7874450683594,429.67210184039385,421.94285769771926,423.01377295810596,10005842
2022-01-03,438.4256896972656,439.54318373540093,428.4614862699505,430.2308281477865,13124509
2022-01-04,450.2524108886719,451.3699049720466,438.65851634511614,440.0088193276059,23296671
2022-01-05,458.5404052734375,460.96162352526,446.2015335326098,448.7624314410835,24694169
2022-01-06,457.8885498046875,460.40286883985226,452.02174855119335,454.1636074541724,18190843
2022-01-07,457.4695129394531,467.43374575939566,455.79330013752667,459.51824273652477,22746330
2022-01-10,469.01678466796875,470.22740794884083,458.6335138454312,459.42506975618335,15832274
2022-01-11,471.1586608886719,472.88142400502176,464.91937103149354,468.4115045144542,16107950
2022-01-12,475.1629638671875,478.1894795606091,473.5333015707297,474.8370257240849,14489616
2022-01-13,476.1873474121094,477.5841724448816,472.1364667179958,474.9301736216526,10450974
2022-01-14,473.3936462402344,475.2561175318894,470.4136808059636,473.99894372621094,8724574
2022-01-17,478.6551208496094,483.2181982388684,472.6486395802748,473.0677069875517,17422211
2022-01-18,471.9501647949219,481.86784612553,470.2739521745942,478.6550721143395,12592506
2022-01-19,480.331298828125,482.05411874693084,465.8971473972718,470.27396597295876,16079457
2022-01-20,476.23388671875,483.45099113725774,473.0676913189305,480.5175762215908,17724642
2022-01-21,468.13214111328125,472.60206056479433,463.75532248525633,470.5533309050689,16947941
2022-01-24,460.1700744628906,471.95019933428694,454.4429811020752,467.85276830324335,20233933
2022-01-25,479.26043701171875,481.9144358070053,455.374220501692,456.3054561264398,21791739
2022-01-27,492.57708740234375,494.34640095892695,468.5977704387478,468.9236801670863,35409230
2022-01-28,487.4552917480469,499.51480427323236,485.5462701138926,497.2798160724936,24715250
2022-01-31,501.2840881347656,503.7053346818178,490.8076881358768,492.62360883663905,28674232
2022-02-01,495.6966552734375,506.54557180234553,484.24246976019253,506.54557180234553,32245356
2022-02-02,502.6809997558594,506.82500982577847,494.81204703219095,499.74764151890025,21661864
2022-02-03,502.9603576660156,507.24407580859116,500.2132579371295,500.2132579371295,22717677
2022-02-04,493.8341979980469,508.8271243709229,491.04049136388323,504.86937330585766,25332894
2022-02-07,496.5814208984375,511.2483826971255,489.13153554037376,495.3242754795101,52289545
2022-02-08,494.8119812011719,500.67881057078097,483.3112450230529,498.6766314255199,26567546
2022-02-09,498.4438171386719,499.60786155048567,491.459550667789,498.16445784745775,14856155
2022-02-10,503.3793640136719,506.545587611548,497.65229949736135,500.16659000602556,18659370
2022-02-11,493.182373046875,500.7254158465614,490.8542839429186,499.3751127986441,14607095
2022-02-14,466.9215087890625,480.1450368224222,465.33842537259744,479.5863182160546,26153332
2022-02-15,488.7124328613281,490.62145447897535,462.91722372156096,467.4802724903449,23842951
2022-02-16,481.16943359375,491.6923842372667,478.6550861703695,490.2955308729563,19773807
2022-02-17,477.6773376464844,484.2425376060202,476.0010964264141,484.2425376060202,16408356
2022-02-18,479.86572265625,485.0806764380115,475.02331429156897,475.02331429156897,15111223
2022-02-21,476.6529541015625,481.9144296301384,469.94804632169485,476.37356636628556,16866932
2022-02-22,464.1278076171875,470.5533274385469,461.42723011766594,466.45589656833613,27108772
2022-02-23,464.4072265625,470.5999379050491,463.0569235124379,468.41152846004275,13899433
2022-02-24,440.14849853515625,454.39642019792996,435.81825869983425,446.99308584598384,32356037
2022-02-25,449.7402648925781,458.0748068411408,446.3412320623623,446.99310837970523,21792287
2022-02-28,449.9730529785156,451.92862500192814,440.56756774116565,444.1062516511127,18069367
2022-03-02,441.6384582519531,446.80680417120226,434.88700053487,445.1305915538927,22003848
2022-03-03,435.259521484375,450.15929134892565,432.6520731257009,446.9930959365198,20358590
2022-03-04,430.184326171875,438.51886830974274,426.17999576692137,428.6477645916742,20684268
2022-03-07,410.0230407714844,422.73442998798953,403.6440993751081,416.72794874460675,33720472
2022-03-08,410.0230407714844,411.6992819742931,395.7751468524198,407.8812101679056,42510207
2022-03-09,420.6391296386719,423.06031945048284,408.39335882889986,411.60613299934477,32331325
2022-03-10,436.4701232910156,443.8734290255677,429.90489546710614,437.58758892426,34553299
2022-03-11,438.00665283203125,442.15063403681137,430.2308301955519,434.32826098979393,22091309
2022-03-14,451.7889404296875,452.5804963643414,438.1928951431617,438.61196252593584,27750689
2022-03-15,452.4408264160156,456.7710663150074,447.5983898805279,455.3742129012,27204899
2022-03-16,458.8663330078125,460.30973679221927,455.74668812445583,459.099141903301,16211288
2022-03-17,467.38714599609375,468.8771286527836,464.0346921233055,464.6865684165621,22947673
2022-03-21,456.86419677734375,467.4802770667619,455.3742141148338,467.4802770667619,19064060
2022-03-22,459.75103759765625,461.706609667117,444.43220025984135,456.86420148785135,26157969
2022-03-23,456.9107360839844,467.8527542553318,455.5604615312936,464.2209411418445,15800195
2022-03-24,453.6048583984375,460.77535533982467,450.2524046140873,451.649257989312,18174877
2022-03-25,456.9573059082031,459.3784956567696,453.1392343845382,457.9350918898123,11541196
2022-03-28,463.2896728515625,464.31403761102473,448.8089718315619,457.1900915414394,16738684
2022-03-29,460.9616394042969,466.9215417855109,457.8885731758907,465.61781758009784,14301429
2022-03-30,460.30975341796875,465.99029635687214,458.44728218679097,464.96593149591325,16461225
2022-03-31,459.6112976074219,463.3362398339444,458.3541523412136,460.30972427489485,10240982
2022-04-01,473.25396728515625,474.6973711707256,457.2367027853384,457.2367027853384,18527226
2022-04-04,477.1651611328125,479.4932502155485,471.2052303457634,474.27829656735247,16257176
2022-04-05,474.37139892578125,480.8900764070014,472.7883154906881,479.0276052463827,13602384
2022-04-06,478.6085510253906,479.7725955327789,471.20521659077895,472.1364521966896,13738275
2022-04-07,479.5397644042969,484.1493918075172,474.9766874115923,474.9766874115923,19620958
2022-04-08,480.6106872558594,483.77691114198547,477.11855363356403,483.77691114198547,13572638
2022-04-11,479.4932556152344,486.10500594941607,477.9101436535236,478.1895029789754,12370288
2022-04-12,477.5841369628906,481.169427992416,469.66866307633074,477.49103614159725,14460680
2022-04-13,482.1006774902344,485.08064275314774,478.4222855331121,478.9344537412433,15440525
2022-04-18,474.46453857421875,479.5863343782584,469.3427427701791,476.79262757605494,14492183
2022-04-19,476.60638427734375,485.12721303086033,470.36712260501565,477.9566873090639,20362934
2022-04-20,474.27825927734375,478.3757184760423,472.13642885725,476.79260665663116,11881305
2022-04-21,480.7969055175781,482.3800173281685,476.978862478602,478.0963565118487,10035638
2022-04-22,466.1765441894531,478.18947767208795,464.68656155476515,477.6307590507531,16760456
2022-04-25,460.7288513183594,464.8728614497352,456.3520322676716,460.9616602376713,14057444
2022-04-26,470.7395935058594,472.9745532511563,464.1743939254768,464.6865621353587,12137213
2022-04-27,463.0569152832031,468.2252616427236,458.0282485838483,465.61781325611173,12367342
2022-04-28,472.60205078125,474.9301397013547,462.3584595327894,464.8262281042895,12154792
2022-04-29,462.1722412109375,477.25827009170274,460.03041058595346,473.16083892009266,12894773
2022-05-02,457.2366638183594,460.96160608979204,448.2036674425135,458.7731968215145,18590895
2022-05-04,446.6671447753906,462.3119197288658,444.6649939419759,458.1679099883815,14645323
2022-05-05,446.9930725097656,460.03037045796714,445.7358988095211,451.64925034840905,14130385
2022-05-06,450.67144775390625,452.6735984668939,438.6119362288258,438.6119362288258,16710020
2022-05-09,443.1750183105469,450.438673074012,441.21941785811185,444.29251240309696,13544947
2022-05-10,442.5231628417969,449.3677216792281,440.9400509743726,444.19937553278925,10884328
2022-05-11,443.7803039550781,446.06184249202244,431.76737066572184,442.5697090695901,14771351
2022-05-12,430.8361511230469,440.47444541152885,424.96937812260853,440.47444541152885,18947096
2022-05-13,414.0738830566406,444.19935888720414,409.5108345296604,437.1685418279946,61403008
2022-05-16,423.712158203125,429.7651890345982,408.6727103595059,414.3998030777816,27940958
2022-05-17,435.1663818359375,437.354791166289,424.78311064360963,426.7852614874846,16880698
2022-05-18,426.50592041015625,436.3770238152506,425.6678140232925,435.7251475037698,15644497
2022-05-19,416.72796630859375,419.05605550584846,413.8877088555661,418.17137024326865,14201420
2022-05-20,430.60333251953125,432.09331515214274,422.92063887727875,423.57251516000093,13596860
2022-05-23,429.2065124511719,438.98448693678114,427.9027882035687,431.2552422824462,13499415
2022-05-24,430.2773742675781,434.7007431275872,428.5546112362912,430.6033123937053,17175179
2022-05-25,429.4735107421875,439.26222115340613,427.53466786818933,435.99930806214456,12728644
2022-05-26,443.47088623046875,444.6058200838844,427.96028712166645,432.0743862620898,17055257
2022-05-27,443.5181884765625,449.24007685783033,442.1468124863909,445.83530418702605,10977001
2022-05-30,448.8617858886719,451.0370421360326,445.5515957698212,447.34855034754094,9365470
2022-05-31,442.7142639160156,450.56413133401236,439.7823756392409,448.2942925870972,15441579
2022-06-01,442.9034118652344,446.402767135689,439.4986680873034,442.61969283792894,9424008
2022-06-02,444.369384765625,446.7338062777731,440.87002938261895,441.57935583626335,9370989
2022-06-03,439.30950927734375,449.7129637489278,438.36374068901796,447.5849844251947,11306291
2022-06-06,438.5529479980469,440.3499027156359,431.7434019642079,439.0258323375477,10661432
2022-06-07,438.2691650390625,440.68089229525094,435.52644186174086,436.8032352488327,7672515
2022-06-08,445.74072265625,449.7602391433186,438.0800202062432,441.29562762338475,17168871
2022-06-09,441.62664794921875,445.3624165055338,437.3706893587511,443.51818510053766,12635601
2022-06-10,436.80322265625,438.97847883631295,433.7294747838409,436.9450821701556,8621104
2022-06-13,421.6708984375,429.42618294760035,418.12426650412846,429.3789060668479,13426836
2022-06-14,423.79888916015625,424.886517210218,419.30648858865146,420.8670009093979,11351101
2022-06-15,426.8726501464844,430.7503070587634,424.27178657712926,424.6028113493786,9920926
2022-06-16,417.6513977050781,432.92555402430173,416.2800217617226,430.46655002030155,10780703
2022-06-17,417.0839538574219,423.27872666107095,413.5373215967295,416.13818525457054,14326050
2022-06-20,411.1256103515625,419.4010853677971,407.3425360584267,417.5568251048669,12368534
2022-06-21,426.30517578125,430.27741525368896,413.868325066745,415.665279547109,13801891
2022-06-22,423.373291015625,426.7307867283347,420.5359853295658,424.41364220635995,11066447
2022-06-23,426.9199523925781,431.6961012757673,421.81280758004186,424.6501134606251,12229833
2022-06-24,429.6153869628906,435.3845812009487,428.62234147696313,431.0813167492726,10833364
2022-06-27,436.1884765625,439.64052607470876,433.2092824733034,435.0062658485541,9509175
2022-06-28,439.07305908203125,440.491711938516,433.1620055133448,434.0131914547224,13261290
2022-06-29,434.2023620605469,437.6071347305486,433.1620108471343,435.05354801240566,11800876
2022-06-30,440.63360595703125,443.84921357769304,433.7295063931819,434.1078080786889,16926328
2022-07-01,441.53204345703125,443.37627477071175,435.5736844078601,438.2218536061245,9405495
2022-07-04,447.7741394042969,448.4361600833809,441.5320610921888,441.5320610921888,9186358
2022-07-05,446.54461669921875,453.96890561565453,445.45698863536103,449.3819223593166,12003244
2022-07-06,453.921630859375,454.91467630003484,448.1997137671677,449.3819244644131,12059857
2022-07-07,460.35284423828125,461.77149707106486,455.48214195157067,457.7519807115113,11497832
2022-07-08,462.05523681640625,463.33203019569055,458.8396293570521,462.4808442303567,9057231
2022-07-11,461.7242736816406,464.6561334523463,458.69780240937587,458.69780240937587,7704792
2022-07-12,458.6504821777344,464.7033952876818,456.9008045407598,458.69775906147703,7364457
2022-07-13,460.11639404296875,465.74372839283694,458.27213384761626,461.2986047162549,8208853
2022-07-14,453.35418701171875,462.38626565305754,450.9424597491278,460.21100940450947,9385630
2022-07-15,453.11773681640625,458.1302987936768,448.95636079682373,456.38062113130496,6945602
2022-07-18,463.7103271484375,464.8452609990571,455.9550420444267,458.272157767472,9934786
2022-07-19,470.9454650878906,471.5129031327425,461.53505638903056,461.53505638903056,11724183
2022-07-20,481.0179138183594,482.9094510108322,473.26259978419387,473.8300667144491,19280117
2022-07-21,484.2807922363281,485.55761446071546,479.2682302825926,482.15281292081585,13814893
2022-07-22,485.84130859375,491.98880407908524,483.47688725323644,485.60486645969866,14699129
2022-07-25,489.7189636230469,490.85389747437273,481.5380711043207,485.55761646836356,10229778
2022-07-26,486.314208984375,492.556258440218,485.2738289249796,489.624398970835,8862656
2022-07-27,499.5549621582031,501.2100571289965,484.46994216508864,487.3545247120165,15101546
2022-07-28,503.574462890625,508.3505823988346,500.8317110769329,504.28378928466987,12160734
2022-07-29,499.6968078613281,507.8777291963506,498.1836012182079,506.0334689140187,11921058
2022-08-01,504.8039855957031,505.98619633480314,497.85260953984863,500.35886167166035,8295631
2022-08-02,512.7011108398438,515.3493089753147,502.2976567294788,503.0543177539742,16845027
2022-08-03,511.5188903808594,516.7679519437197,505.655171628876,512.511993525269,24262125
2022-08-04,504.3311462402344,514.4981595024614,495.7719512714804,514.1671635560723,18072293
2022-08-05,502.2503662109375,513.4577579242721,500.31155226985163,506.50632459508563,21110734
2022-08-08,492.177978515625,495.58272221944645,485.98314830777673,495.58272221944645,32566317
2022-08-10,486.787109375,495.10986149988526,485.5576217415171,493.2656011870938,16904151
2022-08-11,496.2920837402344,497.47429451617586,489.15154219857493,491.7996827916567,13862195
2022-08-12,501.9194030761719,502.9597254368142,496.67039893814257,497.19056011846374,12154012
2022-08-16,497.4269714355469,504.89850821055546,496.52847978424455,504.37834706247423,10721167
2022-08-17,499.5076904296875,501.7775003494035,495.9137237044893,500.16968224473044,12054183
2022-08-18,503.4798889160156,505.79703352089945,497.6634466865571,498.27816163878566,9013662
2022-08-19,492.1306457519531,504.7094137454508,490.38099701081967,503.14887253569157,11087222
2022-08-22,483.57147216796875,491.7051167383744,482.3419845367255,490.853901910903,9676954
2022-08-23,493.5966796875,495.5827707550513,480.68691457300537,480.68691457300537,8597965
2022-08-24,491.13763427734375,494.63698972674746,484.5172539177123,490.85391523552954,11930650
2022-08-25,492.177978515625,499.64951545599195,490.38099517324997,493.6439082290722,15473450
2022-08-26,495.3935546875,500.7844469647244,493.88034809833897,495.3935546875,12855886
2022-08-29,486.928955078125,488.9623807185564,481.1597895368773,483.57148799346,9421339
2022-08-30,502.4395446777344,503.62175537109374,489.8608344454169,490.0972765840888,14835308
2022-09-01,504.37835693359375,511.5662325595548,493.92762598529777,493.92762598529777,16670228
2022-09-02,507.593994140625,508.68159334192575,502.4395439797127,507.8777131616108,10017930
2022-09-05,509.6747131347656,511.4716388097338,507.21568018067234,507.8777297346641,7819994
2022-09-06,508.6343078613281,513.2685967845732,505.1349527279727,508.8234731138315,8657868
2022-09-07,503.9527587890625,508.30332884057043,502.72327119466354,505.41874625079106,8445359
2022-09-08,515.1128540039062,516.6733374465072,506.4590488467253,506.9319331126886,12240707
2022-09-09,523.3410034179688,526.7930817113361,518.2811647716557,519.8417059673161,18587927
2022-09-12,524.8070068359375,528.3063043931888,521.3549284374099,524.8070068359375,9677415
2022-09-13,527.7388916015625,529.6304288474462,523.7193749540595,529.6304288474462,16707275
2022-09-14,540.7431640625,543.6750234535912,519.4633718606526,520.1726982673808,21632641
2022-09-15,541.1215209960938,547.1271284429683,537.1020044950002,541.4997937964107,12749947
2022-09-16,531.332763671875,542.871151610006,529.9141108366572,538.2368625915752,14739280
2022-09-19,541.216064453125,543.2494899696948,529.2047920630926,530.2924490091893,11194003
2022-09-20,542.91845703125,546.6069776867555,541.7835231583919,546.6069776867555,8484017
2022-09-21,538.8043823242188,545.9922005856165,534.7375888940823,543.8169443532304,9392526
2022-09-22,536.5345458984375,542.8712074256107,531.5219835769916,536.0143846837367,11869435
2022-09-23,520.7401123046875,537.1965072724512,519.6997900461478,534.1700365315244,12563239
2022-09-26,513.8360595703125,519.2269520381395,504.09465471098065,516.2004810276811,16158750
2022-09-27,507.40484619140625,521.0239369145561,504.2838214038483,515.0182717607147,11066799
2022-09-28,496.38665771484375,510.5259107155886,492.13069874823987,504.00014160187874,12233485
2022-09-29,493.4547424316406,506.64822528844724,491.3740400704196,500.3115644395551,17310168
2022-09-30,501.8247985839844,507.78318697394207,488.15848842562644,495.58274888276674,17466950
2022-10-03,491.563232421875,502.8179019108135,490.3810216656896,498.98749288066523,9351162
2022-10-04,503.8109436035156,506.74280316670263,499.17665438414605,504.0946626378347,8745887
2022-10-06,508.16143798828125,512.4173965270862,505.6078513199719,505.6078513199719,9507322
2022-10-07,501.446533203125,506.55364910926164,497.99445465465504,506.4590953374414,11065307
2022-10-10,501.9666748046875,504.94586892749584,493.88036497509313,497.1905550114877,9649292
2022-10-11,498.79840087890625,504.7567317306741,497.001417383469,501.96670271413166,10825440
2022-10-12,504.85125732421875,505.9861911671905,497.4742739326023,501.2573482590859,8522604
2022-10-13,493.1710205078125,504.8512389762804,491.98880982375175,504.0946356835077,12972765
2022-10-14,498.6092224121094,505.8443176388137,497.474288535822,501.4465282402605,8545479
2022-10-17,514.1670532226562,515.1600985738679,495.77184488543156,497.8525470701915,13485349
2022-10-18,531.947509765625,532.940555155672,517.0989326199887,517.4299285082948,20440781
2022-10-19,523.3883666992188,532.8933295908961,521.6386601529041,532.4677221755691,9540583
2022-10-20,525.2799072265625,526.6039486407994,515.7276096642603,522.0642708738797,11225588
2022-10-21,530.434326171875,535.1158925512549,527.0295821096737,527.0295821096737,11767639
2022-10-24,539.5609741210938,541.4525112783982,535.2104617493467,536.250784095811,3692065
2022-10-25,547.1744384765625,554.4095917069079,537.1965908085093,541.4525497145627,19899324
2022-10-27,548.2147216796875,553.274559949862,546.2758501185651,552.2815145924133,13613533
2022-10-28,539.79736328125,551.0520313525482,536.2507314594284,548.4984448958112,10043644
2022-10-31,542.6820068359375,546.1340852886444,537.5748910714758,543.769663807375,9894639
2022-11-01,545.6139526367188,553.9839820280091,543.4386385801015,545.0937337035314,12069579
2022-11-02,542.7293090820312,547.552763764299,538.9935691471632,544.6681809673819,10241440
2022-11-03,553.1801147460938,556.064697626696,537.1966012320565,538.1423698961975,17557998
2022-11-04,561.7392578125,564.5765635432895,548.9241051401274,554.2203860808812,25759031
2022-11-07,580.8438110351562,588.9301210515242,574.7435919964456,579.7561540508798,44265903
2022-11-09,582.1677856445312,587.3222354881241,577.4389431687815,587.3222354881241,18939854
2022-11-10,572.8993530273438,581.742266711215,569.541885904196,579.8507294333699,11618405
2022-11-11,568.6906127929688,585.9508886854824,566.0424724202394,583.7756325837807,15525267
2022-11-14,560.4152221679688,571.1970082557938,559.564064987439,571.1970082557938,12957268
2022-11-15,568.2650146484375,569.447225345239,560.5097586575258,562.0702421422246,10286417
2022-11-16,567.2246704101562,570.7713023635337,563.6780384567788,567.4138356593622,11555749
2022-11-17,566.5626220703125,570.061977149896,563.8199279891154,566.6098989514293,8167131
2022-11-18,570.0147094726562,572.8992919689098,564.7657056310915,568.4068914128185,12933675
2022-11-21,565.6641845703125,569.4472590238177,563.0633208835276,569.4472590238177,7412419
2022-11-22,566.6099853515625,568.1232498539574,563.8200139638168,565.7115512979567,8048595
2022-11-23,574.6962890625,576.5404915759619,568.4069050431018,568.9270662065175,12435924
2022-11-24,576.3040771484375,578.1483374757161,572.9466101411601,576.6824076810045,8960032
2022-11-25,574.4598999023438,580.4182308398936,573.3722428670565,577.4390365085501,9994513
2022-11-28,575.5947265625,577.7700404458606,569.6836730210467,572.7574208626024,7934274
2022-11-29,575.5474243164062,578.6211720225103,574.1760484101954,574.1760484101954,6942919
2022-11-30,569.7782592773438,578.2428991188328,565.9479082971545,575.500147307022,15606230
2022-12-01,575.1218872070312,576.7297054409339,568.9271141566862,574.8854450469025,14209313
2022-12-02,574.6016235351562,576.5404373574495,571.4805991230346,574.5543466565885,7533838
2022-12-05,583.822998046875,584.48504767179,574.6017533627327,575.5002451590359,11585602
2022-12-06,575.92578125,586.1873471266914,574.838124306329,581.411227401482,12996244
2022-12-07,574.1287841796875,579.6615648076655,571.717085932937,577.7226931086815,7613892
2022-12-08,578.4793701171875,580.512737911779,574.2234115434572,576.6823867404484,10020015
2022-12-09,583.0663452148438,584.484998122909,576.067634445001,581.0802542336061,11202267
2022-12-12,579.8034057617188,585.147021230506,577.864591753399,581.4585007462825,9285187
2022-12-13,583.3027954101562,583.9175681021829,579.2832787818738,580.2290474002932,7455415
2022-12-14,591.5782470703125,592.7604577958726,584.0120984267273,584.9578670071755,14010673
2022-12-15,582.546142578125,595.4085716060209,580.9856014002335,591.6254974536832,10622271
2022-12-16,570.6294555664062,582.2151207914691,569.447244829155,578.8103769582387,9435071
2022-12-19,571.6698608398438,576.4459808837632,570.2984847791784,571.244253410653,8322012
2022-12-20,571.6698608398438,573.6086749893394,567.0355714555637,570.2984847791784,6753785
2022-12-21,561.2191162109375,576.1149718170277,557.6251493131697,573.0412238348187,9217253
2022-12-22,561.2191162109375,566.5153973363823,555.6863352078802,564.6238601165613,8740149
2022-12-23,542.8711547851562,558.6655013213187,540.5067333792975,558.003451782652,13047046
2022-12-26,564.7183837890625,569.0689537978544,539.750128453268,542.8711531546007,13201587
2022-12-27,569.2581176757812,570.39299376433,561.1244734486816,567.8394648399637,9638618
2022-12-28,568.4542236328125,574.0815585274914,566.0898020573286,568.3123929733651,7988631
2022-12-29,578.6212158203125,584.4849926639092,564.7657405160301,567.4611579261255,20130392
2022-12-30,580.4181518554688,586.8966431228009,578.1955611999747,581.8840815153984,13052895
2023-01-02,578.9995727539062,585.6199532316294,578.0538041142315,581.6004365130118,6726084
2023-01-03,579.188720703125,583.1609026908402,576.9188529457435,581.1748116969826,6818062
2023-01-04,572.379150390625,581.6003939526616,571.2442165610402,578.6684767491398,7011191
2023-01-05,572.2845458984375,578.4320416816555,569.3054095001119,574.0815292943545,8241475
2023-01-06,568.075927734375,574.5071426133578,564.6238492843752,574.4598657287963,7972036
2023-01-09,574.7435913085938,575.9730789468689,567.555715294209,572.1900045367088,8878905
2023-01-10,562.8742065429688,575.9730785899777,558.5709132239706,575.4529174039299,10622660
2023-01-11,564.340087890625,566.9882282037652,560.1314064281567,564.1036457604316,7419630
2023-01-12,562.6377563476562,565.4750621129492,558.0980209430805,565.4750621129492,8183715
2023-01-13,567.5556640625,570.203862090674,561.4555033068693,565.4750195048337,7877610
2023-01-16,570.2984619140625,573.2303214640315,568.0285941994754,570.2984619140625,5483191
2023-01-17,560.79345703125,573.1357247063863,554.2676311351354,570.298419138533,13461999
2023-01-18,559.3748779296875,564.7657707637378,555.7336340028968,563.5835599547415,11538075
2023-01-19,557.861572265625,559.6585556526618,555.686316082724,558.9492292196419,7475688
2023-01-20,560.0841064453125,564.2454531299952,558.7600074807929,561.5973129260831,6750607
2023-01-23,567.8867797851562,569.116267446911,560.7935151306456,566.0425194299563,6604469
2023-01-24,562.1175537109375,571.811682022892,560.888066055424,570.7713596355657,7609623
2023-01-25,537.8585815429688,563.5361628309502,536.6290939830234,563.5361628309502,25686294
2023-01-27,510.6677551269531,537.7167133619173,503.3853255328834,537.1965521891551,40163464
2023-01-30,509.01263427734375,524.2867613983544,496.7176433900897,506.93193196678243,40797825
2023-01-31,523.4829711914062,526.7931616144774,508.6816680667604,515.4439373068046,21911943
2023-02-01,498.75103759765625,534.3592477264737,472.2695462189108,530.9545039283581,38218810
2023-02-02,499.4603271484375,503.7636200499666,475.2486763772784,491.98879055290683,39287056
2023-02-03,514.687255859375,516.3423508199595,490.99576525431956,506.931942213324,32317232
2023-02-06,515.822265625,528.4955314115668,507.4521780994977,528.4955314115668,25338586
2023-02-07,517.429931640625,521.4967824365973,511.7080436679747,518.2811463944632,16195947
2023-02-08,519.9362182617188,524.4286185104557,515.916702249691,520.1726603800734,15502847
2023-02-09,520.9293212890625,522.0642551278453,513.3631726640212,522.0642551278453,15061047
2023-02-10,523.0573120117188,527.0295516716327,516.8625392347192,516.8625392347192,13824475
2023-02-13,508.3505859375,526.6985185479009,504.37834655817164,523.9557667151163,18488732
2023-02-14,511.5188903808594,515.065522396235,501.96665124283317,510.6677333322475,18559909
2023-02-15,512.843017578125,515.1128852826321,507.68856722110974,510.7150382520747,12796579
2023-02-16,510.80963134765625,517.1935698172999,509.2964245782404,517.1935698172999,12767016
2023-02-17,502.2031555175781,510.38407746870104,499.1294073905873,509.29642042601847,14192008
2023-02-20,496.67041015625,504.9931624047725,493.8331043175399,503.1489020645839,12570032
2023-02-21,495.0625915527344,500.264318919326,494.0695460550484,498.514612351846,10223218
2023-02-22,488.3475646972656,493.596626297569,484.70637889222513,492.50896938170973,14763050
2023-02-23,492.7454528808594,495.58275875157454,483.618791435906,488.91510150042114,15535085
2023-02-24,492.7926940917969,498.8929128172425,489.52978103166254,495.77188813042636,12253035
2023-02-27,499.0821228027344,501.06821385639995,490.8539240908659,492.84001514453155,11048799
2023-02-28,494.4478454589844,499.7914614948557,492.79275029877584,498.6565275542565,15768010
2023-03-01,507.593994140625,508.2560436730128,494.7315071796655,494.8733955527241,13510198
2023-03-02,504.8039855957031,510.62048552212866,503.62177485660317,506.8846880415459,10376913
2023-03-03,530.7653198242188,533.6971792282246,512.3701100503431,512.6065521869607,27656538
2023-03-06,531.2382202148438,537.1019969258892,528.6846335168734,534.2646912003962,16162268
2023-03-08,534.1701049804688,534.8321545594332,526.2729600942696,529.630427149925,12637578
2023-03-09,528.5901489257812,535.0686414234416,527.738934006682,534.1228727245049,8993423
2023-03-10,517.6664428710938,524.8543191820775,515.4439096534684,523.1046125600982,11522371
2023-03-13,501.2573547363281,523.151920773827,499.7914249608996,517.3354208316443,14373729
2023-03-14,496.9068603515625,503.9055135652345,491.7996866691743,499.03483976503486,14750800
2023-03-15,489.4825439453125,503.14891222270455,487.59100668131737,501.0682096872827,11282329
2023-03-16,496.0556335449219,500.64258819117475,486.4087822245695,490.2864681418889,20040008
2023-03-17,501.0682067871094,502.77057876982445,491.8942395648045,499.9806075016889,18787379
2023-03-20,491.0430603027344,498.0417131884692,487.0708207053534,498.0417131884692,14275315
2023-03-21,493.54931640625,495.0625807877978,488.4422006470023,493.69120478503487,29485180
2023-03-22,493.26556396484375,498.4200139846637,491.89418805496433,493.880336597761,11619538
2023-03-23,484.9428405761719,492.7454313801766,483.7606298482924,491.2322247385441,22097792
2023-03-24,477.94415283203125,487.02353688053415,476.14719832075485,486.5979294788206,14416984
2023-03-27,482.48382568359375,486.26692879064547,474.3502102854361,479.50466048857436,15674218
2023-03-28,480.5450134277344,483.99706291588154,476.5254970283352,483.7133438915386,15833599
2023-03-29,488.4894714355469,489.90812430515643,478.8426203771755,481.39620708749925,24203789
2023-03-31,495.3462829589844,496.4339398922883,491.1848782077965,492.4144235150555,17356345
2023-04-03,498.18359375,499.8386887458472,493.78574681383884,496.29205661188894,14210949
2023-04-05,494.6369934082031,498.9875060154293,490.90119577529373,498.4200679275775,13574801
2023-04-06,499.0347900390625,504.75667812455197,493.3601788352455,495.58271180002174,25125879
2023-04-10,497.7580261230469,501.6357122011066,495.96110033333457,500.54805516972885,17335453
2023-04-11,503.24346923828125,506.6482709704916,498.561960659839,502.0612584406672,26414406
2023-04-12,499.5549621582031,505.0404082306634,497.47425979275084,504.2838049318985,21292441
2023-04-13,504.0473937988281,505.27688145059244,498.56194738894,500.5953152716292,28597560
2023-04-17,514.4981689453125,515.4439376382267,499.3658698586857,499.3658698586857,32476990
2023-04-18,516.2477416992188,518.754051455373,511.1879030294058,515.7748574225958,22283456
2023-04-19,510.998779296875,517.8083249786072,509.0599651502015,514.4981347732645,21156372
2023-04-20,515.2547607421875,515.8695334687824,507.5467807037376,511.85001661448604,25588577
2023-04-21,513.6942749023438,516.7680230720757,510.43136145406214,515.4439238473666,22599418
2023-04-24,524.5232543945312,525.4217461299845,514.0252457859217,514.308964827345,23335611
2023-04-25,531.332763671875,537.1019865035063,524.9015490305807,524.9015490305807,38142390
2023-04-26,535.6360473632812,536.250820070701,526.2729724415733,531.521976860201,23143882
2023-04-27,534.122802734375,536.6291125481928,530.6707243455518,534.3592448781264,17845169
2023-04-28,546.9379272460938,548.971352667809,534.8321016537752,537.0073577193658,16183423
2023-05-02,544.1006469726562,549.3496509930271,542.0672791815007,548.5457707982896,13667511
2023-05-03,539.5609741210938,543.8169327250288,538.1423212531155,539.7028624979448,9699527
2023-05-04,548.5457763671875,549.3023796861156,537.6694376978381,539.2772558287686,12533761
2023-05-05,545.235595703125,556.3483767083491,543.8642196936237,548.7349510540522,18163461
2023-05-08,551.9505004882812,555.733574673191,546.0394470743597,546.3232238183328,12990869
2023-05-09,542.3982543945312,554.6459684581436,541.0741553565239,553.2745925384495,18959065
2023-05-10,541.1688232421875,543.8169638690443,532.7041824334594,543.8169638690443,18561315
2023-05-11,542.3510131835938,548.5457859453637,540.9796371737035,541.1688024380219,16016715
2023-05-12,546.796142578125,549.2551178633527,540.5540351442528,543.5332293428207,11319335
2023-05-15,550.3427124023438,552.3288031592693,543.4858907877809,547.3635185418273,11410243
2023-05-16,554.5040893554688,558.3817750457957,550.4372961352346,552.3288332353558,22178229
2023-05-17,554.5040893554688,558.4763288107494,548.0728747600833,554.2203703354769,23739774
2023-05-18,543.060302734375,561.6919543637448,540.4121623892405,558.287153012746,45656620
2023-05-19,543.9588012695312,554.4568090197679,538.9935164126377,547.599987074534,42293962
2023-05-22,545.850341796875,548.8294780947019,542.3509866163723,546.1813376993675,21484049
2023-05-23,550.0590209960938,552.0451697862326,545.519343043849,547.5054918339878,16120548
2023-05-24,551.0993041992188,553.5110022753847,546.8906229230947,548.3565525203621,17616658
2023-05-25,549.7279663085938,551.2885074965544,545.7084499957997,550.4372927167339,16479436
2023-05-26,554.220458984375,555.8755542117174,549.0660080170519,549.728057653017,9788076
2023-05-29,562.7322998046875,564.056398894281,556.1591966905138,558.0034569491859,18432231
2023-05-30,560.651611328125,563.2051980785457,559.4221237001843,562.7323137812506,15031640
2023-05-31,559.0607299804688,563.8332703864224,556.7950076008431,562.8691231871136,28797643
2023-06-01,561.8568115234375,565.3759725346222,560.169553831175,560.9408598639765,17820226
2023-06-02,566.1472778320312,567.7863399289043,562.0978476064854,563.7369097033585,11323908
2023-06-05,566.1472778320312,568.6540371470996,564.9902893608927,567.4006574895654,12920507
2023-06-06,564.3635864257812,567.7863563449595,562.0978638580726,566.9186002547972,11199940
2023-06-07,568.0755615234375,569.4253323416787,564.9902786080794,566.9185730743186,11113781
2023-06-08,567.400634765625,572.6552488450642,565.3276947192347,568.7986599936411,15971917
2023-06-09,557.9520263671875,567.9791224774418,556.0719274568654,566.9185840392489,18870272
2023-06-12,557.9038696289062,560.651665949061,556.9879179065606,559.2054449706885,8786066
2023-06-13,555.7344970703125,560.5552333084419,553.6615569491656,558.6751344061959,12612098
2023-06-14,555.8790893554688,557.8073838698208,554.6257096905156,556.3129673905737,8948696
2023-06-15,546.189453125,556.023767492567,544.9842689830649,555.348852603707,17934877
2023-06-16,550.7691040039062,554.0954237099354,546.7196738768654,548.3587359338673,12660226
2023-06-19,548.4551391601562,552.215336970729,545.6109518525627,550.7691160969515,17903691
2023-06-20,547.0571899414062,549.0336800950572,542.3810403275806,548.4551564192141,14549152
2023-06-21,546.0447387695312,549.0818259637434,545.3698828124838,547.0571403988516,14946871
2023-06-22,542.7667236328125,548.5998029137497,540.9348202600779,546.0447890802325,14979063
2023-06-23,534.716064453125,541.9471691410787,533.9447583891194,541.8507779506582,12215712
2023-06-26,537.0781860351562,538.4762112446472,534.6196224443274,536.0658432444474,8360264
2023-06-27,545.8037719726562,547.5874798151365,535.7284795993684,538.2352390818655,10694768
2023-06-28,549.37109375,553.4205239875774,548.1659096820828,551.7332662924933,18028934
2023-06-30,552.3117065429688,553.4204993748917,549.7567517407397,553.4204993748917,8718232
2023-07-03,564.4600219726562,565.3277191936658,553.3241329514472,553.9025977654534,15421985
2023-07-04,568.123779296875,574.5835777803604,561.3747484015366,567.1114364319501,24799250
2023-07-05,569.4253540039062,572.4142458484074,567.1114358645187,568.6540479574438,13598114
2023-07-06,571.2572631835938,572.2214104632285,567.9791388940837,569.2325774351127,11323509
2023-07-07,572.3178100585938,574.1497134555585,564.5082405175979,568.8469033396802,11707209
2023-07-10,571.3536376953125,578.2955096754295,569.0879151930579,573.3301866383733,11417363
2023-07-11,567.4488525390625,574.5835657318489,566.2918640690325,573.6676140744553,13221177
2023-07-12,568.123779296875,573.1855524683788,567.1114364319501,567.8827424791843,16029716
2023-07-13,564.65283203125,576.5600264296337,562.4352463905591,573.571193644083,20024503
2023-07-14,563.4476928710938,570.1002737819823,559.88033617268,565.71341543592,12190152
2023-07-17,579.5488891601562,581.2361468497637,563.2548359229304,565.9544364569268,19378986
2023-07-18,571.1126098632812,582.3931446524997,567.6417032420812,581.4289973858464,25757209
2023-07-19,579.8864135742188,580.8023652915784,570.7752096906919,573.3302236106615,17556585
2023-07-20,588.1780395507812,588.9011500146614,577.2831869976956,579.8382008421577,34038351
2023-07-21,593.0469360351562,597.2892073744681,587.1656614867653,588.1298087141655,21040281
2023-07-24,595.5055541992188,599.6031798857839,592.2756257028592,592.9987361181354,11756364
2023-07-25,587.744140625,599.5067488556581,582.537780778133,599.5067488556581,18503305
2023-07-26,593.09521484375,594.2521444866661,587.310331241653,590.0581274138974,9999125
2023-07-27,594.4449462890625,598.9764499129095,591.1186266690645,594.3003595167257,17444742
2023-07-28,593.962890625,597.6748927770809,591.6007181367443,594.3003774643948,11930586
2023-07-31,597.9641723632812,598.7354784405272,592.4685209367213,594.5414611882713,8605483
2023-08-01,589.9134521484375,598.590777115643,588.7082681252145,597.9641167316927,13493453
2023-08-02,576.993896484375,588.6118583315358,572.7998209080405,587.9851391205248,14977497
2023-08-03,569.3289794921875,579.3078804881416,564.0261693529716,577.2349991054857,27774877
2023-08-04,552.74560546875,577.2349691049168,550.9137610058102,573.4747712992396,52725616
2023-08-07,547.539306640625,556.3130240355339,546.3341224464406,556.3130240355339,32736325
2023-08-08,552.552734375,553.6615271889215,548.0694852226486,550.528048802567,25038671
2023-08-09,553.1795043945312,554.3846884999659,547.9730855203012,554.3846884999659,15769111
2023-08-10,553.0831298828125,556.8914646933206,549.6603598426617,553.1795210754018,27325801
2023-08-11,553.565185546875,558.241276326227,551.492245351644,554.8185652442073,18221179
2023-08-14,540.6937866210938,552.456395288408,538.5726508209419,552.4081996934482,28084093
2023-08-16,545.0806274414062,546.0930291373386,534.1375796285616,538.7654746862926,15725767
2023-08-17,551.6368408203125,552.6009880147222,543.7790176471228,545.4662752373399,27910162
2023-08-18,552.408203125,554.6257301288466,547.0571974198606,549.5639568421426,18253227
2023-08-21,551.2030029296875,554.9149463595685,550.2870512589609,552.4081870104123,9380810
2023-08-22,548.11767578125,553.8543633129792,547.1535285942997,551.9742645290513,14073413
2023-08-23,556.2166137695312,557.2289566885623,545.7073844177855,550.5281210292501,18579297
2023-08-24,556.2647705078125,561.1337023758908,554.9149408121432,557.4217589831178,24131644
2023-08-25,549.5157470703125,554.6739114144629,546.8643420837741,553.2276905127146,12271885
2023-08-28,552.3117065429688,554.1918053746803,548.7926045292852,552.2635109517712,9711932
2023-08-29,554.2400512695312,555.6380766224023,551.3476093726454,553.0831215882818,13144855
2023-08-30,547.0571899414062,556.9878951511408,545.8037514005196,556.0237478716156,15281416
2023-08-31,541.2240600585938,549.8531901110308,539.3440199124148,548.8890428168341,27898476
2023-09-01,549.1300659179688,550.7209324523909,541.9471569863232,542.5256806565127,18121168
2023-09-04,554.9149169921875,555.6862229936563,548.0694953146975,551.4922061534426,12108655
2023-09-05,552.4563598632812,557.5181327939658,550.8654934034583,554.9631191092507,14444729
2023-09-06,550.0460205078125,553.6615727898534,547.6356523197853,553.6615727898534,20609936
2023-09-07,558.2894897460938,560.1695887755602,547.635673708293,547.635673708293,12390597
2023-09-08,562.53173828125,567.4006702412167,558.9161860069856,560.169565692688,14032068
2023-09-11,570.4859008789062,571.0643656508981,564.3635309487681,565.9543973420567,10946134
2023-09-12,567.2560424804688,572.9445351099214,563.6887445349923,572.3660702665688,16093060
2023-09-13,575.065673828125,576.560090386674,562.531758819719,567.304299765373,19377172
2023-09-14,575.8851318359375,582.0556976801864,573.8604461806968,576.9939246952075,13178911
2023-09-15,577.3313598632812,579.163263171742,573.8604533120565,577.8616290798742,11756389
2023-09-18,582.2967529296875,586.587220031729,575.6441132571398,577.331370972233,19305055
2023-09-20,579.5488891601562,585.0445402613964,577.9098859106114,579.3078523473552,21314600
2023-09-21,567.063232421875,584.8517022259392,563.6887170242877,578.4883538720975,23453425
2023-09-22,576.7047119140625,580.4166553572468,570.1967178548243,572.2214035789467,18784139
2023-09-25,572.7516479492188,579.9345565537149,569.2807414736828,579.9345565537149,9712784
2023-09-26,573.0891723632812,573.6676371981744,570.0520848628917,572.7034899087656,8327427
2023-09-27,568.6058349609375,572.9926931348808,567.1114185078637,572.1731915193855,9865347
2023-09-28,568.7987060546875,573.8604793320803,567.738108726534,570.052085763523,21960816
2023-09-29,577.09033203125,578.488357330842,570.1002643801689,571.5946808672312,12189735
2023-10-03,581.3325805664062,583.2126794228604,568.4611798159711,575.2102103849722,15322196
2023-10-04,565.2313232421875,578.9222259114165,563.4958699679197,578.48834788113,24914612
2023-10-05,570.9198608398438,573.0409378728881,566.0508697813017,568.8469205566893,13248028
2023-10-06,572.9445190429688,577.4760230117589,570.9680288955789,572.1250173967202,8216780
2023-10-09,564.12255859375,567.8827565818558,560.6998474669198,566.9186092871498,9189597
2023-10-10,570.437744140625,573.6676138901629,564.749251825484,565.9544358882783,10373508
2023-10-11,567.2560424804688,575.5959401945697,566.5329320028374,575.4995490029714,14220119
2023-10-12,565.0385131835938,571.7393486854555,564.0261702883498,569.6182128568753,11983797
2023-10-13,555.4934692382812,560.4587923356951,554.1918351248179,557.0360813206687,19064577
2023-10-16,555.0113525390625,558.0001852843412,551.0101181684682,555.3487805162515,11290293
2023-10-17,555.78271484375,559.1572303451123,554.6739219259789,556.9878989513794,10765224
2023-10-18,552.1189575195312,558.4823059606506,548.9372244520923,557.0360850561344,11777454
2023-10-19,550.720947265625,553.420547925152,546.6715168528941,549.371117512421,11441499
2023-10-20,542.9113159179688,549.5639557633297,541.9471686271559,549.4675645730006,11110988
2023-10-23,533.125244140625,545.7073542311729,531.2451451967778,542.9113036124381,11875035
2023-10-25,536.2587280273438,540.6937819693302,533.7519097953203,538.5726461874272,12134624
2023-10-26,527.3885498046875,533.0770421621733,523.7248019958954,531.6790168695493,19424825
2023-10-27,541.0313110351562,542.3328864238197,530.2810445032903,530.2810445032903,10415296
2023-10-30,544.93603515625,546.3822560251111,536.5479423474799,542.8148994458782,8593704
2023-10-31,545.2734985351562,549.0818921729843,542.95958030296,546.6715239018123,13039696
2023-11-01,546.093017578125,549.2264960926518,543.6343950507638,545.9483719540883,13575575
2023-11-02,551.588623046875,554.8185516709641,547.2499603836425,550.6244757883788,11148516
2023-11-03,557.4217529296875,558.7233281709723,552.8902491112981,555.3488128153236,11371371
2023-11-06,553.7579956054688,561.6158198859742,552.697457080918,561.1337462208361,16499138
2023-11-07,558.96435546875,560.3623807188147,552.0706792493585,554.1918149204695,17923281
2023-11-08,559.49462890625,561.7121557781876,558.2412492696659,561.0372997909418,15434808
2023-11-09,557.6145629882812,560.9890785114845,555.8309140361974,560.1695768517445,12434363
2023-11-10,558.7233276367188,560.1695485020424,554.7703474769183,557.0842655533097,6773038
2023-11-13,560.5069580078125,561.6157508400668,554.5774879637208,560.1695300224528,11282362
2023-11-15,563.7369384765625,566.9186127994279,561.7121938370072,566.1955023239185,11397676
2023-11-16,563.688720703125,566.9185904945721,562.0014629933197,563.7369162968865,8622660
2023-11-17,542.8630981445312,553.902595942704,541.9471464863035,553.902595942704,37173221
2023-11-20,543.5380249023438,546.4786623142577,540.5009374550467,543.7790617204822,12714585
2023-11-21,541.3687133789062,546.3340955532802,540.8866397249625,545.7073762644006,14280013
2023-11-22,538.9100952148438,544.2611004650989,535.246347583391,542.7666840578206,14909071
2023-11-23,539.874267578125,543.2969785663546,538.2834010675289,541.6097208689436,6376210
2023-11-24,540.2598876953125,542.2846322273022,539.1993492596594,541.802558602573,6529851
2023-11-28,544.2129516601562,544.9360621303805,540.9830229183594,543.3933911524404,8153314
2023-11-29,548.214111328125,548.5997937728681,544.8395959006997,547.6356465078894,10299034
2023-11-30,544.502197265625,549.7568119125536,543.4416587556975,549.3229338505354,19758998
2023-12-01,551.2511596679688,553.6133320690648,546.2375824761655,546.6714604840198,10614230
2023-12-04,573.37841796875,574.6317977044337,563.5922992174134,566.9186192117567,26077882
2023-12-05,586.4425659179688,589.3832032666363,573.7158104246026,573.7158104246026,36430152
2023-12-06,586.6354370117188,591.9864427624263,582.8752389993938,591.9864427624263,21439069
2023-12-07,589.7689208984375,590.5884225726319,583.3091221564198,588.1298587031671,10725706
2023-12-08,592.131103515625,594.6860586201612,583.6465599734173,588.1298685759048,17722136
2023-12-11,592.2274780273438,597.6749338019196,591.1186850954592,592.9505885011256,11706255
2023-12-12,590.44384765625,595.7948535613543,588.9011766221438,594.8789018296793,14494836
2023-12-13,597.6266479492188,598.2533671989761,589.7206875955662,592.4202881197557,13977914
2023-12-14,601.2904663085938,605.2434465626046,600.0852822254344,603.5561888461816,15813797
2023-12-15,625.0084228515625,626.6956804527815,597.6266188130294,605.4844420374566,29813572
2023-12-18,625.24951171875,632.1431883165444,619.3682368434937,623.4658627876797,16221796
2023-12-19,631.9021606445312,635.9515322057881,617.2953055873893,625.2495207706708,19964008
2023-12-20,613.6315307617188,636.7228692336894,611.2211626299238,635.0838071346933,22542056
2023-12-21,620.6697998046875,625.6833773355924,605.002406799909,609.4857151061817,19915516
2023-12-22,613.9207763671875,626.1172629150401,612.3781642684246,621.6339545547611,14998068
2023-12-26,615.1741333007812,618.3076118235898,612.8602152382182,615.9454393216356,10153089
2023-12-27,625.2976684570312,626.1654244947468,616.0900742651665,617.777331902043,14417646
2023-12-28,628.0455322265625,629.8773766643785,623.3211872377498,626.9367393678991,16982092
2023-12-29,619.03076171875,626.3100620587661,616.6203934706069,622.3570816705638,13221898
2024-01-01,618.3558349609375,623.7068994465233,615.1259651092256,619.1753954576906,8295548
2024-01-02,616.5239868164062,624.7674342489258,611.1247267678557,618.355831330922,15164482
2024-01-03,620.3805541992188,624.7674123778669,613.0048042643401,616.4275152016644,14571772
2024-01-04,619.7056274414062,623.2247883433014,615.7526473667616,619.4645906357115,13883388
2024-01-05,618.9343872070312,628.3830192250042,614.8849566716478,621.875024779636,15984585
2024-01-08,604.5203247070312,621.8749751770896,602.6402258033993,617.0542389354067,14739531
2024-01-09,602.9777221679688,611.6067930993104,602.1099660920149,609.3410705687005,13400235
2024-01-10,599.4585571289062,602.8812681223897,596.0358461354228,602.399194493818,12742464
2024-01-11,597.9641723632812,604.6650079251884,596.3251101698327,603.5562149819164,15533860
2024-01-12,610.8836669921875,613.6797175235832,598.8318265066497,601.4350358209014,16620797
2024-01-15,617.150634765625,622.3570534845726,613.2940457432574,615.9937051364175,16844018
2024-01-16,614.0654296875,621.7786079716733,610.7391097830742,617.054262733865,15025543
2024-01-17,603.5562133789062,613.9689925112747,600.6637714617549,601.627918767472,30016308
2024-01-18,605.773681640625,610.7390633220803,596.8553199279997,603.3633136101857,14695436
2024-01-19,605.2434692382812,612.7156108338156,602.3028317345762,610.3052425771916,11675202
2024-01-23,583.4054565429688,612.137090641516,579.1150485116219,604.5203041005418,30954343
2024-01-24,596.1322021484375,600.0369865400962,581.4771529351829,588.0815965650563,19221835
2024-01-25,590.78125,601.4350657500038,584.514292635659,596.3250968992248,22684904
2024-01-29,600.6155395507812,606.9306922520184,593.5290219741044,596.8071461540897,19572140
2024-01-30,604.279296875,610.7872908979857,601.8207331245812,603.0259172029118,16966577
2024-01-31,617.5363159179688,620.1395252720102,599.6995917267393,603.9418631812425,23270745
2024-02-01,624.4299926757812,629.5399613532924,610.5462486775638,619.7056475917949,26587707
2024-02-02,626.3582763671875,636.8674459475857,623.5140302472481,628.623998836513,27471811
2024-02-05,619.8984985351562,631.3236201370446,615.8490682349207,623.8996743944258,28339525
2024-02-06,626.936767578125,631.5164671490533,614.8367310074694,621.3447251345781,14079390
2024-02-07,651.0404052734375,653.6436145166939,631.5164242193285,631.5646198105808,41696232
2024-02-08,674.46923828125,693.1255240196265,654.1739491949825,656.0058526209428,74222434
2024-02-09,699.247802734375,702.2366357119648,669.3110419771705,678.4222453850707,43235061
2024-02-12,682.5198364257812,699.9708774628965,679.2417123589678,699.9708774628965,22873137
2024-02-13,687.8709106445312,692.2577691391986,676.9760578021069,683.1465652829623,23351472
2024-02-14,716.7470703125,721.6641976192514,680.2540625529531,680.2540625529531,36782182
2024-02-15,734.3909301757812,736.6084569548306,715.0597906860668,720.8928694462425,33941282
2024-02-16,727.6419677734375,746.8284634371934,726.3403336305333,736.0782565173563,27365121
2024-02-19,732.02880859375,737.5726553496461,723.1104464212216,731.4985393690836,13979584
2024-02-20,732.8483276367188,736.1264519437863,726.967052738199,731.8359847570562,12528399
2024-02-21,743.839599609375,749.6244830800896,732.3662238537067,733.3786255385841,21465311
2024-02-22,738.4403686523438,745.2857902765477,729.8594349797497,745.2857902765477,18799244
2024-02-23,731.8359375,742.8754349674641,727.9311530180862,738.4403812825284,14143636
2024-02-26,731.69140625,738.8742565255047,725.7136812472469,727.9312082579945,11355186
2024-02-27,722.9658203125,735.0176614115741,715.590128867995,731.6914003457339,13969393
2024-02-28,715.8793334960938,729.6184318157158,714.4331126203441,722.965792248516,11263318
2024-02-29,721.2785034179688,726.8706043069235,710.721138558327,717.2291322182092,19217113
2024-03-01,741.5738525390625,744.3216485578118,724.9905087033734,725.0387042946561,17348526
2024-03-04,744.369873046875,749.1424137066598,741.4292357019581,746.635654393883,9789141
2024-03-05,755.84326171875,758.7357035196916,741.525639495962,741.9113219415058,18088847
2024-03-06,755.7950439453125,761.9655509647814,745.1894243197579,755.5540071356407,26710525
2024-03-07,759.7962036132812,764.954426539321,754.9272719302329,761.6763024583448,15497868
2024-03-11,745.9607543945312,764.375943708488,742.9236669559873,761.6763431224929,16778340
2024-03-12,732.4627075195312,749.8655543236582,730.1969260813347,742.3934128308799,21529705
2024-03-13,720.4590454101562,736.3192797248611,716.3614195245849,731.450347794911,27950252
2024-03-14,714.4813232421875,723.8817591322932,707.7322923467271,723.0140618967187,19730882
2024-03-15,705.659423828125,719.7841462932436,697.0784894237145,712.7458828582031,29792241
2024-03-18,704.7434692382812,711.4443046336356,696.2107304639793,701.0314668855465,18145126
2024-03-19,697.8497924804688,708.0215345586139,695.294837485665,703.8275174114212,15205043
2024-03-20,709.8534545898438,712.4566640874273,693.9932196245381,699.1514430237444,25405455
2024-03-21,717.61474609375,723.6888616581621,713.999194109353,715.3972193126948,15161161
2024-03-22,719.9287719726562,721.9534576831707,714.8188032557894,717.1809169690966,15535921
2024-03-26,713.5172119140625,721.0375492356,712.0227953384497,716.4096538721063,14678342
2024-03-27,707.0092163085938,719.1092533764988,704.0203831624405,716.3614570597734,30088789
2024-03-28,725.3761596679688,732.3180316341789,710.480131739764,711.299633363139,21705116
2024-04-01,731.1128540039062,734.1981369990166,725.1351292346699,731.8359644474378,9949971
2024-04-02,738.9224853515625,741.1882078791733,726.3403165012812,731.0164660314755,15713063
2024-04-03,743.40576171875,744.9001782599978,732.8965914876521,737.4762911492417,19136981
2024-04-04,732.0770263671875,747.5033830248789,730.9200378484845,747.2141506069232,15889530
2024-04-05,737.3316040039062,740.1758501398218,725.6171914639816,730.7754145215962,9939620
2024-04-08,740.7543334960938,742.3933956194346,734.4873762603453,738.5850021452578,9797174
2024-04-09,736.8013305664062,744.7555452746966,733.8124388224375,740.8989563252226,7465892
2024-04-10,751.118896484375,752.7097629710994,736.2710642780829,739.0188603767406,14530669
2024-04-12,738.8259887695312,751.5527435992136,737.3797679672235,749.3834123957522,14408722
2024-04-15,730.341552734375,735.9335950981468,721.9052641714367,732.5590796729715,11356572
2024-04-16,724.74951171875,727.8347947397396,717.7112484453821,724.315633679616,13338991
2024-04-18,718.0968627929688,732.7037172254089,715.3972622519597,725.0869303823578,14589648
2024-04-19,723.5443115234375,725.0387279832828,705.8039786829678,708.166151201757,10886554
2024-04-22,738.6331787109375,741.4292292520696,723.5443096786286,727.1116662441453,17452186
2024-04-23,745.2858276367188,749.8173315016863,738.1029188222026,742.7308138738571,12292429
2024-04-24,745.3822021484375,750.5886207443748,742.5862104814081,750.5886207443748,7842615
2024-04-25,783.5625,785.2015621323537,742.0559716951439,743.0201189674838,36732974
2024-04-26,772.5712280273438,787.611961377191,770.257309790593,786.6478140668245,14964358
2024-04-29,796.8677368164062,801.4474364532822,770.0644538689087,778.0668646229158,27302732
2024-04-30,796.626708984375,804.91835225018,790.5043971499949,796.8677458100889,27449073
2024-05-02,800.2904663085938,804.0024687760509,795.4215341417088,797.2534375772727,19943724
2024-05-03,801.6401977539062,806.2198969341655,790.6007005921169,804.8700673212338,22667634
2024-05-06,778.838134765625,806.0270989146577,774.2102397469739,805.0629516671522,35283557
2024-05-07,773.149658203125,785.4425349233778,764.7615658481657,782.8875213212029,16725013
2024-05-08,781.7305297851562,792.5289900811847,770.8356783088896,773.8245110587671,27908322
2024-05-09,790.4078979492188,809.5462560286481,774.7405052523084,782.7911700385396,49290254
2024-05-10,788.0457763671875,802.2187535230167,786.3585185830859,797.3498214011286,20543142
2024-05-13,779.8023071289062,790.456122787604,769.9679931182314,790.456122787604,15398505
2024-05-14,788.8652954101562,792.9147256484775,778.9345904580701,783.8517179173241,10912462
2024-05-15,790.8899536132812,795.7106897182591,788.7206223660413,791.5648684373534,9755062
2024-05-16,782.8394165039062,796.5303200119738,768.7628305348695,795.7107594941345,20536990
2024-05-17,788.5277709960938,792.9628834636741,782.1162273671808,785.2979013861104,12492509
2024-05-21,800.8689575195312,806.3163543151672,790.2150830532505,791.5649127770058,14037801
2024-05-22,802.6334838867188,810.3780018937406,797.5358302513197,810.2799344229562,19239277
2024-05-23,815.7206420898438,819.0537392891404,805.8194777925474,808.4663420586099,17497488
2024-05-24,812.28955078125,824.6905681013441,810.7210696223614,813.6620166705683,12252075
2024-05-27,817.2891845703125,822.876995845969,806.7997949535047,816.2108014350272,12295193
2024-05-28,814.7894287109375,824.151431802395,807.093914464433,819.2498532378913,13818893
2024-05-29,806.4567260742188,818.0244392460639,803.1726326134542,812.0935412900568,14518232
2024-05-30,809.5936889648438,819.5439171556648,803.1726331596147,805.2313320096405,17818705
2024-05-31,814.005126953125,818.5636189442075,801.0159437782618,814.3482733523172,22267336
2024-06-03,887.8229370117188,894.0479177688353,839.8854753820721,846.5516101706216,64269020
2024-06-04,759.9407348632812,879.3431739398783,717.542081270305,879.3431739398783,122381193
2024-06-05,774.2042846679688,779.3509418310036,729.4038474915685,775.1846003180706,74256082
2024-06-06,800.868896484375,816.9460375302097,780.3312712846982,784.2525339544707,40555649
2024-06-07,813.613037109375,815.1325144961712,794.545884544975,803.7608761709042,25061284
2024-06-10,815.4265747070312,828.8079077389773,812.877777859861,817.7303524667053,16725508
2024-06-11,819.102783203125,823.0730498797147,812.730731059502,819.5439372413512,14754408
2024-06-12,822.5828857421875,828.905934018559,816.6029838634709,820.5242466911467,15071442
2024-06-13,827.2884521484375,829.2490835697314,819.6419417384134,828.3667754966601,12523972
2024-06-14,822.680908203125,833.1702976600134,818.6615781244269,828.3667270254315,12903496
2024-06-18,828.2687377929688,834.7387973148866,823.7102459704445,824.9846443812804,14929083
2024-06-19,835.817138671875,843.6596642417119,824.4455005291003,830.1313196004876,32925140
2024-06-20,827.141357421875,836.3072851232247,825.7688915323681,836.209277488426,13985352
2024-06-21,819.8380126953125,831.3567222370788,812.2895697948148,828.2687636644131,18990090
2024-06-24,816.3088989257812,819.543928783181,804.8881970373593,815.1325081138934,12715254
2024-06-25,825.6708984375,829.2000110244921,817.8773766546938,820.5242410117988,20917530
2024-06-26,828.7098388671875,832.0919399410025,819.5439111626723,823.3181026095383,16281760
2024-06-27,827.3864135742188,830.7195107377448,821.7495985528304,827.288405942117,20378887
2024-06-28,832.239013671875,846.992752780768,827.386439058991,830.2293784821371,23636388
2024-07-01,825.3768310546875,833.7585184800706,823.4161996179325,832.6311314704473,10967797
2024-07-02,809.8878173828125,829.6411422984175,806.9468703630849,827.3864282167037,21142840
2024-07-03,823.4161987304688,827.2393941277866,808.760466789776,812.6817296590598,23598009
2024-07-04,822.7789306640625,828.2687343216311,817.8773523092979,826.4061106133324,13372587
2024-07-05,842.826416015625,844.2968895533086,820.5242340274244,821.5045497192135,24873722
2024-07-08,839.3953247070312,847.9730871492928,836.6994565108919,842.8264296839359,10359800
2024-07-09,844.3458862304688,852.8256408262188,839.1502250746712,842.9734801738035,13585081
2024-07-10,832.2880249023438,843.3165764690709,826.8962885808327,843.1695051813592,17343236
2024-07-11,839.8364868164062,841.4049680302959,833.0232806157347,837.5817726337938,8501366
2024-07-12,842.7774047851562,846.0124345728623,838.4639918457344,839.8364577356562,11446064
2024-07-15,864.001220703125,869.8831149197468,842.7774216383809,842.7774216383809,25392820
2024-07-16,863.364013671875,870.6183136551655,857.0899695148005,864.9324947942838,11893692
2024-07-18,875.9610595703125,877.2845216320075,860.2270049507774,863.315023261012,19435183
2024-07-19,871.84375,881.3038205050954,865.912851939986,877.3825576774864,14562742
2024-07-22,859.540771484375,877.382528728047,850.914005515022,864.0992633045507,14614111
2024-07-23,846.8947143554688,867.0891928212089,832.385994861864,865.618719345537,18279212
2024-07-24,835.2289428710938,850.9139934414429,830.5234396667329,847.1888058977289,19624845
2024-07-25,831.7978515625,834.0035618347636,824.6415590903446,830.8175358859385,9522375
2024-07-26,845.4732666015625,847.2378228513442,827.386430415429,828.0236595382181,12081506
2024-07-29,854.443115234375,871.5986394833856,846.208499495082,849.0023752250042,26582781
2024-07-30,855.6195068359375,863.2169532964333,851.8943192478578,857.4821305468374,13528447
2024-07-31,855.2274169921875,857.727209991399,850.9140040978348,856.6488268509507,11636874
2024-08-01,845.6693725585938,864.0502921513843,842.5323503146797,860.5211196893349,11787203
2024-08-02,831.16064453125,841.4049555903533,829.494155703777,839.8364743996533,12609331
2024-08-05,795.6732788085938,814.9854506435058,784.2525767265245,813.6620483537691,27676951
2024-08-06,781.9978637695312,810.2799484288843,779.988228505242,806.4567530115417,17900930
2024-08-07,792.7322998046875,794.7419349850848,784.7917068840424,793.0753863597355,17692355
2024-08-08,792.1441040039062,801.7021822548979,786.9974464841414,796.01636305695,14769069
2024-08-09,808.07421875,813.6130263830515,793.6145621891944,799.9376104147318,15320885
2024-08-12,796.6044921875,806.799799123275,795.2320861451166,804.4470175738744,16120449
2024-08-13,781.8507690429688,803.8588683191833,779.3999798102883,797.4868163142143,17585172
2024-08-14,787.1934814453125,793.2224467373169,784.6446846418667,785.183846292551,11788665
2024-08-16,796.1143188476562,798.85925054641,787.1934703278642,787.1934703278642,11427335
2024-08-19,797.682861328125,809.1525664711355,796.6044782061931,798.9572597142997,10151482
2024-08-20,804.1529541015625,806.7998184496117,797.3397480422,801.8492361476191,10347493
2024-08-21,799.4964599609375,804.8391925113443,795.2321105845307,804.1529595522029,14607257
2024-08-22,804.1529541015625,807.6821265102021,801.0159319051235,802.8785556624933,7832917
2024-08-23,799.3003540039062,805.8194771135562,798.4671096216442,805.3293192807621,5537747
2024-08-26,799.0062866210938,807.2409623037237,797.7808920155667,801.8982298568817,8523795
2024-08-27,799.839599609375,803.3197083604263,795.0850325876467,801.702163529934,12833290
2024-08-28,793.467529296875,801.1139795760346,790.6245899129868,798.7121942115388,10371300
2024-08-29,798.4671020507812,799.937575535221,791.0657308125117,793.6145275853862,18247268
2024-08-30,799.5454711914062,804.5451172254517,798.3200765507661,801.0650084127782,8911426
2024-09-02,805.966552734375,809.1525786646832,797.04564422928,801.2119858304522,11813750
2024-09-03,808.5643920898438,809.6917790988241,800.3297759604034,805.966591337859,10548350
2024-09-04,800.427734375,802.5354369721819,797.6338586845211,799.3984149013352,10789570
2024-09-05,802.6334838867188,805.9665812189434,798.369134501237,802.2413336710257,8395074
2024-09-06,767.0970458984375,796.8986675256167,761.7053094735923,795.5262015930762,40220096
2024-09-09,768.8125610351562,772.6848198824725,755.8233784610844,769.5477977846319,21322103
2024-09-10,767.2440795898438,773.2729850328517,762.1954299786836,772.4887444671417,12824701
2024-09-11,753.4706420898438,772.4887910829905,750.3336796377038,764.6952691046852,20060665
2024-09-12,772.24365234375,774.3513549221617,757.5389176117205,759.7446278215249,17578964
2024-09-13,775.2826538085938,779.3509879306515,769.6458384870828,775.429725098296,12950936
2024-09-16,770.0869750976562,779.3509702962235,768.9596479590956,775.2826362662203,9553736
2024-09-17,767.4891967773438,771.9986251303302,765.1854189481497,770.1360013393838,10665630
2024-09-18,777.145263671875,779.1058950529456,766.6068699986203,768.3714262748396,18324412
2024-09-19,774.400390625,785.5759535812824,768.6165041254203,779.3999767062683,10645478
2024-09-20,766.3128051757812,779.203920907502,764.1560986394321,779.203920907502,21372244
2024-09-23,786.0661010742188,789.1541193879206,769.0576480246257,770.5281215390131,17309545
2024-09-24,782.5369873046875,788.4188813527027,780.8214348740164,783.5173029793567,15180653
2024-09-25,777.4883422851562,782.2919130531816,773.1749891911104,782.1939054186181,18465571
2024-09-26,786.0661010742188,787.193488035404,776.0178653925714,780.331278301596,23198842
2024-09-27,786.8504028320312,792.095067775522,782.7330650179391,786.0661024227028,15193681
2024-09-30,772.3907470703125,786.8013396781569,770.9692773696576,786.1151665701419,15484573
2024-10-01,781.2625732421875,784.5956105690549,772.4887361629332,772.4887361629332,13280535
2024-10-03,778.4686889648438,788.1738385219239,768.861606879953,774.3514108096929,15944135
2024-10-04,780.968505859375,793.9086248930724,769.7928832389414,776.4100140404223,20097454
2024-10-07,755.4802856445312,788.1737888998624,750.3336284408941,784.2525262685198,24267990
2024-10-08,766.0676879882812,768.9596311652928,757.0487719081607,757.0487719081607,8560960
2024-10-09,781.7037353515625,788.5168813576186,766.6558539907494,771.214345767345,18758697
2024-10-10,781.4096069335938,788.6149631033948,779.3509679329196,783.2722306646576,10241015
2024-10-11,784.0074462890625,786.8993894424932,777.3903156076607,781.5076533317213,14322720
2024-10-14,789.3012084960938,793.3204789260238,785.036799307843,786.2131901126612,8967564
2024-10-15,788.81103515625,791.6049109083206,785.821024467886,789.6442795500336,6252104
2024-10-16,789.5952758789062,793.0753845737652,786.2621786357137,786.9974153952073,6494240
2024-10-17,795.0850219726562,803.3687014528558,790.1344397449686,793.5655446321986,18580553
2024-10-18,804.2510375976562,806.4076843065691,787.0955125621578,795.1340535689559,11704698
2024-10-21,797.927978515625,810.1819248045383,793.0754038184709,808.4663723240905,10359618
2024-10-22,774.841552734375,800.7708551163644,771.9986132726441,797.9769793065807,16645356
2024-10-23,770.5281372070312,776.9981968684108,764.4501679238956,774.4493999917999,13866198
2024-10-24,778.9097900390625,781.3115753553931,769.2047009756573,770.5771069894755,5607500
2024-10-25,765.5775756835938,784.9878150281925,756.8037379978327,782.2919467905059,9717125
2024-10-28,776.4590454101562,788.1248262816986,768.1263618829754,768.3714408102454,13757251
2024-10-29,816.3088989257812,818.4165417897631,774.9395642381633,780.3313006117369,28274791
2024-10-30,806.2606201171875,816.6029382811352,804.8881542706223,811.701360020144,15977682
2024-10-31,804.054931640625,811.7013819677803,797.5358084437482,803.8588565381399,13402324
2024-11-01,805.0352783203125,809.3486315724846,802.7805641392085,806.2116691468042,1637141
2024-11-04,813.5149536132812,821.0143925955531,791.2127716054617,806.5057323110566,14498161
2024-11-05,832.4840698242188,834.6407762413705,809.9858134770826,813.5149259169897,26254561
2024-11-06,837.9738159179688,844.4439351874554,829.543125158185,832.48407214421,15002433
2024-11-07,842.6793212890625,845.4242530166981,830.0332851169691,844.0517871528804,15283847
2024-11-08,826.55322265625,846.5026236103943,817.7793850018238,842.6793683716584,26139105
2024-11-11,830.964599609375,837.1895801654074,825.4257921537154,829.3470548242794,12621337
2024-11-12,810.427001953125,836.6014431355901,808.0742203373242,835.7191350712344,11350729
2024-11-13,792.7322998046875,815.3775681145983,788.8110370785578,807.1428924562375,13756706
2024-11-14,788.4188842773438,801.8982248540469,785.2818621400214,792.732297195377,9461484
2024-11-18,798.2710571289062,800.623838726437,783.5173179107193,795.0360273075926,9322451
2024-11-19,787.1934814453125,804.1529305358586,784.3505420744752,802.8785321341356,13677029
2024-11-21,765.3814697265625,782.7820731049121,746.5593966407021,782.7820731049121,29486577
2024-11-22,799.9866333007812,803.8098885516449,768.6165301838633,770.5281578092952,20665405
2024-11-25,827.8275756835938,832.8761654605977,809.3976531392633,810.721055354177,23434605
2024-11-26,822.8770141601562,830.0333067307656,819.1027628532369,827.3864424008906,8893744
2024-11-27,817.6812744140625,825.9159499554146,815.7206430788567,821.9946872850031,8375108
2024-11-28,822.3377685546875,829.1509743675217,814.1521567162539,817.6812691634748,13505677
2024-11-29,822.4358520507812,827.4354380874087,815.181492082223,824.5434948634407,10822949
2024-12-02,819.93603515625,825.4257788732257,816.308855277593,822.4358281017708,6651119
2024-12-03,837.1405639648438,839.7383645454308,820.4261940455666,821.5045173305319,12186182
2024-12-04,842.7774047851562,846.9927502560289,833.562413429901,837.1405896069477,10749716
2024-12-05,848.4142456054688,854.2961398822408,838.7580999342011,843.0715130039896,14716036
2024-12-06,846.649658203125,858.2173712226388,840.1305350189066,848.2181393525192,14520568
2024-12-09,841.1598510742188,849.7866170280626,840.0815277676334,842.0911629301171,9630346
2024-12-10,850.423828125,851.8452977871689,841.1598332466929,844.8360169417576,7379849
2024-12-11,844.6399536132812,852.7275578551114,844.0027843308235,850.4238399742597,7006973
2024-12-12,836.8955078125,847.2868300848979,834.3957147957527,844.5419581482005,8845103
2024-12-13,844.5909423828125,845.91440442009,818.5635736543202,835.8171052852829,9379370
2024-12-16,844.0028076171875,849.3455401092758,840.9147892516194,842.8754206370667,6432713
2024-12-17,833.8074951171875,845.6202871717958,830.37639021472,841.6500206085419,8791216
2024-12-18,821.651611328125,835.2289595659852,820.5242243623587,834.2486438857434,8295338
2024-12-19,816.4068603515625,821.5045136920517,804.0549071102052,808.3682600646816,9453398
2024-12-20,796.016357421875,819.5439344885314,794.0557259996536,818.4656111397987,10244198
2024-12-23,804.9862670898438,807.780142922531,796.2124295415985,801.2120157160039,4933200
2024-12-24,796.0653686523438,809.9368600271976,793.2714927831553,808.0252324059893,10602771
2024-12-26,796.45751953125,806.6527671299033,792.0951026058469,796.9966812110812,8318714
2024-12-27,783.9094848632812,802.1923370345046,781.507699396533,800.2317056059302,10649800
2024-12-30,772.7828369140625,792.0460639180922,769.5478071437691,786.2131736679016,21515438
2024-12-31,779.3019409179688,783.4682824464205,770.5281038501324,771.4594156879419,9086044
2025-01-01,777.58642578125,782.9291583169418,773.9592457218257,779.8901437444632,7273098
2025-01-02,785.428955078125,786.6053458912669,771.508460095677,779.3509857383269,11398319
2025-01-03,777.782470703125,793.5655289387714,776.557076124776,785.4289209052785,13336514
2025-01-06,761.1171264648438,781.8997712481304,757.9311004689307,781.7037559768974,11419367
2025-01-07,763.4208374023438,768.4204234473491,759.5975823088309,764.4991607191188,9669152
2025-01-08,755.970458984375,768.5184876953866,745.1379228760546,765.5285368443842,15641490
2025-01-09,745.4810791015625,756.1664842319951,711.9542705064919,755.9704689607948,15351029
2025-01-10,728.61962890625,748.3730137848589,727.4432381239155,745.3830030949237,11779296
2025-01-13,715.1403198242188,729.3058939862478,708.2781097642194,726.9041084985033,10414733
2025-01-14,733.4232177734375,742.0989878190752,718.5224071080802,718.5224071080802,11960975
2025-01-15,738.8639526367188,743.9616062267667,735.2367725918546,738.3247909702291,7792299
2025-01-16,751.2158813476562,761.4111881866247,745.4320548303559,745.4320548303559,11816079
2025-01-17,749.0592041015625,752.8334554551853,744.4517681682984,751.215910613101,5766573
2025-01-20,763.9110107421875,769.5478260283826,752.735387806503,753.8627747972309,9198929
2025-01-21,744.1085815429688,769.4497769744905,741.1676345954302,769.3517095093413,13751780
2025-01-22,738.6188354492188,747.9808379018228,723.4729467516976,747.0005222558178,9908339
2025-01-23,731.2174682617188,740.7755458622017,728.4725365710152,735.2367384986907,10986405
2025-01-24,729.501953125,738.8639561065576,724.4533033293378,735.138768408009,10579213
2025-01-27,734.4525146484375,740.4814201410142,721.4143281559363,725.4335984843208,11433353
2025-01-28,737.5895385742188,744.7948348595096,730.7273288420482,742.0989667504426,14140860
2025-01-29,743.5204467773438,745.8241647145189,735.0406921284334,738.1777143020389,9251973
2025-01-30,747.5887451171875,749.9415267817568,739.8932906386025,743.6184784127346,11085824
2025-01-31,757.68603515625,762.2444673012822,744.5497807267266,749.8435094869757,10083763
2025-02-01,750.9218139648438,763.4208389361906,737.3444656745553,759.548580017539,9363077
2025-02-03,745.9712524414062,747.7848125737272,738.3248018604113,747.7848125737272,7862190
2025-02-04,763.8619995117188,765.8716347144651,750.5787338459753,751.9021360972733,12020807
2025-02-05,750.9708251953125,766.6068724766379,749.9415056836675,764.6462410892296,13419162
2025-02-06,737.4424438476562,755.6762909086074,735.2857374622155,753.8627308990996,32745391
2025-02-07,722.688720703125,744.9418982807152,717.3459883584466,744.8438308139157,37240692
2025-02-10,722.2965698242188,729.256846944206,718.963532464286,725.4335919181764,12667049
2025-02-11,716.7088012695312,725.5807064311172,712.2483766958933,722.9338420118377,13017060
2025-02-12,718.7184448242188,724.1591847308209,703.0333943785369,718.7184448242188,12697743
2025-02-13,713.3267211914062,722.9828066071801,711.8562476864424,719.9438519637431,12370571
2025-02-14,707.9349975585938,718.4733911976853,702.1021072520733,716.5617636405941,10417539
2025-02-17,713.375732421875,714.4050519193028,697.5436102537428,704.8959778549706,9093600
2025-02-18,711.5131225585938,713.9149079885333,703.2294429330741,713.3757463206829,8562003
2025-02-19,712.9835815429688,720.3849529544706,707.8369242269698,707.8369242269698,6766606
2025-02-20,715.3363647460938,717.100921006022,709.1113242684337,710.6308614417115,7423268
2025-02-21,707.7879028320312,717.2969766512275,705.8272715222472,712.983563836215,6571602
2025-02-24,702.2981567382812,705.5821902376468,696.5142704603655,696.5142704603655,6912148
2025-02-25,696.9064331054688,704.7979622750793,696.0241250697796,704.7979622750793,8599635
2025-02-27,690.0442504882812,703.5725952859297,687.2993186401222,701.9060466163252,12033139
2025-02-28,675.241455078125,687.5444053811439,669.1634856554016,687.1033111747046,15780609
2025-03-03,681.6134643554688,683.6721631354309,666.6146467698901,676.5648746220754,10598479
2025-03-04,701.9550170898438,704.3077986097232,678.4764450422322,679.3587530706169,14386214
2025-03-05,715.9735107421875,716.9048225760387,702.8863207536921,703.425482394221,10409805
2025-03-06,717.6400756835938,722.2475713084986,712.6894935069948,721.5123345545368,10928847
2025-03-07,718.3262939453125,720.3849328808595,713.6697945986864,717.6400610222238,7246729
2025-03-10,714.5521240234375,723.9631306303024,712.2973500895013,718.3263154629034,7400109
2025-03-11,715.4833984375,719.6007363944591,708.4741769972491,710.6308835302965,5538789
2025-03-12,708.8172607421875,722.4926768362947,704.8959979099689,716.2186323712558,5547762
2025-03-13,713.5227661132812,717.0519385721029,710.2387324158618,711.6111983443574,5908337
2025-03-17,708.915283203125,716.8558160007225,708.0819790039528,714.5520981665495,5149563
2025-03-18,708.915283203125,708.915283203125,708.915283203125,708.915283203125,0
2025-03-19,730.4331665039062,734.5505041985215,724.551272606947,725.0414304316936,7604850
2025-03-20,734.7955932617188,737.8836115337692,729.5509283979652,733.2761159507572,6963197
2025-03-21,738.373779296875,740.7265010195747,732.2958101375568,735.1877533491547,9577327
2025-03-24,765.4304809570312,767.5381836299999,740.236355685803,743.0792951283579,12095064
2025-03-25,757.636962890625,770.52813824643,754.05884649493,768.4694992151382,15190143
2025-03-26,748.961181640625,760.7739736513279,746.4613886162912,756.8037071028305,7711852
2025-03-27,757.0977783203125,760.528883157817,745.5300654063271,748.765095143516,15648616
2025-03-28,756.3135375976562,763.2737549045355,751.9021170931981,756.9017030647627,7628185
2025-04-01,756.5096435546875,767.3421201573958,748.1769600397238,751.7060726537488,7011125
2025-04-02,760.6759643554688,761.7052838533914,749.2552627425828,757.0977881876627,5458436
2025-04-03,763.8619995117188,769.2537358201085,754.7940793566994,754.8430831745769,7956680
2025-04-04,752.34326171875,767.4891505617313,749.9414763962274,763.7639032041603,8231194
2025-04-07,732.1978149414062,738.8639496862081,715.6304557983397,715.6304557983397,14923235
2025-04-08,753.4706420898438,758.764370936846,743.2263906334504,745.0399507907015,12911288
2025-04-09,727.59033203125,752.8334615673064,726.4139412123398,751.9021496759307,11319387
2025-04-11,739.0109252929688,744.7458077183372,731.3154714106737,744.0595747998677,9360327
2025-04-15,748.4710083007812,755.5292930373557,742.1969641274441,754.8430601068783,7859090
2025-04-16,756.5586547851562,759.4996019368964,745.5301029661306,748.4710501178707,12536694
2025-04-17,781.7527465820312,785.2328552596965,752.0491936119853,756.8037006997325,27034818
2025-04-21,800.6238403320312,808.1232195009724,785.6250221604275,787.1935033394458,16398507
2025-04-22,806.211669921875,819.0537818863039,797.9769939622398,804.986275275127,25117557
2025-04-23,797.4378051757812,814.6423334645151,794.1537117339047,809.740755044151,12104382
2025-04-24,797.3887939453125,802.8785377915959,795.1830836766543,796.7515648231008,12713521
2025-04-25,782.9291381835938,802.8785382468371,771.508436630355,798.9572755447768,13131038
2025-04-28,801.260986328125,806.6037186789465,781.7037366423766,782.9291312258807,11317611
2025-04-29,796.5554809570312,812.6816855994211,793.075372315961,803.858844621864,11283059
2025-04-30,773.1259765625,795.5261656735474,769.0576426012298,795.5261656735474,25635764
2025-05-02,781.0175170898438,787.5856441366993,773.4690743593894,774.7924765987593,14720184
2025-05-05,774.4494018554688,783.2722431424297,766.606876267059,766.606876267059,23986447
2025-05-06,758.8623657226562,783.4193220780548,755.9214185982945,778.3216684290833,18869468
2025-05-07,760.822998046875,766.9990348823832,749.5003635713141,750.2356003532819,15586266
2025-05-08,753.8627319335938,771.0182557422255,748.9611537025561,763.6658883956691,14491673
2025-05-09,763.9110107421875,766.312796178702,740.6285128209466,741.6088285228935,13578216
2025-05-12,785.8701171875,788.0758275471601,777.390362315762,783.272256608189,15096824
2025-05-13,785.9680786132812,791.7519649275839,781.5076543371932,782.880060357833,13909596
2025-05-14,784.9387817382812,791.6049164362635,780.6253687864404,789.8893639857823,9281719
2025-05-15,791.8499755859375,793.516524177251,778.8607930709097,788.6149458696933,17058854
2025-05-16,792.0999755859375,804.0,791.0,804.0,14733924
2025-05-19,795.0,801.4000244140625,792.0999755859375,792.0999755859375,10666184
2025-05-20,785.6500244140625,799.4000244140625,783.7999877929688,798.1500244140625,11324667
2025-05-21,787.0999755859375,791.0,779.0999755859375,787.0,8206040
2025-05-22,785.25,788.2000122070312,780.2999877929688,788.0,7355826
2025-05-23,790.5,794.9500122070312,786.2000122070312,787.9000244140625,5534158
2025-05-26,794.4000244140625,797.5499877929688,789.2000122070312,792.0,4965466
2025-05-27,793.7000122070312,801.3499755859375,790.0499877929688,794.4000244140625,11995043
2025-05-28,796.5499877929688,798.9000244140625,792.6500244140625,794.5,6873519
2025-05-29,797.3499755859375,800.4000244140625,791.3499755859375,799.0,14034127
2025-05-30,812.2999877929688,814.5,792.5999755859375,798.0,22037314
2025-06-02,813.6500244140625,822.5499877929688,809.2000122070312,812.8499755859375,26891575
2025-06-03,809.7999877929688,818.4000244140625,805.1500244140625,816.2000122070312,14247597
2025-06-04,806.5,817.0,805.25,817.0,9607927
2025-06-05,806.0,811.7000122070312,802.8499755859375,808.7000122070312,13595507
2025-06-06,813.0499877929688,816.4500122070312,803.0999755859375,806.6500244140625,17163935
2025-06-09,820.0499877929688,824.5,815.7000122070312,817.4000244140625,12793040
2025-06-10,817.0499877929688,822.0499877929688,814.5999755859375,821.0,6560513
2025-06-11,815.0499877929688,820.5999755859375,813.0499877929688,817.0,7197825
2025-06-12,805.9500122070312,816.5,801.2000122070312,816.0,13448521
2025-06-13,792.3499755859375,796.2999877929688,786.25,786.25,11377117
2025-06-16,792.5,795.4000244140625,786.1500244140625,792.5,8085001
2025-06-17,792.2999877929688,798.8499755859375,790.5499877929688,794.0,7753156
2025-06-18,791.9000244140625,795.5,788.3499755859375,792.5,5710169
2025-06-19,785.0999755859375,793.25,781.7000122070312,792.3499755859375,11824333
2025-06-20,796.1500244140625,799.4500122070312,786.0999755859375,787.5,11367669
2025-06-23,790.2000122070312,794.9500122070312,788.5,790.0,5549253
2025-06-24,795.4000244140625,806.6500244140625,793.6500244140625,799.0,11402190
2025-06-25,800.0499877929688,803.7999877929688,796.0999755859375,799.5,6528324
2025-06-26,797.0499877929688,803.3499755859375,791.4000244140625,802.0,24704402
2025-06-27,805.4000244140625,809.4500122070312,802.6500244140625,805.0,19375990
2025-06-30,820.3499755859375,821.0,807.0499877929688,809.0,19652607
2025-07-01,820.2999877929688,824.9000244140625,813.25,820.0,11456405
2025-07-02,812.9000244140625,824.0499877929688,809.0,821.0,6661200
2025-07-03,807.0999755859375,814.5,805.7999877929688,813.5,7020403
2025-07-04,811.8499755859375,813.8499755859375,804.0999755859375,808.75,4319538
2025-07-07,806.8499755859375,812.6500244140625,805.1500244140625,811.2000122070312,4461783
2025-07-08,812.6500244140625,813.5499877929688,805.3499755859375,807.9000244140625,5935770
2025-07-09,810.9500122070312,812.4500122070312,809.0,810.0,4099112
2025-07-10,808.0,815.5,806.9000244140625,811.2999877929688,12178137
2025-07-11,808.6500244140625,812.5499877929688,804.5499877929688,807.5499877929688,6202372
2025-07-14,808.8499755859375,815.5,808.0,809.7999877929688,6938635
2025-07-15,816.4500122070312,821.0,810.5,811.0,9297645
2025-07-16,831.7000122070312,834.2000122070312,815.2999877929688,816.0,16458920
2025-07-17,829.0,842.5,826.3499755859375,838.4000244140625,23073718
2025-07-18,823.3499755859375,832.6500244140625,820.25,832.0,15387801
2025-07-21,824.2000122070312,827.3499755859375,817.9500122070312,823.0,8852594
2025-07-22,815.0,828.0499877929688,814.0,827.5,7851163
2025-07-23,820.6500244140625,825.2000122070312,811.5,812.5,15470390
2025-07-24,815.7000122070312,821.9500122070312,810.6500244140625,820.0,10118309
2025-07-25,806.5499877929688,819.2000122070312,805.5,815.0,6734439
2025-07-28,797.1500244140625,808.9500122070312,796.0,806.5499877929688,7734158
2025-07-29,799.2000122070312,800.0,793.0999755859375,796.2000122070312,7833759
2025-07-30,801.6500244140625,803.4000244140625,796.2000122070312,798.9500122070312,8743723
2025-07-31,796.5499877929688,803.7999877929688,792.5499877929688,795.0999755859375,11359112
2025-08-01,794.0,801.0,792.0,795.7000122070312,15468391
2025-08-04,795.7000122070312,797.2000122070312,786.5499877929688,794.5,8820724
2025-08-05,800.5999755859375,804.0499877929688,796.2999877929688,798.0,7381537
2025-08-06,805.1500244140625,810.2000122070312,799.0,800.9500122070312,7409396
2025-08-07,805.1500244140625,806.6500244140625,793.4000244140625,801.0999755859375,7091392
2025-08-08,804.2999877929688,807.7999877929688,790.0,805.0,15708181
2025-08-11,823.4500122070312,825.0,808.0,808.0,15236297
2025-08-12,820.5999755859375,825.5,820.0,824.9500122070312,7986728
2025-08-13,821.8499755859375,824.9500122070312,820.6500244140625,822.6500244140625,4447508
2025-08-14,826.5499877929688,828.0,819.0999755859375,822.0,7087573
2025-08-18,827.6500244140625,838.0,825.1500244140625,836.0,6138124
2025-08-19,830.4000244140625,831.0,825.7999877929688,827.5,5076681
2025-08-20,828.9500122070312,831.9000244140625,827.4000244140625,828.7000122070312,4493888
2025-08-21,825.7000122070312,833.25,824.0499877929688,828.9500122070312,4402511
2025-08-22,816.25,826.0,815.7000122070312,824.0,5097647
2025-08-25,816.4500122070312,820.5,814.2000122070312,817.4500122070312,5672898
2025-08-26,807.8499755859375,815.8499755859375,806.75,814.8499755859375,6997817
2025-08-28,801.9500122070312,811.0,800.6500244140625,807.25,7898436
2025-08-29,802.5,806.7000122070312,798.5,800.7000122070312,6861440
2025-09-01,806.0499877929688,808.2999877929688,802.6500244140625,803.0999755859375,5619805
2025-09-02,803.9000244140625,810.5,802.6500244140625,806.2999877929688,5075460
2025-09-03,812.1500244140625,813.2999877929688,803.0,804.2999877929688,4261589
2025-09-04,809.4000244140625,816.75,808.0,814.6500244140625,4471950
2025-09-05,806.5999755859375,812.5,803.6500244140625,811.5,5194842
2025-09-08,808.7999877929688,813.8499755859375,806.7999877929688,808.0,4614227
2025-09-09,808.8499755859375,812.3499755859375,805.5999755859375,812.0,4567272
2025-09-10,818.2000122070312,824.5999755859375,810.4000244140625,812.0,7285853
2025-09-11,823.6500244140625,825.7000122070312,819.0,819.0999755859375,7425055
2025-09-12,823.5499877929688,825.7999877929688,819.7999877929688,824.0999755859375,5078018
2025-09-15,824.75,827.7999877929688,821.0999755859375,823.5499877929688,3852494
2025-09-16,831.5499877929688,833.0,821.6500244140625,825.0999755859375,9467531
2025-09-17,857.1500244140625,858.1500244140625,831.0,834.2999877929688,17243938
2025-09-18,854.3499755859375,860.7999877929688,851.0999755859375,858.6500244140625,10400847
2025-09-19,862.3499755859375,864.4500122070312,849.2999877929688,852.0,15206426
2025-09-22,855.25,868.2000122070312,854.0,862.0,6594034
2025-09-23,870.5999755859375,874.25,851.2000122070312,854.5999755859375,14357863
2025-09-24,866.2000122070312,880.5,864.4500122070312,876.0,12840160
2025-09-25,861.1500244140625,870.1500244140625,859.9500122070312,866.5499877929688,8678821
2025-09-26,856.9500122070312,864.3499755859375,853.0,862.0,6959545
2025-09-29,870.75,873.5,856.0,858.0499877929688,22641712
2025-09-30,872.4500122070312,877.5999755859375,867.5999755859375,869.9500122070312,12831593
2025-10-01,864.0999755859375,876.4500122070312,862.7999877929688,872.2999877929688,10832384
2025-10-03,867.2999877929688,873.0,863.7999877929688,865.1500244140625,8019442
2025-10-06,874.0499877929688,875.2999877929688,862.7999877929688,868.0,7820352
2025-10-07,864.7000122070312,877.0,863.0,874.1500244140625,9242580
2025-10-08,858.25,867.7999877929688,857.25,866.7999877929688,7156112
2025-10-09,862.0999755859375,865.7999877929688,858.0999755859375,861.5999755859375,7020501
2025-10-10,880.6500244140625,883.75,861.2999877929688,862.0999755859375,13713015
2025-10-13,882.9500122070312,888.0999755859375,876.0,879.0,11923143
2025-10-14,876.9500122070312,884.1500244140625,872.0999755859375,883.0,7681973
2025-10-15,886.0999755859375,887.5,877.0499877929688,878.0999755859375,8269225
2025-10-16,886.9500122070312,891.8499755859375,882.4500122070312,888.2999877929688,8493686
2025-10-17,889.1500244140625,894.75,883.0,887.5,8511854
2025-10-20,907.5,913.6500244140625,891.0499877929688,894.5999755859375,13546463
2025-10-21,907.8499755859375,910.0,906.4000244140625,908.0,1783576
2025-10-23,911.5499877929688,918.0,904.7999877929688,912.0,13382769
2025-10-24,904.5,914.0999755859375,900.9500122070312,910.9500122070312,5313227
2025-10-27,922.75,928.0,906.0,906.9500122070312,9150761
2025-10-28,930.25,935.8499755859375,917.7000122070312,927.0999755859375,22066289
2025-10-29,939.75,942.0499877929688,930.25,933.9000244140625,12314222
2025-10-30,934.3499755859375,944.9000244140625,933.0499877929688,939.4500122070312,13044473
2025-10-31,937.0,946.7000122070312,930.25,934.9000244140625,12078252
2025-11-03,949.7000122070312,953.4000244140625,937.5,938.75,11744735
2025-11-04,957.5999755859375,959.2999877929688,941.5,951.0,19154518
2025-11-05,957.5999755859375,957.5999755859375,957.5999755859375,957.5999755859375,0
2025-11-06,960.75,971.4000244140625,955.2999877929688,969.6500244140625,23088096
2025-11-07,955.8499755859375,964.8499755859375,944.0,958.75,13371323
2025-11-10,951.1500244140625,963.2000122070312,949.0999755859375,956.0,7343249
2025-11-11,953.2999877929688,954.9500122070312,945.0499877929688,953.5999755859375,8648917
2025-11-12,957.1500244140625,961.5499877929688,951.4000244140625,957.7000122070312,7043323
2025-11-13,954.0,963.9500122070312,952.4500122070312,954.25,8894441
2025-11-14,967.8499755859375,969.0499877929688,952.0,952.9500122070312,11032927
2025-11-17,973.3499755859375,976.0,968.5,971.0,7415026
2025-11-18,972.4500122070312,976.7000122070312,968.8499755859375,975.5999755859375,6594686
2025-11-19,982.75,984.4500122070312,968.7999877929688,972.4500122070312,8291226
2025-11-20,981.5499877929688,986.5999755859375,979.3499755859375,986.0,6440857
2025-11-21,972.5999755859375,980.5999755859375,971.0499877929688,979.7000122070312,5377241
2025-11-24,970.5999755859375,977.7000122070312,968.0499877929688,975.5499877929688,9901946
2025-11-25,983.5999755859375,988.9500122070312,971.3499755859375,975.5499877929688,9140201
2025-11-26,983.9000244140625,999.0,982.1500244140625,986.5999755859375,13943490
2025-11-27,972.8499755859375,988.5499877929688,968.9000244140625,986.7000122070312,11909168
2025-11-28,979.0,983.0,973.0499877929688,976.7999877929688,8117842
2025-12-01,973.0999755859375,991.2000122070312,969.8499755859375,985.4500122070312,8808306
2025-12-02,967.2999877929688,980.4500122070312,964.9000244140625,976.0,13444314
2025-12-03,951.0499877929688,972.5499877929688,947.5499877929688,970.4500122070312,14051968
2025-12-04,948.0999755859375,952.5499877929688,944.4500122070312,951.0499877929688,13622724
2025-12-05,971.5,973.2999877929688,946.7000122070312,948.8499755859375,17347847
2025-12-08,956.4000244140625,972.5,951.7000122070312,970.8499755859375,15386438
2025-12-09,959.3499755859375,964.0,950.4500122070312,954.7999877929688,9580294
2025-12-10,959.75,963.9500122070312,955.25,960.0999755859375,6989178
2025-12-11,963.25,966.5,958.4500122070312,962.0999755859375,5979035
2025-12-12,963.1500244140625,967.0,958.0,966.0,5681930
2025-12-15,967.25,968.8499755859375,957.25,957.25,4416952
2025-12-16,961.1500244140625,969.0,958.0499877929688,966.0499877929688,4764786
2025-12-17,975.8499755859375,978.5,964.2999877929688,965.5499877929688,8013382
2025-12-18,977.5499877929688,981.4500122070312,973.5,977.9000244140625,4926879
2025-12-19,980.2999877929688,982.0,977.0499877929688,979.9500122070312,5376584
2025-12-22,974.2999877929688,983.0,972.5499877929688,981.0999755859375,5959037
2025-12-23,971.9000244140625,977.5499877929688,970.7000122070312,976.2999877929688,5123287
2025-12-24,968.9500122070312,977.2999877929688,967.5,973.2000122070312,4105643
2025-12-25,968.9500122070312,968.9500122070312,968.9500122070312,968.9500122070312,0
2025-12-26,966.2999877929688,971.0,964.75,968.9500122070312,3286321
2025-12-29,965.0499877929688,968.9000244140625,961.4500122070312,966.9000244140625,5267233
2025-12-30,973.4500122070312,976.2000122070312,959.5,963.0,15030644
2025-12-31,982.2000122070312,985.6500244140625,973.5,975.25,5807630
2026-01-01,984.75,987.6500244140625,980.3499755859375,983.2000122070312,4328348
2026-01-02,998.9500122070312,1009.5,983.9500122070312,984.5,7357435
2026-01-05,1005.5499877929688,1015.5,1000.0,1000.0,11259060
2026-01-06,1018.9000244140625,1024.0,1004.9500122070312,1007.9500122070312,9575742
2026-01-07,1007.1500244140625,1022.7000122070312,1004.0,1022.7000122070312,7896720
2026-01-08,998.0,1011.5999755859375,995.8499755859375,1006.5999755859375,6854268
2026-01-09,1000.5,1008.0,994.0,996.0,7809460
2026-01-12,1015.1500244140625,1017.25,996.0,1008.0,7617922
2026-01-13,1028.449951171875,1029.5,1016.0,1022.7999877929688,11016895
2026-01-14,1028.3499755859375,1030.4000244140625,1020.5,1030.0,7370514
2026-01-15,1028.3499755859375,1028.3499755859375,1028.3499755859375,1028.3499755859375,0
2026-01-16,1042.300048828125,1047.449951171875,1028.4000244140625,1032.0,11051580
