Price,Close,High,Low,Open,Volume
Ticker,TCS.NS,TCS.NS,TCS.NS,TCS.NS,TCS.NS
Date,,,,,
2019-01-01,1610.92822265625,1617.0237682978761,1595.8585357285322,1605.1712380590434,1094883
2019-01-02,1628.28369140625,1637.7233023281976,1608.5576535792757,1612.7907000360633,2100463
2019-01-03,1608.514892578125,1646.6123014711172,1602.715641004692,1624.6428370144927,2611668
2019-01-04,1588.9583740234375,1609.573286306164,1558.6074564451544,1608.5573966571394,4280862
2019-01-07,1606.7796630859375,1616.0077242748102,1592.4719465651187,1601.6153675009627,1856423
2019-01-08,1603.0966796875,1613.9755857975501,1594.4189365367627,1613.1289767096732,1691756
2019-01-09,1597.5093994140625,1624.6432691930738,1580.3655608517072,1614.82262184628,2414376
2019-01-10,1598.86376953125,1612.7904488668541,1584.936986849801,1600.0913114742018,3053461
2019-01-11,1559.919921875,1587.3923508215423,1553.5279806706826,1583.1593045526847,9209862
2019-01-14,1535.114501953125,1567.0740069572503,1532.363021389856,1566.2273975531675,3615370
2019-01-15,1581.296875,1582.609057393477,1530.6695980620375,1532.3628166439646,7711653
2019-01-16,1583.286376953125,1587.3924113212372,1563.6873513121734,1583.1593648910473,2359280
2019-01-17,1607.169189453125,1610.3083159761893,1587.6554427368699,1593.33984057075,2625816
2019-01-18,1612.5567626953125,1615.5686051317696,1591.6430947086167,1595.8852138309744,1683728
2019-01-21,1619.3865966796875,1639.1549142463548,1608.1449804199751,1613.7021981866287,2409803
2019-01-22,1613.6175537109375,1627.489264773322,1603.5212878517289,1618.029316885483,2457093
2019-01-23,1591.3038330078125,1617.1807617444829,1586.5526799204551,1612.8538206036285,2578169
2019-01-24,1613.3206787109375,1616.4598060452329,1590.7949803620581,1599.10957688637,1962927
2019-01-25,1629.65283203125,1641.7004111928966,1612.853995699068,1613.7024196841805,2327080
2019-01-28,1658.6689453125,1664.607913403133,1633.6404369305467,1640.0036170276535,2769033
2019-01-29,1682.2125244140625,1687.5576365275876,1643.1002024844968,1664.6077281051018,2557626
2019-01-30,1681.067138671875,1687.9393515586144,1658.3717993131452,1679.539934222657,2429575
2019-01-31,1708.810546875,1713.6041625971006,1684.1214322343085,1685.8182800249729,4094319
2019-02-01,1722.25830078125,1726.3307775108467,1695.2360164136505,1704.908070970904,3064163
2019-02-04,1739.48095703125,1743.892719519224,1716.3614076694153,1722.2579118595256,1590764
2019-02-05,1734.6451416015625,1743.511130008477,1720.603684504716,1739.2690104707435,1111404
2019-02-06,1760.3101806640625,1770.5337314306187,1731.67587027306,1739.1842984947284,1789812
2019-02-07,1767.1822509765625,1779.9510734895723,1753.6923923508461,1760.2676782921712,1339945
2019-02-08,1748.941162109375,1772.7819595181807,1740.1176353059527,1760.4798114382506,1684474
2019-02-11,1752.7589111328125,1778.2965542359977,1738.3357043475014,1747.7532928082803,1778730
2019-02-12,1740.626708984375,1756.2376272616862,1712.1195805865134,1756.2376272616862,2422903
2019-02-14,1734.6876220703125,1760.479731378441,1724.8883873927055,1747.7958344997985,1724085
2019-02-15,1722.0460205078125,1740.9659156969665,1706.138071716722,1738.4206438903918,1930065
2019-02-18,1671.649658203125,1732.439148024462,1665.1591946290014,1728.748524758351,2942184
2019-02-19,1616.0780029296875,1672.243627741439,1605.218134797972,1671.3952037801293,4408554
2019-02-20,1624.5198974609375,1640.682416520288,1596.1401553286446,1624.732003466612,4645778
2019-02-21,1624.0528564453125,1645.9422327197678,1609.502470592427,1624.5195309794717,4683919
2019-02-22,1633.7674560546875,1637.458079198475,1616.3323039917154,1626.5982121685536,2271955
2019-02-25,1684.2490234375,1688.363859366196,1637.882628395197,1639.5794764950624,2934880
2019-02-26,1729.68212890625,1735.1545263577414,1673.3043902681452,1683.2733731991382,6453309
2019-02-27,1746.1414794921875,1760.4372993021693,1715.5132909006404,1730.784922570379,4732082
2019-02-28,1682.806396484375,1757.3829839442326,1677.8431372251853,1747.7532895194377,8454295
2019-03-01,1692.9451904296875,1701.0900397318858,1680.1763684052476,1692.648262757175,4148548
2019-03-05,1686.75146484375,1702.7866966014521,1676.9945903988487,1701.089848871904,2449622
2019-03-06,1696.50830078125,1709.5740487156763,1684.1637959694037,1687.7695973128486,2635047
2019-03-07,1708.132080078125,1717.2526380751947,1697.01764282779,1701.0901194534347,2539884
2019-03-08,1716.1072998046875,1724.846109024537,1705.374818330434,1718.0587165640372,2031071
2019-03-11,1709.4046630859375,1724.8459379753415,1699.9447150687602,1721.36742039777,3111689
2019-03-12,1707.4107666015625,1717.888885421155,1699.3932015608405,1708.7683277991985,2658550
2019-03-13,1697.2723388671875,1710.338090157299,1678.691831164861,1707.8776396599094,1833163
2019-03-14,1686.1575927734375,1703.465460155937,1680.7276593794854,1701.047369311519,1905495
2019-03-15,1730.7423095703125,1755.3466029005024,1689.2120007037167,1695.914570289898,5184318
2019-03-18,1716.192138671875,1751.65630391969,1706.180693869654,1733.3302623449545,2349915
2019-03-19,1716.192138671875,1722.3007501518637,1692.6907313200122,1722.3007501518637,2373993
2019-03-20,1709.6170654296875,1734.8576830144032,1696.8482409892842,1720.6041163631342,3091165
2019-03-22,1701.641357421875,1710.4225237724118,1682.679104620312,1709.574099901493,3148149
2019-03-25,1683.4847412109375,1703.4651609448022,1677.5033126475305,1703.4651609448022,2429205
2019-03-26,1682.1278076171875,1692.5633603250265,1661.2565986341303,1683.2731592651069,2316539
2019-03-27,1669.61376953125,1695.151313653086,1663.7596226595101,1691.757617329456,2266166
2019-03-28,1697.1025390625,1709.2349399107175,1673.7708794689504,1679.8794907355818,4054489
2019-04-01,1723.70068359375,1730.7425408301337,1703.8475407817823,1705.3322828190626,2095740
2019-04-02,1764.1279296875,1769.812328625743,1728.2395558056753,1728.3243774857106,3719663
2019-04-03,1764.1279296875,1772.8667376460153,1746.1413836902575,1768.9639046906395,2939886
2019-04-04,1709.1500244140625,1764.46722378721,1703.1262351631096,1763.1521252553496,4397518
2019-04-05,1737.8270263671875,1743.0022888012236,1712.798516844297,1721.1554730393098,3152103
2019-04-08,1756.873779296875,1760.4795808480094,1724.5912086885937,1746.904798537856,2194294
2019-04-09,1774.478759765625,1779.9935156530153,1745.7595250981578,1756.2376441381036,2690970
2019-04-10,1730.997314453125,1769.388505963481,1727.3915119355777,1767.2674456590414,3313062
2019-04-11,1713.3919677734375,1743.5110144958724,1708.4287089565937,1735.0267759825103,3422442
2019-04-12,1709.1500244140625,1729.9364109110318,1702.786844874174,1729.08798697238,3198471
2019-04-15,1792.9739990234375,1798.4887535421415,1731.6329188730645,1756.2372082642055,9189201
2019-04-16,1808.670166015625,1829.1595209649047,1794.8832772246662,1798.6587222666253,5771952
2019-04-18,1824.153564453125,1828.3532206792515,1793.737489505807,1824.026176607055,3413728
2019-04-22,1833.82568359375,1846.170292000756,1820.378289892872,1822.414424272805,2007135
2019-04-23,1828.3961181640625,1837.2621072245254,1810.5792147922245,1835.1410472993066,2163524
2019-04-24,1852.4912109375,1862.2905488744732,1829.2869404521928,1830.8988630847896,3003071
2019-04-25,1862.290283203125,1870.7745213953945,1839.4253027019033,1845.3218068185863,4211526
2019-04-26,1899.2392578125,1903.820663765417,1860.7206906003432,1869.0777484073956,2716958
2019-04-30,1917.735107421875,1923.334581062653,1892.0702836144198,1899.2394243750073,3488395
2019-05-02,1879.5982666015625,1916.9289190237166,1875.9502094590123,1913.1959366353994,2457699
2019-05-03,1808.8399658203125,1854.6973243920067,1802.9009978274692,1853.8064377661271,3780886
2019-05-06,1830.771484375,1836.837632038001,1788.9016845968245,1790.174320369599,2891422
2019-05-07,1825.765625,1853.2546814550178,1814.6089344560348,1832.6379408974358,2201698
2019-05-08,1826.5294189453125,1839.3829577751333,1807.482137277169,1824.9597519254205,1824895
2019-05-09,1843.2432861328125,1853.04262307717,1812.318278069745,1819.869167519313,2264162
2019-05-10,1812.06396484375,1859.7453507489565,1803.6221877305777,1845.3221431929655,2039633
2019-05-13,1806.08203125,1838.5342392102173,1800.058139859713,1809.6878321344686,1701744
2019-05-14,1775.19970703125,1832.425853694616,1758.2312302068435,1811.3849010054064,2456110
2019-05-15,1777.7874755859375,1802.0524835955994,1768.5397373140427,1779.1450367702316,2346876
2019-05-16,1789.11376953125,1802.0522330690576,1762.2187752763266,1778.2963655898043,1946529
2019-05-17,1777.829833984375,1811.385040923513,1773.2059651195048,1792.3804282660817,1947908
2019-05-20,1818.978271484375,1825.2989877389,1739.2688922167997,1802.9006809564387,2625116
2019-05-21,1789.9620361328125,1823.0081003142952,1783.8534264588388,1822.456707721568,1863157
2019-05-22,1766.20654296875,1800.3131440432257,1760.4796813547046,1790.1745193534584,2595795
2019-05-23,1742.705322265625,1794.7137538074287,1739.269163710367,1779.9935148606585,2541294
2019-05-24,1737.572265625,1756.2375926971436,1724.2095882892609,1756.2375926971436,2274208
2019-05-27,1743.638427734375,1755.3467198710644,1730.8697092094717,1743.3416036276633,2329820
2019-05-28,1759.4193115234375,1779.5693819989924,1735.027120947766,1747.7534812481165,5872979
2019-05-29,1788.0960693359375,1801.798034286699,1762.2615995769984,1764.7219463598426,3281320
2019-05-30,1820.972412109375,1829.6687578203637,1793.9075631279798,1801.2040921393955,4971725
2019-05-31,1863.605224609375,1870.731901236831,1826.0200111558552,1832.595295201137,4265370
2019-06-03,1902.4215087890625,1906.9604537007012,1854.358156516359,1867.3815500441451,3682419
2019-06-04,1867.1834716796875,1902.1647452051436,1860.2555399375842,1902.1647452051436,2408658
2019-06-06,1852.643310546875,1880.7822613094665,1840.5836408994871,1880.7822613094665,3735467
2019-06-07,1866.0286865234375,1872.9138117858165,1832.1165264724277,1859.4001899859988,2659446
2019-06-10,1908.5794677734375,1912.300062471859,1869.2361312206351,1878.815336619114,2080593
2019-06-11,1926.796630859375,1936.3330272570597,1908.1512740926032,1913.2830121672584,3048937
2019-06-12,1933.7242431640625,1938.8559809499577,1897.8876911502716,1920.125221555818,2404448
2019-06-13,1927.908935546875,1954.3373084030684,1918.4579409365992,1936.3762215424713,3320916
2019-06-14,1928.251220703125,1935.6067979059771,1910.71777646963,1930.603268100301,2131408
2019-06-17,1923.717041015625,1934.6647880328107,1917.088547599509,1929.5330511945274,1489497
2019-06-18,1925.12890625,1932.9547234866338,1908.3223383454967,1919.2700882761092,1877447
2019-06-19,1932.869384765625,1946.6396344210316,1918.5432802504438,1928.6785481631925,1652817
2019-06-20,1948.307373046875,1953.481918138643,1891.9010520677225,1907.2962685854527,2199377
2019-06-21,1924.2735595703125,1960.7515806988442,1917.559452094573,1954.3369081338535,3871804
2019-06-24,1946.2120361328125,1950.0608404231214,1925.086418790428,1927.9515144755044,1382424
2019-06-25,1939.62646484375,1945.3140591187519,1924.8299079041467,1941.5080608497724,1386077
2019-06-26,1927.994140625,1938.7708751555476,1924.401965385143,1937.231311821044,1762224
2019-06-27,1926.583251953125,1936.3762792711602,1916.9612408480893,1928.6786703871317,2813464
2019-06-28,1904.9013671875,1934.6226872130935,1900.8815469606234,1932.954913894717,2372928
2019-07-01,1915.464111328125,1928.678295582227,1887.2823571526528,1911.572501386376,2769940
2019-07-02,1926.1982421875,1930.3890786832865,1895.7070355295928,1920.0399885784452,1771746
2019-07-03,1913.8387451171875,1931.9282459655124,1909.0064422621826,1926.2832509183165,1656881
2019-07-04,1918.1158447265625,1926.1128889577867,1907.3821233400186,1910.717670484767,984140
2019-07-05,1850.0770263671875,1924.4016094477033,1830.3197529858155,1921.8357406351065,4088470
2019-07-08,1860.5977783203125,1872.0587895813378,1823.5638884518485,1838.0182058951536,2788062
2019-07-09,1824.6326904296875,1859.7421718274452,1800.0003009144832,1859.400139410831,3977224
2019-07-10,1803.121826171875,1819.928395204265,1771.5617176239919,1779.0026967568856,6343581
2019-07-11,1798.2896728515625,1820.9120470805715,1784.1773906642306,1820.056757251036,2400346
2019-07-12,1802.60888671875,1813.0005743837696,1790.2071844762381,1797.9047927646936,1560725
2019-07-15,1835.1953125,1841.952227318528,1794.3980301263416,1817.4908551089018,2900415
2019-07-16,1805.447265625,1828.1653817404142,1800.30354122151,1822.5930136366335,2735399
2019-07-17,1815.091796875,1821.7357744051835,1793.53110189975,1807.1618882099422,1802969
2019-07-18,1771.113037109375,1814.1917332144103,1766.0122184352854,1814.1917332144103,3072096
2019-07-19,1780.5430908203125,1797.7317456992541,1768.1553292821707,1780.5859970516694,1953177
2019-07-22,1808.790771484375,1815.263333822237,1773.556381613158,1780.5860970938945,1920167
2019-07-23,1810.976806640625,1826.022243038071,1802.361026028524,1824.2218556986982,3538588
2019-07-24,1797.5606689453125,1818.1355712011566,1780.1576889274988,1808.8768233262808,2413196
2019-07-25,1824.2218017578125,1830.308626107433,1793.9168172981954,1807.9333409165754,2544464
2019-07-26,1808.06201171875,1825.8507250610485,1796.0170820296507,1825.8507250610485,1720592
2019-07-29,1826.0224609375,1836.3099114216548,1803.1329254699983,1809.5625820225953,1647090
2019-07-30,1868.15771484375,1873.1729297481302,1817.8349873779866,1826.0221237361634,2851672
2019-07-31,1890.9188232421875,1896.0625477698256,1840.724602866914,1861.8139571497054,3000677
2019-08-01,1868.92919921875,1901.0345663831677,1857.0985927519896,1886.03203880179,2375236
2019-08-02,1890.5758056640625,1894.6050142872025,1856.455727800424,1862.8853828262854,2500816
2019-08-05,1927.69677734375,1930.8257930335562,1882.2605393458464,1885.9467081972755,3039682
2019-08-06,1898.8056640625,1930.568202177289,1895.8480645705486,1914.1512331765325,2885467
2019-08-07,1897.5631103515625,1919.0382056179312,1892.2479693322218,1911.7512613482183,2165362
2019-08-08,1935.8406982421875,1955.472495339586,1902.2348658241544,1910.8077395433108,2073298
2019-08-09,1925.6817626953125,1944.2419506118372,1921.4811382846958,1937.4694640807595,1744550
2019-08-13,1885.5611572265625,1925.6822584953602,1881.14620983587,1924.610649002597,1647281
2019-08-14,1889.80419921875,1901.3348818117086,1858.0845664530477,1869.8295708890178,1945002
2019-08-16,1856.1131591796875,1921.52402479122,1837.3813445014518,1921.52402479122,3755507
2019-08-19,1854.3126220703125,1874.0302320137323,1849.7689570497016,1868.8865076806662,974884
2019-08-20,1874.67333984375,1890.3188358776579,1857.3132689020163,1862.0283498985366,1843611
2019-08-21,1874.2015380859375,1887.746719897707,1870.8152949576618,1873.1299289125168,1214408
2019-08-22,1899.749267578125,1916.5948847196055,1860.314039099518,1874.88792788509,2131601
2019-08-23,1926.9251708984375,1937.384037076088,1897.9488100498493,1898.849003830844,2826425
2019-08-26,1951.443359375,1956.3298557175378,1907.4644736947948,1926.3247965807657,2345475
2019-08-27,1917.3233642578125,1950.200421381844,1910.8937084420586,1946.04249356818,3432106
2019-08-28,1919.68115234375,1930.7400780538635,1899.7492167438875,1920.3241180082616,1294621
2019-08-29,1914.708251953125,1927.35323945396,1905.0637699609629,1905.0637699609629,1670652
2019-08-30,1937.126708984375,1942.6132646708563,1901.4634691261956,1921.1810794913456,2583625
2019-09-03,1930.2685546875,1968.5034503399263,1917.7091676499035,1946.0425604447532,2545060
2019-09-04,1924.9532470703125,1946.0426030519427,1914.3229659096864,1941.7561656002865,2228092
2019-09-05,1899.14892578125,1932.0257738391892,1892.2906261959245,1922.2098744174305,2055943
2019-09-06,1883.88916015625,1914.7515081724616,1879.6885353957427,1899.7489778868032,1890550
2019-09-09,1871.3299560546875,1888.4757047074597,1868.7151875254017,1886.0323518049638,1703945
2019-09-11,1846.5972900390625,1881.7460778253212,1840.2105399717886,1874.030490262484,2627440
2019-09-12,1829.1087646484375,1856.027509472807,1817.7497048329574,1847.4546341403689,2118859
2019-09-13,1836.2667236328125,1849.9833221752065,1813.634419757336,1830.308618000697,2291174
2019-09-16,1843.168212890625,1863.2286576277156,1822.9361432063856,1851.6981820626313,2597948
2019-09-17,1819.7208251953125,1848.7829905889907,1805.1042439959829,1847.411247173268,2796530
2019-09-18,1833.3521728515625,1837.1241540248202,1811.576945391539,1822.936004443533,1454663
2019-09-19,1801.97509765625,1830.9943580795477,1792.5878430637845,1830.3084863420277,1652691
2019-09-20,1770.6842041015625,1825.507691026946,1763.4401674900826,1804.504149897385,6941979
2019-09-23,1728.1201171875,1799.4463925552977,1693.1427466873333,1799.4463925552977,6323401
2019-09-24,1752.8956298828125,1766.869457358732,1725.7196592251953,1727.434234147426,4620978
2019-09-25,1790.402099609375,1793.4455121996668,1766.055217484467,1770.2987488968986,4002232
2019-09-26,1789.6734619140625,1806.3047556313377,1768.5841057747746,1798.503355691521,4234281
2019-09-27,1762.7117919921875,1787.616038306581,1758.6396759453862,1787.4446226485663,2046795
2019-09-30,1799.7039794921875,1803.7331895292016,1766.0125334744084,1767.5985993234808,2620039
2019-10-01,1765.969482421875,1796.8318348450591,1748.6094091838338,1796.8318348450591,3342877
2019-10-03,1766.2266845703125,1784.1439107440513,1754.138950978917,1774.585238228636,2317618
2019-10-04,1782.6005859375,1789.9731317792077,1761.6826484198912,1766.5264476651612,2163251
2019-10-07,1755.4674072265625,1795.5885003229257,1749.7236233750734,1783.1578327389284,2177916
2019-10-09,1731.806396484375,1766.0121874527717,1727.8628950539135,1766.0121874527717,2066920
2019-10-10,1718.3900146484375,1748.0522480624472,1712.0889719871323,1738.5791786268514,2881452
2019-10-11,1703.3016357421875,1710.2885497449508,1650.2784251924966,1655.4221501541356,12593069
2019-10-14,1732.5777587890625,1742.6508852936502,1687.1415285981568,1710.288287374656,3510704
2019-10-15,1746.5517578125,1754.867404189517,1734.0352773655352,1742.008092483194,2261310
2019-10-16,1754.353271484375,1762.5832110731324,1728.2917089121765,1747.1520351007023,3034082
2019-10-17,1780.255615234375,1786.4354273004992,1752.5124813690777,1765.397914908344,3818774
2019-10-18,1803.3966064453125,1809.1379217225585,1775.0397135674707,1785.9967488364057,3087901
2019-10-22,1798.180908203125,1850.8624200152003,1788.232048461355,1823.2506908035125,5552505
2019-10-23,1814.572998046875,1826.6257382749409,1799.1454049531026,1805.7196268956839,2348134
2019-10-24,1825.0040283203125,1839.9055981961267,1806.8592183900985,1826.7571541880552,2798671
2019-10-25,1862.652099609375,1867.0787845991317,1818.9117010086313,1835.5225234509774,3954245
2019-10-27,1854.5440673828125,1866.2023966446905,1848.4958690312292,1866.2023966446905,224405
2019-10-29,1923.9239501953125,1929.9282769819633,1859.6279831127686,1859.6279831127686,5064173
2019-10-30,1974.7210693359375,1981.032279815841,1908.1461556536715,1950.3525763673658,5195136
2019-10-31,1989.49072265625,2002.9021766290891,1960.8710321297747,1972.2663488117983,4879261
2019-11-01,1929.227294921875,1994.1806945756164,1924.0556591619684,1984.5385022062399,4172620
2019-11-04,1923.13525390625,1954.034098095465,1911.6960645331471,1934.574443279353,2646411
2019-11-05,1930.06005859375,1938.0805233258875,1901.264882448598,1925.8086430334577,2693475
2019-11-06,1918.3577880859375,1937.9051823487341,1910.030441050609,1928.438260812914,2540719
2019-11-07,1915.5966796875,1932.3827723988554,1906.6994384973295,1932.3827723988554,1915598
2019-11-08,1867.0355224609375,1919.3226395103557,1861.8200148436404,1919.3226395103557,2788759
2019-11-11,1841.61474609375,1874.9680065902107,1832.892988209505,1871.4617550584853,2983768
2019-11-13,1909.6796875,1914.237770986549,1856.5598993942542,1856.5598993942542,3823365
2019-11-14,1925.6337890625,1928.4387480769535,1881.717893788522,1917.4817097356072,2995915
2019-11-15,1906.0419921875,1938.5186876575176,1901.0456268854812,1924.931963868826,2724180
2019-11-18,1886.8890380859375,1917.7001327683297,1883.5141859380406,1909.5041855546226,1611089
2019-11-19,1848.49609375,1888.686378822186,1845.1651115552907,1887.2401354767417,2975313
2019-11-20,1848.2767333984375,1871.4617791495075,1835.960981933791,1860.0225905790762,2894129
2019-11-21,1856.6483154296875,1864.0991014896167,1847.2689194211111,1851.3011951259937,2052574
2019-11-22,1815.975341796875,1846.9180553881165,1806.1578799844397,1838.1524262690461,3742049
2019-11-25,1824.565673828125,1827.5897730280224,1798.882338092701,1818.4736044824683,2737010
2019-11-26,1794.0177001953125,1838.9414473147208,1783.849590711639,1831.8852863100446,6561580
2019-11-27,1800.7230224609375,1815.975129745283,1793.9296606869195,1798.7068851980525,2907521
2019-11-28,1820.927978515625,1835.8732043678892,1805.719526994676,1811.89933807973,2924429
2019-11-29,1799.8026123046875,1827.6334818727742,1793.272262088843,1827.6334818727742,2064271
2019-12-02,1771.5775146484375,1812.4690888579196,1767.1508291455375,1805.7195972419677,3809860
2019-12-03,1797.8304443359375,1807.4726358950284,1761.891366706599,1777.4064866871238,4664774
2019-12-04,1821.936279296875,1825.004249937981,1793.0096989664457,1799.583921768816,3334301
2019-12-05,1859.4525146484375,1864.2736095407965,1813.0385620765483,1825.8801201425506,3902721
2019-12-06,1861.4688720703125,1865.3256628390072,1841.658466928926,1861.8194115930692,1829461
2019-12-09,1806.1141357421875,1865.282136446723,1800.0220658779801,1865.282136446723,2244747
2019-12-10,1764.389404296875,1806.464525549348,1755.9744228472982,1805.7193615701656,4520045
2019-12-11,1789.8538818359375,1795.2008943493086,1759.0426732106812,1775.3905933804865,4943024
2019-12-12,1771.44580078125,1826.4500100024904,1739.1006117529264,1797.9180617945924,7137306
2019-12-13,1815.5809326171875,1820.971708927517,1759.261765485912,1773.2867720866966,5711133
2019-12-16,1864.2303466796875,1872.3385543706652,1823.5140384270019,1837.2760346258963,5574177
2019-12-17,1897.715087890625,1901.2652109609833,1857.4370594865486,1864.0112822077137,6059673
2019-12-18,1900.1693115234375,1931.4625656531489,1887.2400081697433,1905.647829893647,8251081
2019-12-19,1953.9022216796875,1960.4325713027408,1899.9936130791425,1910.731506662178,6251505
2019-12-20,1948.51171875,1969.3739600050058,1935.6701569841093,1945.9697717671108,5548338
2019-12-23,1956.2249755859375,1965.209743448314,1937.2036074001621,1937.2036074001621,2247329
2019-12-24,1942.1124267578125,1966.6123117124998,1938.2115514928905,1962.623908579279,1805896
2019-12-26,1930.147705078125,1953.8587751867212,1924.2309052878556,1942.8139966430363,1880367
2019-12-27,1927.1234130859375,1951.5794308387015,1907.4007490902886,1935.4507601063224,2720261
2019-12-30,1913.7120361328125,1950.3524073046715,1908.3651309694842,1934.5742754702967,2288830
2019-12-31,1894.8660888671875,1925.8088038464375,1891.1406963244715,1918.796300236619,1909289
2020-01-01,1900.037841796875,1914.3256459696258,1888.116500666217,1900.3883813576408,1354908
2020-01-02,1891.3154296875,1910.8628207566458,1883.9085176513477,1910.8628207566458,2380752
2020-01-03,1929.0076904296875,1948.5989530902516,1896.8817519061197,1896.8817519061197,4655761
2020-01-06,1928.8328857421875,1951.185240795858,1917.8319780030833,1932.821289935042,3023209
2020-01-07,1933.5660400390625,1941.2796210846673,1914.237788477197,1928.8763436947784,2429317
2020-01-08,1976.8681640625,1981.0318371715996,1930.2350680415004,1932.8208853820252,5197454
2020-01-09,1941.01708984375,1973.9757255747018,1937.2039557317557,1971.1707671727538,3734173
2020-01-10,1940.3160400390625,1958.2417102979352,1935.451072666894,1952.9823323830797,1915807
2020-01-13,1919.9794921875,1945.0490608780592,1915.0267837645572,1944.0849701618445,2843893
2020-01-14,1934.48681640625,1954.5602376886327,1924.0558022147777,1924.0558022147777,2948452
2020-01-15,1952.0179443359375,1955.6119380264965,1923.3543787220415,1939.8338049541178,2620681
2020-01-16,1962.4490966796875,1971.3899956107468,1941.5868565041371,1952.0617405362718,3117214
2020-01-17,1945.1802978515625,1975.3778388963558,1939.8331799867844,1964.1577939698993,3281059
2020-01-20,1902.4481201171875,1965.429027621054,1890.0446283452136,1923.9675652184246,5817599
2020-01-21,1903.0616455078125,1916.6483684492266,1891.666329492433,1902.0973408585244,1902980
2020-01-22,1934.48681640625,1937.2042473324186,1905.3849673467996,1911.7839201049796,1773686
2020-01-23,1924.8662109375,1948.4114810670806,1918.4966998394339,1941.4270255886886,2069866
2020-01-24,1918.2335205078125,1924.8666419657889,1906.4609900521132,1924.8666419657889,1319430
2020-01-27,1905.801513671875,1927.0624580416547,1902.0676626021018,1923.7678835683255,1549101
2020-01-28,1918.5408935546875,1922.0990775490325,1890.6468244669431,1909.9749983230179,1743024
2020-01-29,1892.9315185546875,1921.3525965110869,1888.8900865268058,1919.639460028405,2306761
2020-01-30,1878.21533203125,1902.0679692676433,1866.9258358862548,1897.6752025949697,2098567
2020-01-31,1826.556640625,1883.9262253001639,1820.011460150393,1879.5772140170857,3287223
2020-02-03,1847.15869140625,1928.1612793512493,1838.9881011454304,1890.6470886593343,4728073
2020-02-04,1851.770751953125,1877.204827555331,1833.1894351144008,1870.440009919679,3509339
2020-02-05,1885.8587646484375,1894.7759954885646,1848.7398850537618,1858.1403631417554,2439322
2020-02-06,1869.869140625,1910.1506837251948,1858.5796440859206,1884.4969683593947,2640065
2020-02-07,1877.073486328125,1889.7685412547999,1861.6548298088892,1879.2258994625834,2083442
2020-02-10,1899.388427734375,1903.8251651798626,1861.6546031454216,1880.8948362774072,2383032
2020-02-11,1891.8768310546875,1910.6780027603704,1886.781392859032,1900.3110296036677,1335820
2020-02-12,1907.1197509765625,1919.6391366503694,1888.8897683287387,1889.856262843647,1620407
2020-02-13,1925.7454833984375,1930.182221890803,1907.339828732332,1909.0529653210933,1645948
2020-02-14,1918.9365234375,1943.3603537837157,1907.3396600653016,1922.2750696558635,1500115
2020-02-17,1935.6724853515625,1947.7525927717754,1924.2073223200882,1930.137556871829,1774724
2020-02-18,1946.6549072265625,1951.2673130769244,1920.5619113140635,1932.7737191025915,2486223
2020-02-19,1929.61083984375,1959.174075864944,1924.471216673614,1946.6546899541477,1760463
2020-02-20,1894.86376953125,1945.4683100941859,1889.9877558974144,1936.770718361813,2317278
2020-02-24,1858.4478759765625,1914.323739177407,1850.8482609631496,1894.160983113343,3092877
2020-02-25,1894.2928466796875,1912.3031915609604,1854.6262460666767,1858.579736406468,2674567
2020-02-26,1865.6956787109375,1901.1012014086173,1856.338958349384,1892.4036104437366,2686842
2020-02-27,1849.7939453125,1862.4889974083424,1832.837823979562,1862.4889974083424,2349001
2020-02-28,1757.2384033203125,1818.1660531872947,1748.32106588196,1816.8482232381373,4298076
2020-03-02,1758.2489013671875,1804.504650477469,1744.5433830060683,1787.8561070227177,2667076
2020-03-03,1788.9102783203125,1809.819890830938,1767.6493302678869,1774.6777570283955,2757585
2020-03-04,1830.2025146484375,1840.0862410176765,1779.0707464630254,1806.305903569373,3237002
2020-03-05,1866.969970703125,1886.913090253504,1830.9492808181785,1832.398808151463,3937056
2020-03-06,1859.4141845703125,1865.7397257577074,1820.0111957320087,1843.2049182493115,2595027
2020-03-09,1732.814697265625,1827.3030467383978,1700.000750735371,1822.9982210728137,4940975
2020-03-11,1716.4296875,1745.9491667247876,1686.8224816319696,1698.2436755180195,6796449
2020-03-12,1554.907470703125,1676.6310681610462,1544.8041081810186,1672.7654123557077,8728786
2020-03-13,1586.9310302734375,1598.9671688108772,1323.1453750891155,1482.9102875127276,8029720
2020-03-16,1490.377685546875,1618.5146496605828,1472.3233741995766,1541.86088215732,7844271
2020-03-17,1456.641357421875,1520.7757477064329,1426.0237966597404,1519.8971944148636,5713248
2020-03-18,1453.4786376953125,1505.4450881524474,1430.0651702096498,1473.158253561629,7258778
2020-03-19,1448.124755859375,1491.5768848164626,1368.8312399818008,1380.2915908596424,5135111
2020-03-20,1590.69384765625,1654.0136760588152,1439.850321534346,1442.505239152418,8547498
2020-03-23,1477.6385498046875,1548.701885235918,1431.664271337375,1433.6554594755355,7003490
2020-03-24,1507.2408447265625,1566.40123120324,1445.0272384903915,1462.9037467372605,6350865
2020-03-25,1548.967529296875,1601.8003484056653,1486.7539145422752,1504.4533659058736,2765520
2020-03-26,1584.941650390625,1621.3141110324696,1524.4096103767067,1620.915808541212,4556067
2020-03-27,1614.63232421875,1637.1991229403604,1549.0558836570208,1610.64994797376,4331250
2020-03-30,1573.9234619140625,1685.8724739647394,1560.6931673377997,1562.8613065730865,8513547
2020-03-31,1616.0482177734375,1641.6239439507344,1575.2510082114866,1626.0484499696977,3927593
2020-04-01,1512.196533203125,1623.7030515256376,1506.2229697215616,1615.8710676778035,4941878
2020-04-03,1463.9215087890625,1539.8521947050322,1460.204667392703,1539.8521947050322,5735369
2020-04-07,1571.003173828125,1580.4281527691137,1508.8781461540354,1513.3030087527277,5427577
2020-04-08,1509.2762451171875,1598.2602695603464,1505.3381608649775,1557.5515362271371,6285615
2020-04-09,1562.994140625,1574.1890639127328,1532.0642881567328,1549.100008107541,5307397
2020-04-13,1556.8876953125,1581.4456794221614,1545.1618110078869,1558.4363970131092,2990438
2020-04-15,1535.5601806640625,1603.5703012498145,1529.0556538624505,1579.6760417941052,4761399
2020-04-16,1518.6568603515625,1561.887738496551,1482.3729936211403,1513.2584425368811,6245533
2020-04-17,1598.437255859375,1638.924746963624,1551.3567629671832,1592.9504696753734,9895823
2020-04-20,1609.455078125,1619.4994932670872,1595.1627522480462,1619.4994932670872,3244282
2020-04-21,1537.772705078125,1588.1718529141065,1528.9671626326467,1561.9766847919282,5122541
2020-04-22,1565.9586181640625,1584.1005518585318,1521.4002806714664,1537.7722696152557,3829836
2020-04-23,1662.1993408203125,1681.4474897157427,1558.3035637973692,1575.2508061547485,5934366
2020-04-24,1609.3668212890625,1638.9248170676028,1599.8533666882358,1628.9688762062726,2987102
2020-04-27,1625.3406982421875,1659.323668580493,1615.0750374183465,1621.5353807795736,3374741
2020-04-28,1645.2078857421875,1653.1283450403425,1621.8003023347715,1650.4734279979864,2678505
2020-04-29,1686.4476318359375,1692.5539628430088,1637.243189280505,1658.4382344981145,4241510
2020-04-30,1782.732421875,1798.2637290852817,1718.7931726494037,1752.245169089005,5915544
2020-05-04,1708.39501953125,1739.855833278425,1693.5275472178064,1739.855833278425,3729348
2020-05-05,1710.4305419921875,1749.5905738034173,1705.3419502879035,1730.209655097849,2905528
2020-05-06,1684.63330078125,1728.9703927768617,1675.7835775075212,1716.6693638494573,3517431
2020-05-07,1674.0582275390625,1711.934985185699,1666.7129126814675,1690.2974510784668,3166754
2020-05-08,1675.606689453125,1716.4038936780098,1669.2791154679794,1716.0498831279388,2686530
2020-05-11,1712.6871337890625,1726.9351678637013,1689.4123163915076,1689.4123163915076,2449841
2020-05-12,1725.253662109375,1731.4484687955846,1690.518496047414,1711.005628336864,3256595
2020-05-13,1725.3865966796875,1764.6351040942657,1704.1472574127554,1764.6351040942657,2656665
2020-05-14,1683.5274658203125,1701.8906457630628,1673.571524887496,1690.2975272604021,2263146
2020-05-15,1675.164306640625,1696.8461308169437,1650.6505059178387,1695.607147829668,3173682
2020-05-18,1721.802490234375,1728.3070165634413,1656.7570108859732,1687.6425730258863,3727694
2020-05-19,1724.5018310546875,1740.2542780830947,1684.1028113726318,1684.1028113726318,3198693
2020-05-20,1728.8819580078125,1737.1122440584224,1709.5010419745558,1725.6960791597494,2778505
2020-05-21,1762.1568603515625,1768.1747154073314,1717.8640600506853,1722.156154245579,3400908
2020-05-22,1787.9542236328125,1798.2641751799486,1735.6523688836978,1749.6791618333377,3663418
2020-05-26,1719.501220703125,1791.1839787458184,1703.5717189158597,1783.2192278521857,4575317
2020-05-27,1774.63525390625,1778.7945811082423,1717.952726654913,1733.660987259227,3482160
2020-05-28,1773.750244140625,1782.3344333039815,1744.5461546177692,1759.7676368545021,3475681
2020-05-29,1745.4754638671875,1772.29017344618,1736.6700308293591,1754.0154699761245,7237735
2020-06-01,1809.989990234375,1823.0433344983803,1753.2189832363338,1761.0952600251344,3747773
2020-06-02,1811.67138671875,1841.6276827785484,1805.3881038806364,1823.220212463786,2443886
2020-06-03,1816.1092529296875,1831.7305310039142,1792.8991751074047,1821.1684888771974,3699799
2020-06-04,1856.4046630859375,1863.9046168963214,1816.6413212535933,1816.6413212535933,4048593
2020-06-05,1817.9730224609375,1862.1298186857302,1810.9168541414695,1856.4494330846942,3573289
2020-06-08,1838.8311767578125,1859.4672693653274,1830.2661755354854,1844.6004069491607,2957841
2020-06-09,1839.0977783203125,1859.9113456018104,1828.6243616206775,1831.1540342367275,2909439
2020-06-10,1871.6710205078125,1892.3071088192798,1840.3840479065557,1843.5349778475108,5168397
2020-06-11,1835.1917724609375,1868.3427386093483,1829.9995960534095,1863.904869871559,2269513
2020-06-12,1810.20654296875,1818.8159644337195,1784.910692772815,1785.088164172473,2842642
2020-06-15,1801.6859130859375,1827.5142866283547,1775.9905889241916,1809.8515479586354,2399022
2020-06-16,1815.7987060546875,1840.7838243611548,1802.6625691545787,1832.8400813905491,2146528
2020-06-17,1817.57373046875,1827.3814646183268,1798.712786601421,1815.9760542378926,2703527
2020-06-18,1808.9642333984375,1827.6920198749413,1797.5145091186964,1815.0885146035469,1944389
2020-06-19,1814.7337646484375,1855.0296456050298,1803.5503540045074,1812.426093935632,5681758
2020-06-22,1799.9552001953125,1821.5232863445335,1792.1446159548536,1819.5262453435469,3196138
2020-06-23,1806.47900390625,1814.2008526508862,1784.023343360216,1799.1120980055512,4205944
2020-06-24,1812.6033935546875,1832.174441585989,1803.1951317889177,1805.3253308397245,2560937
2020-06-25,1789.4376220703125,1828.4021358581258,1783.3577628509415,1806.212789549168,3043931
2020-06-26,1880.63623046875,1892.307741729569,1792.8550330716716,1797.3373250480192,6300722
2020-06-29,1865.369384765625,1888.4020981641045,1856.1831259775531,1871.0055650566578,3076341
2020-06-30,1848.0621337890625,1874.4674605229047,1841.7604883489785,1863.905416506517,3071725
2020-07-01,1856.8492431640625,1876.2870272243138,1845.7101460467495,1845.8876175094297,2503466
2020-07-02,1914.6300048828125,1921.5975468684603,1862.130093916873,1865.6803896154752,3758699
2020-07-03,1952.3515625,1957.1001688612112,1917.3812425317149,1920.3989066818576,4185208
2020-07-06,2008.7569580078125,2014.7036590617108,1957.1002067730471,1957.1002067730471,5190366
2020-07-07,2014.7037353515625,2043.8162001018825,1981.1978235133392,2019.230448528692,5630055
2020-07-08,1969.4376220703125,2018.6979730710261,1959.4082104460645,2014.792734623783,2793358
2020-07-09,1956.523681640625,1992.1596882961137,1944.718905018767,1978.4022923644632,3443998
2020-07-10,1972.4996337890625,1996.9079122085636,1931.3605033030692,1957.3220358038113,9610320
2020-07-13,1970.41357421875,1992.5584942481003,1961.5378373979447,1970.41357421875,2963503
2020-07-14,1927.766357421875,1987.2782390490797,1921.5977612957827,1961.5385923619767,2976738
2020-07-15,1982.7513427734375,2005.9171093416498,1935.8876119802721,1939.3490636776569,5569321
2020-07-16,1987.9554443359375,2075.355208249577,1974.9234035603483,1996.1839208367126,8582118
2020-07-17,1957.7098388671875,1996.094475179589,1948.1915384311642,1989.9565646011126,4509135
2020-07-20,1964.0706787109375,1980.972415449951,1948.859245953212,1957.9327664509922,2952646
2020-07-21,1979.326416015625,1991.42436829836,1958.0656846859717,1983.7297188166742,2665286
2020-07-22,1948.991943359375,1984.6190568200975,1942.9873809956207,1984.6190568200975,2861534
2020-07-23,1931.4237060546875,1948.9926168194431,1924.1293156539775,1948.9926168194431,2265766
2020-07-24,1919.1470947265625,1924.1287446911804,1890.4143242008438,1916.5674435677984,3665100
2020-07-27,1963.092041015625,1970.386430414779,1924.5738339514105,1925.9081814212175,4248480
2020-07-28,2054.67236328125,2063.7904027762743,1970.3860957540724,1970.3860957540724,8092319
2020-07-29,2024.6939697265625,2083.36072378595,1998.007026210944,2038.8824845932527,6090431
2020-07-30,2027.763916015625,2097.5947856831954,2021.314568180085,2033.4570465436705,7098496
2020-07-31,2029.4532470703125,2076.956142360792,2008.1482114546786,2048.8012833696184,4723290
2020-08-03,2005.212890625,2049.4244455901708,1984.3526344701277,2037.5041440881305,4012337
2020-08-04,2001.254150390625,2019.000927049445,1979.3264620575846,2010.3721907901097,2927928
2020-08-05,2009.971923828125,2045.9993028566885,2004.1897518852693,2010.416706285268,3800641
2020-08-06,2053.204833984375,2063.34578697983,2015.1759344830223,2023.7601489023984,4748047
2020-08-07,2041.862060546875,2070.906256002869,2034.4341097416504,2053.114965143738,3165491
2020-08-10,2030.698486328125,2068.2380759263638,2024.6939241722098,2062.011122579489,2929353
2020-08-11,2028.1195068359375,2056.6746351383044,2024.2945504186234,2030.8772456837148,2774423
2020-08-12,2008.0595703125,2042.796908620361,1998.4522252083107,2035.6360843606842,3415751
2020-08-13,2005.4798583984375,2045.9995893538248,2001.966119930775,2021.9813333048885,2695682
2020-08-14,1994.5377197265625,2029.3643135302511,1986.4873316653052,2025.5391412813324,2270405
2020-08-17,2004.5458984375,2019.3127658878304,1991.0690741182539,2013.085810222097,2625630
2020-08-18,2019.0902099609375,2036.2143366452633,2000.009083662767,2012.9077764899212,3493374
2020-08-19,2007.3914794921875,2032.2992872531456,2003.7441779127937,2024.960379609292,2843005
2020-08-20,2004.0562744140625,2025.1389180833928,1992.669800811803,2007.7478816980313,2895164
2020-08-21,2000.2757568359375,2020.2019240812372,1993.5594982848652,2010.416710005987,1975294
2020-08-24,1999.830810546875,2010.3720236297445,1983.7296000159859,2002.0547226545164,2167966
2020-08-25,1994.982666015625,2001.5210550001993,1986.8877556116513,1997.0732304335322,1663419
2020-08-26,2004.635009765625,2010.3281396956727,1971.676578439073,1994.4050108251747,2618149
2020-08-27,2000.097900390625,2034.7466315985957,1994.1823798901694,2015.7543315852008,3579393
2020-08-28,1991.33544921875,2028.1633473372044,1988.2664939053652,2017.8888298281172,2941136
2020-08-31,2007.9703369140625,2024.8275480511077,1981.9505640246014,1992.6253426459186,6018154
2020-09-01,1998.27392578125,2026.4285641312676,1993.7815802169084,2018.4224811298711,3610908
2020-09-02,2014.9979248046875,2018.2004454409298,1994.0931488408917,1998.8524081127357,2084137
2020-09-03,2045.55419921875,2067.3485361967278,2017.532908818493,2017.532908818493,4654146
2020-09-04,2036.0361328125,2067.571164249314,2013.0407938829137,2023.7600940807527,5231303
2020-09-07,2070.062255859375,2084.695556526362,2031.1883091862678,2036.214264514121,4620401
2020-09-08,2088.876220703125,2126.4603371156404,2070.0620102463004,2077.9790508557094,7453998
2020-09-09,2070.595458984375,2098.483402863042,2063.790375007316,2068.238199091383,3866535
2020-09-10,2073.708984375,2089.143021179487,2067.615595544568,2077.1338958714505,2308813
2020-09-11,2111.915771484375,2119.832810931445,2072.8192267633162,2073.530922003017,4145424
2020-09-14,2216.26171875,2229.027060863866,2118.8100658872686,2120.8115867440756,7512131
2020-09-15,2216.26171875,2257.715526478097,2192.4215551764973,2216.26171875,7318770
2020-09-16,2226.58056640625,2230.6726511225816,2203.7187957962274,2214.082138248934,3074003
2020-09-17,2189.175048828125,2220.1319557559777,2179.9681809417452,2206.1213063306923,4828176
2020-09-18,2179.34423828125,2224.2672508206256,2167.3351161172586,2210.5680427791713,4183256
2020-09-21,2193.0439453125,2228.270577879592,2181.346038949646,2192.7770324610074,4598809
2020-09-22,2244.327392578125,2272.837986886592,2186.5502042141848,2210.5684529992877,7499613
2020-09-23,2194.956787109375,2241.5701164361885,2142.961764081659,2232.807815626801,7502280
2020-09-24,2074.68798828125,2179.434267891119,2048.3124726863134,2179.434267891119,8424708
2020-09-25,2154.793212890625,2170.538469004583,2092.345797095216,2106.4897928700216,8228267
2020-09-28,2158.350830078125,2174.0960815043077,2104.710036349915,2170.5378227784418,4347166
2020-09-29,2213.59326171875,2233.7420374792423,2158.351410452627,2165.9572339601254,6995811
2020-09-30,2217.0625,2228.3599300619358,2188.3295121566316,2214.1268925844943,3917166
2020-10-01,2244.772216796875,2259.4945574475205,2217.0623605721803,2232.8076138556207,2610337
2020-10-05,2406.985107421875,2426.822451074568,2315.582300368667,2330.660384227783,17412105
2020-10-06,2414.546142578125,2433.8496582004327,2357.4361172798235,2433.8496582004327,9846367
2020-10-07,2433.805419921875,2464.095152872216,2404.4942953839713,2439.187331832353,9656101
2020-10-08,2513.643310546875,2566.394548692348,2490.7815377256757,2490.7815377256757,19839329
2020-10-09,2502.30224609375,2517.336027441174,2472.991117827243,2499.6780723361703,7739245
2020-10-12,2517.468505859375,2538.8180620928115,2491.4487341998743,2504.569815635007,4623203
2020-10-13,2514.39892578125,2539.617952507947,2501.6335865838455,2530.8113496215824,4209878
2020-10-14,2509.977783203125,2538.922484311515,2490.2792030659352,2538.922484311515,4395936
2020-10-15,2448.336669921875,2526.192721182615,2436.1869156272624,2511.2289768347027,6629355
2020-10-16,2468.61474609375,2476.0741501223265,2440.0273069886475,2456.8224710838654,5273773
2020-10-19,2422.384033203125,2478.174176061983,2417.9619563585293,2478.174176061983,3331194
2020-10-20,2446.906494140625,2465.5775809503466,2428.101272826453,2434.399487598833,3406273
2020-10-21,2390.0888671875,2455.8400746529755,2379.0560315455336,2446.906498535649,4570143
2020-10-22,2386.2919921875,2400.1390345591963,2356.7666989046547,2377.2245000699204,5262294
2020-10-23,2400.27294921875,2413.8519394540713,2385.3539227476103,2401.1663067092954,3499091
2020-10-26,2401.523681640625,2420.9542080242422,2385.711296894241,2403.0870573266634,2672752
2020-10-27,2349.66455078125,2428.2800244789637,2344.259911448449,2411.842330856855,3537502
2020-10-28,2342.562255859375,2372.713074869161,2328.089906355654,2367.3976407684127,3569445
2020-10-29,2351.8974609375,2371.864087674554,2322.9527660925646,2329.8762864991477,3105968
2020-10-30,2380.6640625,2389.1509596105134,2342.0263467074,2354.980031770815,3427003
2020-11-02,2326.839599609375,2380.6644021203697,2322.77477837138,2376.3315299459846,2571196
2020-11-03,2352.746826171875,2380.7981695201343,2323.667990649252,2326.3033521314933,2879269
2020-11-04,2370.211181640625,2431.5850116555584,2331.6628957214957,2331.6628957214957,4893928
2020-11-05,2399.290771484375,2420.9994075792224,2382.5850258353457,2398.6654647048754,2816502
2020-11-06,2418.720703125,2423.902220210348,2395.359491902555,2411.1718759228706,3884421
2020-11-09,2435.828369140625,2451.3727006271583,2407.687611097711,2439.8484774324697,3646592
2020-11-10,2367.0400390625,2423.812731780535,2356.989767527936,2409.5637237591677,4760020
2020-11-11,2401.16650390625,2405.633291725815,2361.5012972055897,2383.433269020628,3242441
2020-11-12,2386.203125,2423.679436843667,2377.894854780181,2399.558778976075,2437505
2020-11-13,2373.516845703125,2380.708198744554,2354.890255491912,2372.53406525897,2548093
2020-11-14,2385.57763671875,2402.238669291703,2376.3760095002617,2392.367023850095,298819
2020-11-17,2381.73583984375,2407.5984962098933,2367.442119643617,2407.5984962098933,2827273
2020-11-18,2346.537841796875,2380.08346599974,2329.0281622895104,2377.224765070466,2893762
2020-11-19,2355.6943359375,2390.7586182803243,2350.2896974742785,2355.7837589306364,4167501
2020-11-20,2376.5546875,2390.6250704820977,2347.3419359771956,2371.864559839301,2711471
2020-11-23,2433.7294921875,2438.8662984938514,2380.798053291617,2403.1319937540147,3706418
2020-11-24,2431.76416015625,2450.479958728257,2416.532369070337,2442.796995932141,3120516
2020-11-25,2413.226806640625,2441.5014860108895,2401.52373542964,2437.9727672900553,3302249
2020-11-26,2430.46875,2439.714870206522,2394.1983445532487,2399.558490100756,2341099
2020-11-27,2393.885009765625,2427.877301605999,2384.4155524254807,2416.531706530868,6086808
2020-12-01,2436.0078125,2444.13723668209,2344.5725649438345,2393.305270950158,3605017
2020-12-02,2456.3310546875,2460.9317583775282,2414.2538309609595,2429.0389405866035,2509032
2020-12-03,2420.5078125,2478.0846687395087,2412.7803561609917,2478.0846687395087,2852548
2020-12-04,2436.677490234375,2446.7724744235275,2411.1720879212357,2421.71375089659,2686527
2020-12-07,2445.74462890625,2451.37282442002,2417.5591579491106,2425.4654585642693,1996400
2020-12-08,2498.98876953125,2506.358968290325,2441.0544532558597,2447.7993454381626,4277818
2020-12-09,2511.0498046875,2537.1358052614614,2495.2819108094654,2514.801863313737,3659996
2020-12-10,2487.375732421875,2525.790111123322,2483.7575903418065,2517.4818414111,2127801
2020-12-11,2486.75,2508.2797846772028,2469.731496169932,2494.8794223078357,1795408
2020-12-14,2499.346435546875,2504.974631871413,2462.3168078086956,2503.1879167274246,2483658
2020-12-15,2467.052490234375,2496.667216631559,2461.2009525157523,2488.8950467182885,2365509
2020-12-16,2514.087158203125,2519.0900484904337,2466.0691825446625,2482.6410112533545,2565149
2020-12-17,2535.52734375,2549.3743857147138,2505.8679168401036,2511.228062116767,2863460
2020-12-18,2555.896240234375,2588.9504733307303,2542.674503374854,2562.149743793145,6076692
2020-12-21,2519.401611328125,2578.6759579889217,2488.000188116801,2555.895345853561,2705195
2020-12-22,2566.16943359375,2576.130282534424,2518.0620446985345,2531.7751696448,2881737
2020-12-23,2598.553466796875,2607.710380603379,2559.871045827456,2569.3407219814853,2790988
2020-12-24,2599.090087890625,2609.8103793673413,2575.7286551846814,2598.777325480599,1807144
2020-12-28,2617.001220703125,2635.136420516927,2592.5233138719786,2599.6701734553612,2108994
2020-12-29,2617.984130859375,2637.191316941435,2608.6038771913923,2608.6038771913923,1994151
2020-12-30,2599.045166015625,2633.350008722446,2592.5236122741817,2621.4683096765075,2637968
2020-12-31,2557.459228515625,2595.203583560524,2541.6021326091877,2590.736795981246,4040956
2021-01-01,2615.97412109375,2626.4710718058996,2571.9762638534644,2572.869621360881,2681440
2021-01-04,2715.315673828125,2725.4106581808696,2627.319951520228,2635.404881302488,5113293
2021-01-05,2763.1552734375,2782.139123925876,2715.4500610992586,2715.4500610992586,5801309
2021-01-06,2726.0810546875,2781.4692327607836,2713.3059958012286,2769.4089036641817,3726716
2021-01-07,2709.375,2752.300876730319,2680.2961662081784,2747.0746474760936,3717827
2021-01-08,2788.079833984375,2794.422760612635,2733.6744397297516,2760.4751695310238,5879039
2021-01-11,2837.70556640625,2885.544907172452,2810.994262711835,2885.544907172452,9508039
2021-01-12,2836.2763671875,2867.677798518108,2814.0763443401993,2837.7056084359856,3611458
2021-01-13,2822.072021484375,2838.1971702115275,2792.859270813279,2836.410454964306,3572801
2021-01-14,2909.56396484375,2923.705919931457,2792.9379051082083,2823.906988331164,6931542
2021-01-15,2894.03466796875,2930.4186731272484,2873.1349849537164,2895.5114256465026,4131692
2021-01-18,2883.6513671875,2914.9783782378804,2852.906056077243,2908.93674039245,4160906
2021-01-19,2918.5146484375,2934.8942483307096,2892.826535713588,2893.7215934288456,2975735
2021-01-20,2961.566650390625,2978.7069161372888,2924.2427919249913,2926.8383715743817,3453446
2021-01-21,2930.284423828125,2961.879782428694,2919.767496982687,2958.1653807806147,2778546
2021-01-22,2956.464599609375,2976.066272008023,2901.6869042379963,2901.6869042379963,3052459
2021-01-25,2945.90283203125,2989.3131213497177,2934.5802233960394,2961.700509705165,2272887
2021-01-27,2918.82763671875,2959.4631644417573,2888.350881666533,2953.6900866128167,2786662
2021-01-28,2861.0966796875,2931.3139111998876,2849.684694231684,2891.036315473477,3083938
2021-01-29,2784.83837890625,2879.26698377329,2774.6793847187205,2873.1805465802327,5445659
2021-02-01,2809.8994140625,2832.857556137916,2724.6451700744633,2774.6788069597283,3985846
2021-02-02,2867.2724609375,2885.6659398349148,2819.431671985106,2840.9130561526113,2881837
2021-02-03,2864.22900390625,2896.4062796564235,2830.7537198712025,2875.8199556662817,2505866
2021-02-04,2853.84619140625,2898.0621653303597,2842.7027686525103,2878.54986710603,2057261
2021-02-05,2826.546875,2869.420261675178,2800.635003285282,2863.2442336240642,2366135
2021-02-08,2876.804443359375,2887.45554036877,2824.0406280894126,2854.7859411054533,2526592
2021-02-09,2843.509033203125,2905.1786466438257,2831.9628750082034,2859.7096667671335,2658751
2021-02-10,2876.088623046875,2881.548343282133,2825.9653975642864,2850.7584493222253,2127983
2021-02-11,2869.5546875,2881.458997374836,2850.803274340876,2877.610205961478,1165882
2021-02-12,2855.94970703125,2904.909311874341,2848.073156796843,2850.0422397254665,2777404
2021-02-15,2810.3466796875,2872.239825031456,2802.9176579380933,2872.239825031456,2630853
2021-02-16,2782.5556640625,2835.229683187943,2774.6791119117893,2819.4320008135924,3435770
2021-02-17,2750.601806640625,2804.081502297828,2725.94292418591,2779.24365201352,3678426
2021-02-18,2736.50439453125,2772.7988047820722,2712.9195397617773,2743.351497647591,4189909
2021-02-19,2749.48291015625,2763.177117288657,2699.628024587149,2737.0862743832645,3725028
2021-02-22,2647.983154296875,2771.0983728001697,2634.288729099401,2771.0983728001697,5366696
2021-02-23,2667.450927734375,2710.234729721283,2656.531267441469,2658.321382850796,3832829
2021-02-24,2638.71923828125,2688.1711676885798,2614.597262605096,2660.1110262187194,3774549
2021-02-25,2680.966064453125,2711.9349262026285,2656.9336805616276,2661.901293929805,4224073
2021-02-26,2590.56494140625,2660.4242223232554,2577.765575573555,2649.3701748950425,5553153
2021-03-01,2617.328125,2653.8465290360955,2597.27891653939,2618.939272836295,3265871
2021-03-02,2690.856689453125,2707.5494274407765,2638.629987469557,2649.3706794131235,3306469
2021-03-03,2738.07080078125,2742.4564956280387,2682.3980430579804,2716.4998251406973,3509857
2021-03-04,2729.6572265625,2758.0753064821515,2699.538624543818,2705.759231404921,3916760
2021-03-05,2692.3779296875,2741.7402665783306,2682.129564357553,2699.583186729747,3203686
2021-03-08,2691.39404296875,2714.7103426656363,2681.5932036354257,2699.494359867972,2003125
2021-03-09,2730.776123046875,2745.052249014523,2678.10211088763,2691.3935860216734,1942397
2021-03-10,2748.677734375,2768.5927706218476,2738.8768950721187,2752.3027622048253,3053778
2021-03-12,2737.041259765625,2789.8944531188436,2722.183435176011,2752.3020350787438,2938317
2021-03-15,2744.380615234375,2773.783343113875,2721.870005295029,2721.870005295029,3097083
2021-03-16,2783.674072265625,2811.3760626716953,2738.8763934337435,2738.8763934337435,4894756
2021-03-17,2786.270263671875,2823.907489606602,2761.522001765248,2779.154597536767,3838390
2021-03-18,2717.84228515625,2816.2538203269355,2673.58173244957,2797.905140318471,3656306
2021-03-19,2730.10498046875,2773.7838403748347,2689.6484157232585,2712.0248584497413,5776626
2021-03-22,2801.216796875,2809.9884046407697,2701.8654080118977,2728.7619313135033,2821646
2021-03-23,2812.808349609375,2836.437784928477,2795.130960448019,2810.481112235853,3305973
2021-03-24,2793.56494140625,2821.4907006066,2784.65894162559,2784.7037382188532,2207104
2021-03-25,2743.2177734375,2802.291583665716,2729.92607872817,2785.5986258756193,3179786
2021-03-26,2744.962646484375,2790.7895511507954,2723.705028832088,2766.309638783247,3697370
2021-03-30,2827.0849609375,2853.847102724956,2739.682432469811,2759.4632979787857,4694008
2021-03-31,2844.3583984375,2868.659120741915,2803.319927040149,2823.9062483434454,3530069
2021-04-01,2832.857177734375,2877.6100557396576,2814.956026532262,2856.218267461097,4285076
2021-04-05,2899.001953125,2920.572928543356,2820.32647803865,2838.22762991449,5317862
2021-04-06,2922.094482421875,2931.3136193408855,2891.036027624751,2931.3136193408855,2291562
2021-04-07,2928.0908203125,2933.595554677618,2895.3318491371615,2916.9921954701217,2491268
2021-04-08,2969.21923828125,2985.0169165636457,2923.302742457414,2926.8381760609063,2578118
2021-04-09,2973.60546875,3002.3369085688078,2960.85089641809,3002.0235509632025,2911129
2021-04-12,2905.84912109375,2987.7916831741727,2875.9988645120643,2973.6049336551596,3791828
2021-04-13,2778.30322265625,2876.7147491672495,2750.5564406947738,2876.7147491672495,8654596
2021-04-15,2881.145751953125,2897.525350499692,2763.4456720733783,2828.650708677089,6062760
2021-04-16,2859.84375,2906.2525828407834,2848.6109497883604,2890.141542960545,3224657
2021-04-19,2829.992919921875,2854.3384408434645,2806.094927761785,2836.4372903834865,2679106
2021-04-20,2814.55322265625,2886.873915374985,2798.2632191811654,2886.5605578289633,3141893
2021-04-22,2791.505859375,2817.641499208782,2779.3777844403016,2817.641499208782,1988980
2021-04-23,2783.181884765625,2791.6849328136304,2766.6681141026975,2779.1541251639383,1615309
2021-04-26,2775.39501953125,2822.11698877172,2763.9830336109076,2776.513841680303,2490260
2021-04-27,2803.3203125,2806.9901359492337,2777.363642939815,2780.0488156529373,1471417
2021-04-28,2796.249755859375,2820.3267197882137,2785.4194706381854,2819.3868655301867,1639037
2021-04-29,2788.32763671875,2826.0096416311903,2779.6008268453825,2815.492716912004,1621395
2021-04-30,2717.08154296875,2803.365227576106,2703.0739787978496,2773.783529898853,3072305
2021-05-03,2718.290283203125,2734.401322089413,2688.753378578264,2707.459997432696,1545831
2021-05-04,2729.70166015625,2765.7277251849537,2716.499561791694,2741.3822044471763,1990777
2021-05-05,2770.829833984375,2774.141503478518,2732.073795286073,2747.826896825683,1939289
2021-05-06,2784.927490234375,2805.111086908948,2751.4076200249224,2779.601940139036,1791671
2021-05-07,2804.1259765625,2828.2479546354916,2785.2403915808145,2804.215569733949,1912540
2021-05-10,2815.403564453125,2832.1410971774603,2797.0548844113864,2815.8062966524976,2137153
2021-05-11,2794.90673828125,2799.829554709804,2766.757004069321,2797.0547889512027,2415625
2021-05-12,2763.580078125,2792.579858478146,2748.3640981268823,2792.579858478146,1978558
2021-05-14,2731.2685546875,2773.3362663277794,2720.9753912010488,2773.3362663277794,2043935
2021-05-17,2747.602783203125,2752.48080291423,2717.3945923298925,2734.4006849696384,2890462
2021-05-18,2764.654052734375,2796.160037623328,2754.987386621192,2774.678654491779,2098538
2021-05-19,2758.567626953125,2790.7897017650366,2745.2313556195,2760.3577422204535,1986041
2021-05-20,2738.8759765625,2764.65367651648,2731.8051096518834,2745.230972282092,2329027
2021-05-21,2757.224609375,2764.1165083725914,2734.4902364427135,2739.7709882476465,1685566
2021-05-24,2758.1201171875,2779.1539717238966,2749.6170696089566,2758.1201171875,1652260
2021-05-25,2800.843017578125,2813.6599774369843,2772.1511040453966,2781.055430427605,1841613
2021-05-26,2840.867919921875,2846.7142525099684,2791.6688265213775,2806.239642284708,1923753
2021-05-27,2860.206298828125,2894.160005677421,2843.836608582791,2843.971436138704,5959785
2021-05-28,2827.466064453125,2876.3952771418494,2820.315375194454,2868.750073934937,1763701
2021-05-31,2841.452880859375,2851.5267387707327,2813.9752893482573,2833.22313007897,1652799
2021-06-01,2835.92138671875,2851.1667812738274,2817.0332328585873,2849.952674564694,1377441
2021-06-02,2814.739013671875,2841.7220847315466,2801.742211695892,2833.987069447717,2240078
2021-06-03,2825.353271484375,2837.315813933223,2808.6236744249195,2837.315813933223,1281706
2021-06-04,2827.60107421875,2839.383770109067,2810.736654292992,2813.4349614811135,1836060
2021-06-07,2863.083984375,2869.6048939016155,2818.4721006082727,2828.7255808559753,2559821
2021-06-08,2878.32958984375,2906.0772740595803,2866.6819393328346,2876.3958905733634,2574057
2021-06-09,2878.419189453125,2896.1830450868097,2865.782073552921,2879.9932019776284,1710925
2021-06-10,2893.305419921875,2899.7813144234146,2871.8988017847278,2887.189211941427,1874324
2021-06-11,2944.572998046875,2976.233094634134,2888.0883852735583,2888.5831188867132,3452954
2021-06-14,2946.866943359375,2975.963563411032,2941.470327877774,2949.2503606948767,1847360
2021-06-15,2934.634521484375,2966.3396373781225,2924.5608831890954,2966.3396373781225,1304985
2021-06-16,2945.067626953125,2963.371013278553,2925.8645852610603,2934.0495386747825,1635552
2021-06-17,2984.103271484375,3000.562991347635,2932.160851492446,2937.1077486345343,2273413
2021-06-18,2965.710205078125,3020.3059233847293,2945.6527394535406,3013.9198402972424,3380431
2021-06-21,2943.943603515625,2955.546238283212,2924.6955443431953,2936.6580852083653,1130569
2021-06-22,2969.217529296875,2992.468033425753,2954.646712713587,2971.735993548156,1708688
2021-06-23,2933.419677734375,2994.221622487947,2928.922498968247,2994.221622487947,1467104
2021-06-24,3034.3369140625,3042.7915233358513,2948.8004756892074,2953.7473729337676,4155204
2021-06-25,3040.8125,3057.7667325383454,3013.109834321905,3035.820587550749,2722861
2021-06-28,3001.19287109375,3050.4369887808352,2997.819986320662,3050.4369887808352,1355238
2021-06-29,3004.88037109375,3027.770969739679,2991.97337870855,3005.914634493905,1497322
2021-06-30,3009.287353515625,3041.891901543703,3002.7664439100095,3009.512212467543,1693146
2021-07-01,3005.464599609375,3023.9030327358128,2997.234850220171,3020.3052896867516,990310
2021-07-02,2991.0283203125,3003.8452786761145,2963.820391154652,2996.0202322245073,1682274
2021-07-05,2987.026123046875,3034.6962177537357,2969.9368438123397,3005.914273779782,1972858
2021-07-06,2934.229248046875,2993.322132036199,2928.6527903965393,2979.8305959843533,2159420
2021-07-07,2945.608154296875,2952.5787839358504,2915.6120927005504,2945.6531700187747,2640710
2021-07-08,2930.812255859375,2966.3399784637777,2906.8871700168115,2966.3399784637777,2485811
2021-07-09,2885.52490234375,2951.948324663246,2879.0940241459625,2923.166378779875,6365067
2021-07-12,2871.9892578125,2910.5749754299623,2867.716936695908,2909.6755394054167,1892226
2021-07-13,2866.99658203125,2890.7866146403185,2855.708619005293,2890.7866146403185,1809339
2021-07-14,2891.281494140625,2897.9822471630723,2864.703121419735,2866.501993081537,2044279
2021-07-15,2887.13525390625,2913.185811370492,2879.067778627841,2909.354866455286,2232968
2021-07-16,2879.788330078125,2902.3684093258335,2877.2643699505293,2896.193740805467,1256526
2021-07-19,2870.594482421875,2884.2956990987127,2862.842365319797,2866.447960238336,1597058
2021-07-20,2889.704345703125,2897.9971707317295,2844.949762798573,2870.5947349672792,1811945
2021-07-22,2899.213623046875,2906.965519361544,2875.461680697911,2875.461680697911,2859334
2021-07-23,2896.058837890625,2921.928936000391,2890.4699900186024,2911.5177372298162,1776193
2021-07-26,2882.267333984375,2906.334634231912,2876.228006966159,2884.47571669136,1259611
2021-07-27,2869.10693359375,2893.4898123186417,2849.4563980198473,2884.4758253643777,1121367
2021-07-28,2882.492919921875,2888.487133484745,2823.541310589031,2873.6591683018164,1660654
2021-07-29,2880.689697265625,2907.416077796814,2875.7320049529376,2884.700877032287,1731997
2021-07-30,2855.135009765625,2905.658446339278,2850.538008852714,2901.60215255658,2999943
2021-08-02,2901.962646484375,2906.9203389239024,2854.7294465422715,2866.447628672063,2608669
2021-08-03,2961.004638671875,2965.6018602819036,2901.5574356685884,2910.616537036555,3804735
2021-08-04,2951.134033203125,2979.3027407011086,2939.641200543948,2974.6155117870494,2929598
2021-08-05,2960.148193359375,2988.1366667858642,2940.8132354114273,2952.0807190720075,2534521
2021-08-06,2983.44921875,2996.2490352358986,2943.0665162590885,2949.8721199044717,2292362
2021-08-09,2995.07763671875,3007.967683090225,2983.6299164005527,2996.1592712246793,1510489
2021-08-10,3005.173095703125,3019.5954751805193,2988.677675230292,2988.677675230292,2040777
2021-08-11,3014.457275390625,3028.6994178572495,2999.0434907512745,3019.685431494579,1929707
2021-08-12,3021.2626953125,3035.9104222607593,2998.051681840643,2998.051681840643,1310205
2021-08-13,3121.904052734375,3136.8673586216805,3026.446022003532,3029.3755676689116,4363584
2021-08-16,3130.51220703125,3149.8022690083844,3097.6562722514395,3118.839139237591,2083489
2021-08-17,3202.71484375,3209.7006839993514,3121.543843032639,3138.7606470292285,4336019
2021-08-18,3209.47509765625,3240.5282380096614,3187.8866433943826,3221.46374405248,2631309
2021-08-20,3208.529541015625,3222.5012246469614,3154.896303850172,3160.304697513915,2836148
2021-08-23,3278.747314453125,3310.8371939600465,3210.6917173543,3227.0071207124874,3744176
2021-08-24,3256.93359375,3305.7444632216007,3239.987254931247,3296.4148990649587,2511141
2021-08-25,3298.218505859375,3333.1477125010942,3251.3908780010615,3254.04996068662,2123263
2021-08-26,3309.80126953125,3323.9983006214875,3288.2125922316422,3299.1196057313687,1902533
2021-08-27,3353.33837890625,3361.766545012533,3291.096972997124,3304.527725972904,3944728
2021-08-30,3336.34716796875,3371.546832437456,3323.9980493643106,3348.6962865731894,2033114
2021-08-31,3413.10107421875,3429.0108933640668,3338.2849818860145,3343.64826015409,3207480
2021-09-01,3348.65087890625,3440.368191765668,3341.4848036350168,3421.709283679127,2643336
2021-09-02,3458.44189453125,3478.633139907945,3355.0063807767806,3365.8231665288818,3403717
2021-09-03,3463.218994140625,3476.604633083877,3429.416542160624,3447.8501019601085,1746812
2021-09-06,3472.18798828125,3495.2638843302784,3437.9348357488802,3470.11472714068,1723693
2021-09-07,3439.647216796875,3488.3678606233043,3432.7516047580775,3483.004582363346,1585039
2021-09-08,3402.01416015625,3438.8363888080653,3385.6538601213874,3434.3293948515675,4147175
2021-09-09,3417.56298828125,3433.1572300107787,3393.766150314233,3416.0306544846244,1441148
2021-09-13,3466.19384765625,3472.54853292922,3395.569166011557,3395.569166011557,1691473
2021-09-14,3502.744873046875,3512.2997866196183,3447.8497841190915,3470.3396360829424,1991188
2021-09-15,3564.626220703125,3587.5667732673196,3484.807322977753,3499.319929861653,2461369
2021-09-16,3518.429443359375,3589.144124419085,3508.3338223529545,3542.4967436345837,2946666
2021-09-17,3450.419189453125,3556.017961812819,3429.8221406078014,3533.4829937404943,6477148
2021-09-20,3446.497802734375,3489.314239410165,3432.3910016252494,3433.4275220649233,2002008
2021-09-21,3482.05859375,3489.810711776264,3444.8307777642813,3477.5967135199853,1568129
2021-09-22,3481.33740234375,3512.616117791001,3472.593877708659,3481.652979961397,1744067
2021-09-23,3487.73681640625,3496.525453470271,3456.8639118480246,3488.4128654111746,2003869
2021-09-24,3489.585205078125,3555.477325064722,3474.892360680829,3506.441318559903,2320754
2021-09-27,3458.6220703125,3519.0609036680557,3427.9293972594664,3515.4553084798713,1673362
2021-09-28,3406.5205078125,3470.3846880867072,3381.371574333834,3470.3846880867072,2253075
2021-09-29,3418.013427734375,3430.72323663298,3355.1408723599266,3389.078663323295,2489161
2021-09-30,3403.275390625,3429.8215343079473,3380.334841196253,3429.8215343079473,2252412
2021-10-01,3362.39697265625,3434.3286240716693,3357.7097440070784,3408.864113932555,1578374
2021-10-04,3401.248046875,3410.5773921695504,3341.8908494240823,3357.5302062212545,1356860
2021-10-05,3455.33203125,3461.3713591390515,3372.673806088339,3383.851063075,1877966
2021-10-06,3435.14013671875,3477.100289226919,3420.8079857542666,3457.765331581915,1678154
2021-10-07,3509.054931640625,3514.5535517698677,3443.3881680039863,3452.3570411076157,1647233
2021-10-08,3547.58984375,3596.490725128912,3515.455066871078,3537.990035248457,2934339
2021-10-11,3322.1953125,3387.0057944314267,3299.1194165320085,3384.752297562211,11845402
2021-10-12,3292.67431640625,3341.4849677925667,3272.618195409923,3340.5835690961026,5752877
2021-10-13,3294.79248046875,3313.045804122932,3285.598257752844,3290.105251247704,3545655
2021-10-14,3261.6025390625,3314.4807432469656,3258.6673721917773,3273.839971190804,6442299
2021-10-18,3293.84423828125,3298.85664436386,3252.5713197317596,3254.3775763027684,3590107
2021-10-19,3282.103515625,3332.6337187453037,3274.0205617031106,3313.5776240440514,3135441
2021-10-20,3259.25439453125,3278.355468361538,3231.6637830617196,3262.0991602539602,2933693
2021-10-21,3190.300537109375,3257.989955221181,3171.1090618330622,3254.9646078835626,4871211
2021-10-22,3159.910400390625,3216.581698700128,3147.401985794719,3215.136605288149,2691670
2021-10-25,3154.58203125,3174.089691219989,3115.7927138810505,3163.6585149928464,2595594
2021-10-26,3145.234619140625,3187.139682910227,3138.3707560535668,3155.9817574184717,3878763
2021-10-27,3151.691650390625,3171.1089067795924,3145.5955350126933,3145.5955350126933,2510813
2021-10-28,3090.189208984375,3177.2057187266455,3084.1834933062805,3177.2057187266455,2424942
2021-10-29,3068.604248046875,3125.7271142639197,3057.9472897770947,3070.6814872801024,3960501
2021-11-01,3139.6357421875,3149.208992218316,3082.3322845487614,3104.9104964229964,2020718
2021-11-02,3146.679443359375,3173.231546531015,3133.629284083989,3155.5301444165884,3087414
2021-11-03,3153.94970703125,3178.9211155491143,3130.2877904093675,3164.7420457806443,1537639
2021-11-04,3168.760986328125,3172.9154646580055,3165.4646562659386,3172.6444820729603,328991
2021-11-08,3163.4326171875,3204.29917230212,3143.970158443692,3204.29917230212,2526082
2021-11-09,3166.096923828125,3192.55862784011,3157.3366231765276,3168.1741630730144,1782692
2021-11-10,3146.770263671875,3178.7409201799637,3143.0673491116963,3159.143078400019,1516489
2021-11-11,3150.29150390625,3170.02494177379,3103.148259544403,3142.8858973266942,1284514
2021-11-12,3184.475830078125,3191.7910375739043,3148.0345121874943,3166.3680621789513,1747259
2021-11-15,3209.0859375,3223.8069733697826,3186.236746664237,3186.236746664237,1809157
2021-11-16,3211.885498046875,3229.180537825192,3198.880538317599,3223.2650031777275,2013204
2021-11-17,3180.7275390625,3217.710820124457,3166.7290501154803,3206.6474982147156,1632914
2021-11-18,3139.00244140625,3179.7788093423023,3117.237185461883,3174.630802536825,2136598
2021-11-22,3123.37890625,3175.353985373038,3107.0324158864637,3141.441472722624,3167936
2021-11-23,3128.662109375,3143.7443073860727,3077.680562631112,3111.2768901773475,2153461
2021-11-24,3109.741943359375,3154.672579518946,3092.311521816492,3135.8422649122226,2161746
2021-11-25,3112.089599609375,3127.5331811342253,3101.3876619652233,3110.2833430796986,1849619
2021-11-26,3112.947509765625,3151.9174032167334,3081.3830029314436,3093.214070492066,1941251
2021-11-29,3162.7548828125,3187.455526703906,3076.460941212236,3113.218213998952,2981745
2021-11-30,3187.275146484375,3218.5234738088843,3152.820890092407,3152.820890092407,5588446
2021-12-01,3231.212646484375,3242.2307682282008,3192.5587091049274,3192.5587091049274,2102118
2021-12-02,3290.005615234375,3294.6116572275987,3227.8705717753787,3241.50767523344,3152938
2021-12-03,3287.79345703125,3310.823229251387,3279.1235574307984,3293.2122269654,2486263
2021-12-06,3193.822509765625,3303.6429881642466,3180.8175517535474,3287.793043999956,1849642
2021-12-07,3237.263671875,3249.455904981518,3182.8953876017795,3217.3948475532675,1484458
2021-12-08,3275.55615234375,3293.212355834837,3252.1652160754647,3252.1652160754647,1428660
2021-12-09,3252.842529296875,3282.645764798172,3220.5556908371364,3260.293338172199,1567957
2021-12-10,3284.496826171875,3289.1930489201604,3228.773857881583,3237.714739258313,1510718
2021-12-13,3259.97705078125,3307.2559065103674,3252.797224738199,3296.4183666747244,1883864
2021-12-14,3272.7568359375,3282.871830215888,3230.2193988546605,3255.7779774218093,1747007
2021-12-15,3224.484130859375,3272.033746430734,3213.465789491573,3269.324361600678,1603233
2021-12-16,3234.64404296875,3258.892902796996,3224.1676676731945,3235.005206051928,2072320
2021-12-17,3237.1279296875,3297.6375242806403,3227.509481237842,3253.5196197281775,4333992
2021-12-20,3212.3369140625,3256.680601125865,3170.115666668536,3241.3274202553325,2312310
2021-12-21,3258.758056640625,3288.470891043131,3220.9168466296323,3235.5926822596566,2340989
2021-12-22,3279.03271484375,3284.4966845562953,3256.906073925573,3272.936599488742,1224328
2021-12-23,3307.88818359375,3314.9326288647185,3278.3559304669466,3294.612240865956,1792861
2021-12-24,3315.293701171875,3346.0904654467413,3291.7221840333623,3328.0278988316445,2209923
2021-12-27,3338.05224609375,3341.5743578965003,3299.2177332857636,3315.38363995623,1534135
2021-12-28,3347.48974609375,3364.152416649975,3336.020062489401,3350.605494166821,1456218
2021-12-29,3336.787841796875,3359.591829703565,3328.027542025829,3334.575221721809,1456923
2021-12-30,3372.05517578125,3377.699727464848,3323.51203130231,3324.731342662087,1966475
2021-12-31,3376.2099609375,3395.7626015508336,3369.8428619615283,3380.2288380035056,1207141
2022-01-03,3447.91796875,3458.981290108703,3382.2153868034184,3386.7310281743175,2346158
2022-01-04,3508.427734375,3512.4014107792354,3442.4541666277723,3459.974988296276,2488606
2022-01-05,3486.932861328125,3495.1062158275367,3443.085942093523,3490.590574721816,1733031
2022-01-06,3438.615966796875,3463.4971967542815,3406.600111123116,3442.7252448571894,1810293
2022-01-07,3480.205078125,3490.5006530638475,3428.6363614194815,3449.9502785616974,2460591
2022-01-10,3504.002197265625,3592.6441460052583,3486.9781417109857,3592.6441460052583,3937092
2022-01-11,3536.56005859375,3544.778614405438,3482.462761056655,3482.462761056655,1906106
2022-01-12,3485.98486328125,3548.391117478329,3464.8969496112923,3544.7786042510666,3203744
2022-01-13,3520.3037109375,3542.9723194543735,3483.3658516786945,3538.456677956216,6684507
2022-01-14,3583.748291015625,3591.7410642554096,3486.120259104118,3502.1959861148616,3348123
2022-01-17,3629.80712890625,3651.3468217769446,3578.4644299320325,3605.9194353253497,3442604
2022-01-18,3604.023681640625,3650.1734029085724,3594.4504339971777,3643.1741589730254,2389041
2022-01-19,3541.6435546875,3629.7176748549336,3537.8890746560864,3629.7176748549336,3102539
2022-01-20,3461.938232421875,3546.483829539819,3447.869865912309,3537.436676913442,6176776
2022-01-21,3468.226318359375,3484.5564747160656,3411.772168477635,3444.25136141754,3112358
2022-01-24,3411.99755859375,3482.8365779142173,3383.7252102449934,3474.10616509521,3258414
2022-01-25,3410.686279296875,3446.4225353042216,3367.5314016610255,3410.3244815111993,3330501
2022-01-27,3301.531982421875,3377.6636790459943,3279.683198436054,3375.4924508915574,5718297
2022-01-28,3338.444580078125,3374.4070115633695,3298.5918288101216,3298.5918288101216,3143862
2022-01-31,3380.242431640625,3399.919988787011,3366.807321513716,3391.777551347127,2739393
2022-02-01,3438.505859375,3445.1556046836663,3380.377905698286,3410.7764258554153,2105169
2022-02-02,3488.7626953125,3495.8195180182074,3438.5057219894607,3463.1592110852152,1984212
2022-02-03,3460.174560546875,3512.5574931496235,3452.4391998055935,3484.0589584337927,1960538
2022-02-04,3451.39794921875,3460.2642024084744,3409.8716096360963,3451.759967827603,2307366
2022-02-07,3418.9189453125,3466.687954905488,3398.246113404801,3429.7755283619176,1919149
2022-02-08,3386.756591796875,3437.6468296185235,3366.445776610722,3430.273487956361,2946443
2022-02-09,3402.22705078125,3417.9690081189287,3389.1539593129573,3392.6822605127904,1638721
2022-02-10,3411.09375,3428.690420113322,3399.9204266119914,3428.690420113322,2112459
2022-02-11,3342.8779296875,3394.9443421213036,3338.3996328921016,3394.9443421213036,3851488
2022-02-14,3377.97998046875,3431.810528533803,3356.4929969974055,3369.15900830683,5951745
2022-02-15,3454.021728515625,3469.582785752056,3390.8725634937955,3425.2517410318865,3931683
2022-02-16,3449.77001953125,3486.8633470543637,3443.346452511509,3477.7256341182974,3256906
2022-02-17,3423.62353515625,3469.5831157807347,3418.919059852776,3460.5359629364566,3134372
2022-02-18,3432.39892578125,3452.3479402147423,3399.5579405621957,3409.8716055417394,3688883
2022-02-21,3364.997802734375,3463.06906807644,3352.467629084883,3446.9650924976213,7465922
2022-02-22,3244.6708984375,3318.40519617988,3229.833655709156,3302.2108804869526,5408531
2022-02-23,3224.224365234375,3277.6929058584537,3216.8508031615556,3266.92688235687,2426203
2022-02-24,3077.5244140625,3151.8921812276703,3067.979845273395,3142.980648033992,5039136
2022-02-25,3185.276611328125,3193.6452284281136,3132.12458380117,3137.5528759741355,2549723
2022-02-28,3215.53857421875,3224.178648163488,3126.605029905858,3157.455905181501,3288942
2022-03-02,3208.256103515625,3231.597802655057,3171.9318722233274,3214.0011340768315,2761341
2022-03-03,3206.6728515625,3237.6142918199075,3193.735599351278,3223.3650257089607,1928039
2022-03-04,3188.533447265625,3221.872073453627,3154.78752249152,3167.860614365542,2370257
2022-03-07,3152.842041015625,3209.9296608204345,3104.5756156491566,3121.267567595969,3054130
2022-03-08,3256.929443359375,3265.117160103205,3130.3145951668303,3130.3145951668303,3300992
2022-03-09,3286.468505859375,3305.829322682173,3254.305836500098,3261.4982781251324,2719654
2022-03-10,3275.928466796875,3332.9708044635804,3270.5454555200445,3332.9708044635804,2005441
2022-03-11,3256.2060546875,3293.028144903088,3250.5065248753554,3259.915475849535,1623423
2022-03-14,3295.878173828125,3300.7184895275714,3238.8811041187723,3238.8811041187723,1765688
2022-03-15,3251.4560546875,3310.3531059234347,3243.765975048159,3310.3531059234347,3651133
2022-03-16,3307.54833984375,3318.495482540195,3271.676469121042,3293.6158135734954,3090475
2022-03-17,3322.793212890625,3356.4938587772704,3311.529551259769,3344.3707617624423,3600452
2022-03-21,3281.131103515625,3360.067517510732,3270.545978135388,3343.8279212139405,2413831
2022-03-22,3348.30615234375,3357.398585574821,3279.593067288797,3293.1637972224057,2907611
2022-03-23,3358.6650390625,3374.4072180326966,3338.3995044058297,3354.6843800370775,1596195
2022-03-24,3392.546630859375,3400.100870808942,3342.922910134559,3347.4464864676233,1879046
2022-03-25,3354.1865234375,3419.3713016476336,3322.1144118666784,3401.6387943225186,1690133
2022-03-28,3354.412841796875,3359.207877016916,3312.3435807461647,3342.92300177148,1760990
2022-03-29,3352.286865234375,3367.35028635879,3339.30411256053,3342.6967948748356,2689063
2022-03-30,3375.989990234375,3381.8253589977094,3353.055371960706,3381.8253589977094,1583455
2022-03-31,3383.58984375,3396.889114098041,3365.7217170941544,3383.635123689236,2168110
2022-04-01,3400.598388671875,3404.4434284196254,3372.823675140147,3390.8726998981547,1387014
2022-04-04,3411.09375,3419.824165139257,3381.011963362201,3403.539288162403,1472994
2022-04-05,3451.30810546875,3470.126228619584,3412.5862449402166,3412.5862449402166,2314947
2022-04-06,3397.5224609375,3446.3318039032392,3375.6281754527436,3446.3318039032392,2051729
2022-04-07,3333.106201171875,3388.61056347007,3328.447006542888,3388.61056347007,2494829
2022-04-08,3334.463623046875,3351.969951224204,3295.425248943094,3338.3992226767377,2296773
2022-04-11,3344.189208984375,3358.619593264884,3307.7293627770796,3338.399119999968,2291660
2022-04-12,3339.394287109375,3382.7300558525158,3300.717713189157,3332.066005804979,4483476
2022-04-13,3313.02197265625,3356.357965750695,3307.23188339495,3353.7794389315745,1621672
2022-04-18,3191.88037109375,3266.0217344353737,3186.8591577696966,3266.0217344353737,3820792
2022-04-19,3141.080810546875,3223.9980963279377,3111.4513858978617,3211.739160427376,3170014
2022-04-20,3217.89111328125,3229.064213633447,3148.408940757941,3166.5032450151703,2640370
2022-04-21,3282.89501953125,3296.7824874604303,3227.4812085112303,3238.880709415022,2280996
2022-04-22,3268.3291015625,3272.3550402260457,3231.1904965903573,3239.875851290963,1581465
2022-04-25,3210.110107421875,3242.498952518219,3196.449041794757,3218.9763596707094,1960694
2022-04-26,3208.391845703125,3246.0278688721405,3182.9239780122166,3234.4927490375308,1943469
2022-04-27,3221.87158203125,3228.4307669380228,3172.2028081227777,3208.1199557815607,1727648
2022-04-28,3242.770751953125,3260.95539503855,3200.9276737412806,3246.1181540345256,1703660
2022-04-29,3208.75341796875,3278.009412049039,3199.84210560236,3254.2606375879095,2051115
2022-05-02,3204.86328125,3209.8844951695896,3159.944256485502,3184.5071876930824,1324161
2022-05-04,3148.1826171875,3207.622359763652,3135.1095271383574,3201.334633498949,2305825
2022-05-05,3178.626708984375,3196.3592175631156,3153.249621024076,3177.450755773528,1612262
2022-05-06,3105.525634765625,3143.43311513642,3098.1973529384572,3129.410028855051,2010812
2022-05-09,3116.835205078125,3126.6965148786812,3027.9469143990655,3074.223020126666,2481830
2022-05-10,3111.08984375,3134.6577222926016,3095.9358619592876,3106.7924459287533,1622685
2022-05-11,3086.888671875,3119.865501113821,3059.8828312215883,3107.697124235236,1841769
2022-05-12,3083.85791015625,3120.996519698952,3030.8870027598937,3056.12847284346,2807195
2022-05-13,3089.51171875,3112.129597802835,3059.8822971907857,3107.6965818595695,2187823
2022-05-16,3055.04248046875,3103.1732872795783,3045.81442915443,3089.602558618006,1195813
2022-05-17,3122.71484375,3136.647368457536,3031.157495519731,3048.890000490884,1754076
2022-05-18,3120.18212890625,3161.9799310292833,3114.9800160011227,3134.838472393839,1866781
2022-05-19,2951.135986328125,3080.555552312272,2922.230377083301,3073.3178300160907,4642963
2022-05-20,2979.2265625,2998.1350180773325,2958.4633969551082,2994.6067178484664,3065125
2022-05-23,3005.23779296875,3020.7535706971044,2955.704634493537,2989.902914109506,2293690
2022-05-24,2974.70361328125,3008.04245715224,2963.4852330177805,2999.266542904786,1711510
2022-05-25,2885.12548828125,2999.1590102202176,2872.738613082135,2999.1590102202176,3548046
2022-05-26,2939.136474609375,2952.388796419498,2896.8750055874266,2906.39291975154,2813186
2022-05-27,2970.422607421875,2986.452718723321,2941.1855380473976,2963.0449626666505,3103153
2022-05-30,3074.209716796875,3084.547493406441,2993.2388424594333,3002.9388745364927,2094624
2022-05-31,3064.28173828125,3081.632479710448,3028.441298925182,3054.991304374039,4840965
2022-06-01,3055.947998046875,3085.8225941993755,3042.149323031451,3085.8225941993755,1493835
2022-06-02,3117.700927734375,3125.898213258655,3047.8418833505784,3055.7658815509285,2657939
2022-06-03,3133.320556640625,3167.1572559025954,3125.1688577949844,3150.8536358457604,1913622
2022-06-06,3124.941650390625,3145.0250433158467,3075.940057313281,3113.1467124394917,1084210
2022-06-07,3062.77880859375,3113.9208912204936,3056.676429920125,3097.708438984392,2308256
2022-06-08,3100.5322265625,3109.458204584962,3048.0241451904335,3078.6727974620753,2185707
2022-06-09,3121.435302734375,3130.4522277697824,3054.0354002452964,3083.090134128808,1279197
2022-06-10,3060.22900390625,3090.376889802829,3053.0336972057416,3080.357984471903,1527582
2022-06-13,2932.4423828125,2999.2957117969904,2907.7137712348363,2996.5632832712113,3030921
2022-06-14,2924.19921875,2950.02053230726,2891.5466121984273,2905.4820407541574,2611493
2022-06-15,2920.328125,2945.5575000542526,2915.5007908700254,2931.439954831358,1404536
2022-06-16,2861.763427734375,2955.440273059507,2853.61172724307,2951.0227580710934,2032028
2022-06-17,2813.3994140625,2840.5871669553926,2754.1514331700696,2816.2230124973385,5240434
2022-06-20,2834.80322265625,2858.8031404357725,2795.274181759422,2818.0444178441353,1502769
2022-06-21,2925.474609375,2948.973539593317,2846.644000512472,2850.8338132737495,2964461
2022-06-22,2935.493408203125,2960.6318391322884,2899.1066134654548,2914.4992049362954,3336315
2022-06-23,3013.6865234375,3022.0659263792954,2935.4934387770754,2935.4934387770754,3692578
2022-06-24,2999.38623046875,3046.657144755051,2985.1775162734466,3041.1922888900194,2132118
2022-06-27,3019.060546875,3062.961525270605,3011.5919526028224,3051.21217033705,2037686
2022-06-28,3022.202392578125,3032.9955738818708,2980.7151985816167,3012.046955804008,1400046
2022-06-29,2997.018310546875,3035.7277097865776,2979.2575273663056,2979.2575273663056,2133994
2022-06-30,2975.7060546875,3015.5993362236927,2964.6851698716832,2980.1689326636397,2719603
2022-07-01,3019.42529296875,3035.7286974772896,2961.998697527741,2969.2395900917986,1502879
2022-07-04,2946.51416015625,3022.020174729321,2937.4060656424617,3016.6009029667343,2622535
2022-07-05,2929.4365234375,2980.1685661074703,2920.9203660031503,2964.6848052199925,2170627
2022-07-06,2969.922119140625,2976.9808928654857,2916.639762636837,2931.4404172212226,2182144
2022-07-07,2994.604736328125,3023.3405946371045,2973.838237801356,2979.2575091887347,1989921
2022-07-08,2974.202392578125,3010.2249473898983,2960.1304323803843,3005.6709005708517,2136916
2022-07-11,2836.07861328125,2937.360583340684,2828.974254839121,2920.1917356360045,6974600
2022-07-12,2809.57373046875,2856.4804148819853,2805.5206730848,2837.080130059318,3734815
2022-07-13,2767.72216796875,2832.617340150658,2764.306632590755,2827.152483545866,3863530
2022-07-14,2738.49951171875,2791.694208361557,2709.5049774971344,2790.7809946852853,4764908
2022-07-15,2734.7099609375,2766.0330139256203,2696.7201800897806,2756.5813854675916,4574806
2022-07-18,2797.6298828125,2809.9125612263424,2752.699817974454,2760.6447317585075,3202795
2022-07-19,2807.447021484375,2811.7390809846115,2767.0830233491433,2767.0830233491433,1865074
2022-07-20,2890.13818359375,2896.6675710602,2829.1811813255285,2838.085013117516,3402251
2022-07-21,2901.55419921875,2907.6726869783447,2871.189840914092,2892.1480526571663,2420640
2022-07-22,2895.800537109375,2919.5440924436048,2870.687161275093,2908.585528443191,2075886
2022-07-25,2891.91943359375,2909.9096985767114,2875.8013012533625,2890.321309646868,1797504
2022-07-26,2845.482421875,2893.882747009301,2827.766165629506,2890.04729413634,2639367
2022-07-27,2912.101806640625,2916.8961789117143,2840.0948120166627,2844.6608808462715,1389808
2022-07-28,2977.533203125,2980.729451004447,2923.790488885272,2936.895194372029,2106333
2022-07-29,3015.340087890625,3029.4037119940576,2990.7747296737157,3004.4729345424503,2430257
2022-08-01,3012.509521484375,3038.262104288188,2987.122134994488,3038.262104288188,1306913
2022-08-02,3006.1171875,3025.3858646268604,2987.71579592736,3004.473358093505,1269114
2022-08-03,3049.6767578125,3058.352286843558,2992.646614193577,2995.340549670609,2895824
2022-08-04,3063.78564453125,3093.875985328475,3020.3168148898353,3059.2652822122163,2150567
2022-08-05,3073.009765625,3083.922624606905,3063.831923469401,3069.4938037449124,1106933
2022-08-08,3081.593505859375,3085.6572616806397,3046.4804884650252,3072.9636821597155,1068836
2022-08-10,3063.14697265625,3091.228293192638,3045.567609393633,3091.228293192638,1878359
2022-08-11,3125.4736328125,3131.1355126992553,3082.141690879429,3104.926326241782,1449248
2022-08-12,3106.341796875,3122.2773297645713,3087.8035160182676,3122.2773297645713,1472354
2022-08-16,3098.26025390625,3118.488072298217,3093.5115869831675,3114.972110169619,839942
2022-08-17,3105.93115234375,3121.318669160051,3078.534741801607,3091.3197333879402,1622326
2022-08-18,3087.803466796875,3097.620512939002,3070.2241051005085,3095.794085749769,1430659
2022-08-19,3091.913330078125,3124.560720331479,3078.6717312341075,3093.0548472198507,1398410
2022-08-22,3063.421142578125,3090.406652714102,3056.891530679678,3072.9641814038578,1536532
2022-08-23,2999.541748046875,3051.868713645436,2986.208739113236,3031.82371792294,1849256
2022-08-24,2972.830322265625,3020.910934628797,2968.127137915689,3006.2995153561064,1691923
2022-08-25,2938.904052734375,2993.651165136789,2935.7535103086107,2991.6878450178115,1946930
2022-08-26,2942.556640625,2974.3365165870837,2937.625376662145,2953.60661370245,1457962
2022-08-29,2860.687255859375,2869.95628455178,2813.6110510349017,2853.792448712778,2539173
2022-08-30,2932.4658203125,2946.48373853007,2869.408598350499,2881.1889648418937,3431525
2022-09-01,2859.910888671875,2913.1512843206556,2850.139548076729,2913.1512843206556,3546935
2022-09-02,2858.72412109375,2888.494977350856,2849.5007963539897,2888.494977350856,2052900
2022-09-05,2861.463134765625,2874.7504359810164,2842.1487581310735,2852.5593030066793,2147912
2022-09-06,2855.664794921875,2868.2671879093004,2836.761316917013,2863.381405690345,1936453
2022-09-07,2876.25732421875,2887.4896718889217,2832.788272506694,2832.788272506694,1291534
2022-09-08,2894.5673828125,2907.2154802868945,2885.846371340467,2894.8870967518315,1346113
2022-09-09,2938.401611328125,2952.8761358744123,2893.517252672978,2917.717412747409,1561185
2022-09-12,2961.50634765625,2986.026224879591,2945.114206199852,2958.721001258323,1785928
2022-09-13,2949.087158203125,2980.2276158984746,2945.1145888789483,2980.2276158984746,1972678
2022-09-14,2849.591552734375,2868.7690378261013,2843.564476905638,2862.924560122017,5090269
2022-09-15,2834.93505859375,2865.436307205945,2830.9624897899544,2858.35890098147,2138023
2022-09-16,2747.585693359375,2825.8025713910124,2739.640779688785,2809.0450127742342,5322221
2022-09-19,2765.94189453125,2777.9962716322348,2728.5001301864368,2772.516989045189,2072220
2022-09-20,2776.444091796875,2812.6529314951345,2767.0379446223255,2785.302221484519,1544295
2022-09-21,2740.73681640625,2777.4479612773107,2737.951470127734,2765.210987304476,2253818
2022-09-22,2746.39892578125,2766.9919403083877,2720.7377533346526,2730.509095809409,2017983
2022-09-23,2723.248779296875,2760.1882264381848,2720.463433104831,2743.2937741010114,2652374
2022-09-26,2734.527099609375,2763.247849734542,2672.154780311004,2702.975743649795,2925489
2022-09-27,2755.57666015625,2762.471468246022,2717.723996528979,2748.225245212223,2227447
2022-09-28,2772.197021484375,2785.2560217128935,2721.3767693188897,2721.3767693188897,2739767
2022-09-29,2737.175537109375,2790.6442451926923,2730.5090323395707,2788.9547106237624,2493902
2022-09-30,2743.7958984375,2757.63099495344,2694.071463740936,2731.2849170182203,2817353
2022-10-03,2725.89697265625,2758.5443598374663,2715.8973280262185,2735.0748142025973,1763331
2022-10-04,2822.88037109375,2829.1359739680206,2760.644948129544,2766.9917386000643,2145875
2022-10-06,2832.74365234375,2852.880062290707,2824.068120784287,2841.008282261969,1790816
2022-10-07,2798.908447265625,2835.528404080667,2792.6987727620476,2828.5878911086593,1939879
2022-10-10,2847.90234375,2855.618954152324,2744.206893900778,2748.7729619438746,3064063
2022-10-11,2803.155029296875,2872.0569552219436,2788.3610126236035,2830.9623406003257,4730645
2022-10-12,2831.647216796875,2840.0030324884474,2796.305893237731,2817.1726913065004,1665247
2022-10-13,2833.97607421875,2840.0945613198273,2787.4478815426237,2831.647334730693,2054781
2022-10-14,2830.18603515625,2876.6230391115005,2804.47915971791,2872.05697079545,2245977
2022-10-17,2849.04736328125,2864.291634309241,2812.1495572705244,2813.2482052089185,1517005
2022-10-18,2879.215087890625,2888.966117534846,2864.428608029881,2884.0676909336617,1793722
2022-10-19,2858.294677734375,2892.3082801899227,2849.2761531975434,2892.3082801899227,1194289
2022-10-20,2890.751708984375,2893.223722522388,2842.8669805164604,2842.8669805164604,1587601
2022-10-21,2872.53125,2893.589521437009,2863.009338414214,2891.2091553053356,1021913
2022-10-24,2894.77978515625,2909.703735111472,2888.6454639007843,2902.4707661509224,260949
2022-10-25,2895.146484375,2915.4264280577722,2885.120736143405,2911.993013876971,2069643
2022-10-27,2890.843017578125,2906.041686699849,2869.7391444552,2893.8644666841983,2438421
2022-10-28,2896.19921875,2910.161769318541,2879.489936922074,2884.0678223543823,1355739
2022-10-31,2923.57470703125,2928.930922074246,2909.520733723584,2928.930922074246,1919414
2022-11-01,2984.506591796875,2987.1618994722585,2933.0053805494344,2943.122552087066,2991060
2022-11-02,2968.0263671875,2993.9372449305815,2950.0353658155727,2993.9372449305815,1405955
2022-11-03,2936.026611328125,2955.528446576262,2925.268581334173,2955.528446576262,1422652
2022-11-04,2945.777587890625,2948.2040012539787,2898.854262857446,2945.4114464729214,1464013
2022-11-07,2960.701416015625,2969.0332564533796,2925.360276550817,2956.398248653195,1474498
2022-11-09,2944.5419921875,2975.4427215690407,2931.3575468669605,2975.4427215690407,1162267
2022-11-10,2935.01953125,2952.7360368831214,2902.379298269611,2902.379298269611,1573092
2022-11-11,3036.008056640625,3059.4927450488603,2980.249496684402,2993.5711891457404,3265394
2022-11-14,3053.906982421875,3066.267271512774,3029.644192724924,3043.377847270368,1342074
2022-11-15,3051.25244140625,3057.981799212877,3014.0799204121804,3040.631657256638,1400708
2022-11-16,3072.081787109375,3083.572101172035,3041.04358854174,3057.0203646219798,1748235
2022-11-17,3066.267578125,3076.338925798746,3037.655794960949,3058.0273845737534,1417986
2022-11-18,3061.186279296875,3078.856962431135,3040.631617644428,3067.183354142979,1164540
2022-11-21,3006.297607421875,3052.2595361871263,2996.6840472336826,3042.005116692304,1304194
2022-11-22,3035.09228515625,3038.754593583058,2980.432376592047,3003.0929099829245,1149739
2022-11-23,3029.00390625,3048.8718855429684,3013.1643769735465,3048.8718855429684,1150011
2022-11-24,3094.78759765625,3106.507028304935,3029.0035223998857,3036.2823150568715,1296591
2022-11-25,3103.485595703125,3116.02917985949,3065.351901749394,3097.3970978548987,1588981
2022-11-28,3108.61376953125,3128.5275754328195,3081.4211689370973,3081.833134008449,2195437
2022-11-29,3110.5361328125,3139.5140603178634,3097.3975112438993,3097.3975112438993,1576028
2022-11-30,3104.538818359375,3126.604091946324,3090.0726557391877,3097.3972724046434,3410702
2022-12-01,3182.225341796875,3186.208191448008,3131.273567457525,3135.851452790065,2180856
2022-12-02,3148.806884765625,3176.045303410284,3124.8646330830697,3166.1572495831015,2411749
2022-12-05,3136.675537109375,3148.8069338376527,3119.371219112565,3143.1762240133357,1475065
2022-12-06,3099.549560546875,3120.241472465018,3083.6642057048143,3113.008501536875,1166999
2022-12-07,3095.199462890625,3107.193386571104,3070.8450271099646,3083.9378219314544,1167505
2022-12-08,3067.686767578125,3095.1999029772983,3057.5237727854305,3076.338926101875,1285619
2022-12-09,3014.7666015625,3089.2488906667168,2999.751226008685,3089.2488906667168,1797896
2022-12-12,3008.998046875,3017.7418521050604,2962.8988781245566,2980.6609828665123,1527610
2022-12-13,3050.794677734375,3054.7773041757973,2991.9230229239793,3000.529358628512,1378016
2022-12-14,3081.237548828125,3091.9039328595345,3058.8515094304635,3066.0847027929763,1213311
2022-12-15,3026.07373046875,3080.6878108820633,3020.4427976180023,3075.240172260906,1415694
2022-12-16,2966.69873046875,3014.079845907916,2952.919250258306,2998.5150350390113,2703680
2022-12-19,2931.72412109375,2971.5059071272167,2924.811468284669,2954.5677283313903,2120965
2022-12-20,2970.086181640625,2974.7098905346556,2896.56529845828,2928.8393900684205,1529971
2022-12-21,2992.609619140625,3005.885487286838,2966.469847843375,2974.7100418651626,1432566
2022-12-22,2984.506591796875,3015.9109306501155,2971.139300417499,3015.9109306501155,1384101
2022-12-23,2955.803466796875,2991.053185702608,2945.4115771362144,2945.4115771362144,1360281
2022-12-26,2978.280517578125,2995.7681287685164,2952.7818306731797,2955.80327966544,870157
2022-12-27,2984.32373046875,2997.4165284637297,2958.6875701824715,2993.204784147724,835883
2022-12-28,2982.126220703125,2990.366414489506,2953.6516838739167,2975.4424632593705,910795
2022-12-29,2992.792724609375,2995.3105617008246,2955.482956799713,2958.3213352964485,1037927
2022-12-30,2981.759765625,3020.488719956298,2972.146206498131,3008.6320417390707,1163131
2023-01-02,2986.10888671875,2991.0531371742204,2962.0749878547795,2985.696921729852,709547
2023-01-03,3031.79638671875,3039.716039397521,2971.322473216991,2977.4567952170896,1245178
2023-01-04,3034.817626953125,3046.4456352603884,3008.7695024615123,3027.5388335177267,1231668
2023-01-05,3031.567626953125,3055.555703863464,3004.878418594391,3049.055016609059,1826057
2023-01-06,2940.421875,3022.82381945874,2929.8469140885454,3021.4046301538124,2488376
2023-01-09,3039.670166015625,3046.1250293138623,2949.211103306643,2956.3984729950294,2885060
2023-01-10,3008.95263671875,3019.5734210012947,2957.4058223336865,3007.6709181289425,3864655
2023-01-11,3047.68115234375,3066.725198881795,2994.9896506455593,3012.3400138306843,2720512
2023-01-12,3052.8544921875,3067.18318391846,3035.641598568852,3047.9560654521056,2250391
2023-01-13,3089.66064453125,3093.7349177845394,3025.982214642765,3060.6824961643642,1742837
2023-01-16,3121.96630859375,3139.7108259950064,3088.2563206021546,3106.0008380034105,1843607
2023-01-17,3163.494873046875,3166.678731169611,3109.7462636380624,3118.173760287488,1688475
2023-01-18,3174.357177734375,3192.1016949969585,3157.7362810072996,3164.9932922543326,2421189
2023-01-19,3158.5322265625,3171.5479356217456,3147.2018339606398,3164.9932159437553,1585044
2023-01-20,3149.16845703125,3178.7113332057097,3142.1455428324743,3150.947503850745,1529349
2023-01-23,3197.6728515625,3201.512135681823,3142.145198929978,3172.4840935039533,1067916
2023-01-24,3217.7119140625,3232.366302942939,3199.9205321987315,3207.130678074058,1387863
2023-01-25,3211.578857421875,3216.494897658471,3188.403239163637,3207.411973800575,874110
2023-01-27,3194.06787109375,3226.7946017298873,3167.1467031309717,3208.066832712302,1785879
2023-01-30,3215.230224609375,3238.452704719985,3170.1900757237363,3202.4486132550446,1953798
2023-01-31,3145.0478515625,3229.6037745956946,3137.8377061960487,3229.6037745956946,2820375
2023-02-01,3191.539794921875,3201.5122408761454,3141.5833776365803,3149.074485541526,2205161
2023-02-02,3240.27880859375,3248.3318414725536,3202.542533364136,3209.003522838409,1813847
2023-02-03,3260.785888671875,3281.105474455395,3233.255928175393,3281.105474455395,1804469
2023-02-06,3239.85791015625,3252.218194790827,3218.2274691983685,3252.218194790827,1138714
2023-02-07,3251.656005859375,3270.805105400791,3241.215136678997,3248.2380505898204,1455647
2023-02-08,3296.18115234375,3314.7214612044213,3256.8059713667417,3256.8059713667417,1986946
2023-02-09,3315.611083984375,3321.9317059253344,3282.32242937323,3291.4053514774064,1655427
2023-02-10,3312.521240234375,3317.015950832913,3284.9912806998786,3296.087576057787,1187821
2023-02-13,3260.879150390625,3323.242714585271,3252.451654072995,3323.242714585271,1087939
2023-02-14,3277.453369140625,3300.628983729633,3272.677696508401,3282.0415811908283,1579818
2023-02-15,3296.6962890625,3301.706059297745,3240.0447812384746,3265.186905493828,1429449
2023-02-16,3331.717529296875,3347.5892704655134,3302.642617323599,3302.8298493229236,1618931
2023-02-17,3278.4365234375,3313.7851895077292,3267.9958830490264,3301.846236066791,1061369
2023-02-20,3265.4677734375,3297.960409776518,3253.997013920248,3279.232639136106,1296082
2023-02-21,3231.47705078125,3285.6938591458697,3225.6246220454104,3271.741760483827,1139541
2023-02-22,3185.17236328125,3227.731175089711,3179.0389728545315,3197.719877797664,1218430
2023-02-23,3196.643310546875,3232.7877717818465,3191.2122111789918,3203.385262454029,1441570
2023-02-24,3184.142333984375,3215.5113497676293,3167.14697359376,3204.7897468115684,977592
2023-02-27,3119.90625,3174.357152183977,3105.0644001894007,3174.357152183977,1128022
2023-02-28,3102.11474609375,3176.229804721406,3089.9883320818026,3116.7691347332543,4116217
2023-03-01,3170.33056640625,3173.420694244311,3104.12794376509,3111.619051925006,1669307
2023-03-02,3110.16796875,3155.535952142043,3106.9374736992672,3147.2021847809638,1556538
2023-03-03,3129.550537109375,3144.392385345616,3119.2036277231537,3140.646831581059,1043190
2023-03-06,3157.36181640625,3188.356140172754,3145.3291321225875,3148.044567467067,1334132
2023-03-08,3174.731201171875,3179.9750677572342,3118.969453764318,3150.0106383790744,1844590
2023-03-09,3124.588134765625,3169.6751507089175,3118.9698036269974,3169.6751507089175,1648500
2023-03-10,3119.110107421875,3124.962535572997,3080.718178750516,3102.1613840520363,1024404
2023-03-13,3073.179931640625,3155.4417458445423,3063.8629125766106,3120.982606240172,1901233
2023-03-14,3010.44189453125,3094.20179268252,3005.2448930965024,3071.3540067593453,2670334
2023-03-15,2995.4130859375,3052.9543422417737,2988.952096721483,3043.2626298072746,1780522
2023-03-16,2982.3974609375,3014.983827425883,2970.2244100765306,3003.9343970761383,1901060
2023-03-17,2977.059814453125,3016.4816306299053,2944.0052567830558,2950.091781645998,6739966
2023-03-20,2943.350341796875,2968.0240443218463,2898.1695916980593,2968.0240443218463,2289468
2023-03-21,2908.51611328125,2955.9440945024853,2900.416216419899,2943.3497161900277,1815297
2023-03-22,2931.645263671875,2943.537352314146,2908.5165126380753,2930.9429722724044,1123939
2023-03-23,2925.886474609375,2946.2062896112416,2903.7409762156167,2916.756685986962,1372218
2023-03-24,2922.000244140625,2968.351473778491,2908.4226112164015,2948.593585458365,1329577
2023-03-27,2923.686279296875,2952.1992674960343,2908.42309883203,2935.5783692332307,1524217
2023-03-28,2917.69287109375,2949.202481667206,2912.3086371534464,2928.0868750140057,1303530
2023-03-29,2939.2294921875,2949.6234949949962,2906.64335836925,2929.959338361696,1740616
2023-03-31,3001.968017578125,3008.616467852621,2951.4967652261007,2987.0326656462394,2382581
2023-04-03,2996.443115234375,3019.8059619263745,2971.862917804718,3019.8059619263745,1521830
2023-04-05,3033.711181640625,3056.6995625645172,2982.865245838784,2982.865245838784,2655065
2023-04-06,3015.82666015625,3050.145438850923,3010.489290961248,3019.853176780723,1703464
2023-04-10,3055.810302734375,3063.8633357088556,3010.4891883569594,3015.171131107126,2203187
2023-04-11,3009.365234375,3064.7525195282456,2989.0922873467734,3056.3718886561364,2348779
2023-04-12,3035.44384765625,3053.51619236949,2995.5069674956644,3022.615370260282,2417727
2023-04-13,2986.002685546875,3024.53498250205,2977.715555528334,3005.8072117125635,4174070
2023-04-17,2939.791748046875,2962.1713421508034,2874.946843268329,2934.735341501115,5505048
2023-04-18,2931.59814453125,2956.037974559565,2912.730008677725,2954.2586993354394,2617302
2023-04-19,2893.06640625,2940.260301815835,2876.117680581955,2931.5987069776834,3298034
2023-04-20,2907.299072265625,2914.9774122745457,2882.2038146421623,2893.440476687551,2419999
2023-04-21,2959.783935546875,2963.154797269729,2903.553755576594,2912.1684847934343,1929184
2023-04-24,2972.846435546875,2978.605133726411,2927.290995096919,2950.6540724750807,1640676
2023-04-25,2973.969970703125,2988.203030634268,2947.2828976033015,2980.5246904118535,2024090
2023-04-26,2994.71142578125,3004.3094099444575,2978.6524510401905,2978.6524510401905,2000029
2023-04-27,2985.159912109375,2995.6942835786904,2968.9603440389074,2982.397611535075,2434446
2023-04-28,3014.468994140625,3021.9601029246974,2992.932056386417,2996.8179776239554,2931312
2023-05-02,3014.609375,3029.2171286410467,3005.8074135819966,3029.2171286410467,2321159
2023-05-03,2977.621826171875,3011.425543901782,2971.3012035284246,3011.425543901782,2468285
2023-05-04,3015.82666015625,3019.3381173385533,2975.84291342919,2977.85605743618,1953253
2023-05-05,3025.190673828125,3037.6446882164646,3005.8543402379028,3015.1713612999433,1710027
2023-05-08,3043.82470703125,3047.8043583621566,3025.752362324095,3038.580839715744,928235
2023-05-09,3074.3974609375,3088.209190945519,3039.5169902392827,3045.6972456192616,1107375
2023-05-10,3077.7216796875,3096.168486888955,3058.2916188670115,3080.718077079892,1559987
2023-05-11,3073.367431640625,3099.1649806032747,3063.863179785663,3098.509554373704,1719623
2023-05-12,3066.016845703125,3080.7180991166333,3052.6264447173935,3070.5581926647205,1027479
2023-05-15,3047.99169921875,3082.591211597664,3041.717941442154,3075.1001029425056,1150390
2023-05-16,3050.894287109375,3076.036411321909,3043.684140938876,3049.068375144386,986306
2023-05-17,3004.590087890625,3071.354641521407,2994.8048726359266,3048.834449723517,1588815
2023-05-18,2996.302734375,3023.5515016602685,2991.7611588555555,3020.7423362528925,1369364
2023-05-19,3017.83935546875,3028.748188555931,2999.298819985212,3005.8066734470667,1152449
2023-05-22,3088.864990234375,3097.9947789695057,3012.4089534505297,3024.535139945861,1333243
2023-05-23,3087.31982421875,3116.254138123445,3080.8119697086527,3095.7004557740825,1687418
2023-05-24,3093.21923828125,3106.1880826590545,3067.60891974456,3067.60891974456,1016555
2023-05-25,3083.99560546875,3095.7004620251064,3059.2750398659177,3084.463799731004,1374917
2023-05-26,3117.14404296875,3126.273832181561,3081.6550050626415,3083.9959766556703,1791115
2023-05-29,3109.1376953125,3157.502070638318,3101.3187597728675,3147.0145649988626,1210372
2023-05-30,3105.251220703125,3115.317396179294,3091.3459898860383,3104.1276003255502,1344224
2023-05-31,3080.250244140625,3116.020242293331,3057.4490906976966,3098.5098215112716,5815424
2023-06-01,3112.55517578125,3127.5373908271285,3087.740882111514,3103.191291377576,1177314
2023-06-02,3095.326416015625,3123.69880925092,3087.6947113440983,3114.6627502134825,2030661
2023-06-05,3079.68798828125,3115.3644809044154,3076.0830297903385,3104.127819115761,1861468
2023-06-06,3026.6884765625,3079.6412899002303,3015.732777260668,3071.354160553332,2022849
2023-06-07,3066.578857421875,3070.2777751870653,3034.83537612597,3046.07203904282,1567196
2023-06-08,3030.57470703125,3061.9905889179336,3027.344212223755,3053.563091884215,1759366
2023-06-09,3005.151611328125,3043.2625769543515,3001.4529225336128,3038.580634528268,1775689
2023-06-12,3040.35986328125,3047.3827773409503,3006.7436060930113,3010.489160258185,2324605
2023-06-13,3037.36376953125,3057.30889317822,3032.9627886689905,3052.626950003368,1371928
2023-06-14,3044.24609375,3048.740804589686,3020.6491476047618,3037.363546344498,1658544
2023-06-15,3034.104736328125,3063.490075009995,3028.161569428794,3061.4619592295066,2273810
2023-06-16,2995.049560546875,3018.1616952567692,2977.2202916092183,3015.897741531898,4156189
2023-06-19,3028.538818359375,3032.7839046717277,2995.144231493138,3009.2945192009793,1468186
2023-06-20,3044.85888671875,3049.387024882799,3019.7186341521838,3031.935003240005,1528452
2023-06-21,3073.631103515625,3076.6497854869594,3041.321280032402,3065.895658991995,1645987
2023-06-22,3055.047119140625,3082.5457528224233,3047.123050140676,3075.3291982085652,1529603
2023-06-23,3034.152099609375,3065.32971748043,3027.3597769263,3053.9152896865926,1119505
2023-06-26,3008.9638671875,3031.84016270999,2993.257141973635,3023.444418539395,1978803
2023-06-27,3016.228515625,3027.8315683098626,3002.0310129898603,3020.615013073112,863542
2023-06-28,3033.302978515625,3047.924943366876,3012.5020082618694,3026.2750479234514,1575872
2023-06-30,3115.185791015625,3122.4967728856745,3032.0293603212,3037.595047943164,2672406
2023-07-03,3086.932373046875,3130.7982634618097,3083.5834256734943,3126.5531772926224,1687264
2023-07-04,3121.412109375,3127.213635307182,3091.649291007,3103.629822069571,1656681
2023-07-05,3131.8837890625,3140.421177165301,3117.780712085106,3131.931002760228,1453008
2023-07-06,3134.666259765625,3139.9019127533375,3114.9502825665704,3119.2425829550803,1848238
2023-07-07,3140.65625,3166.739853997233,3114.949894871217,3114.949894871217,1789326
2023-07-10,3086.6025390625,3136.411603139762,3080.2349089185213,3136.411603139762,1407431
2023-07-11,3087.0263671875,3108.346224004476,3076.083617301522,3108.346224004476,1110172
2023-07-12,3075.23486328125,3102.8279251683052,3065.990192606951,3095.0924803766343,1515240
2023-07-13,3151.31640625,3176.692497714973,3087.357057312368,3097.9697734974616,4585146
2023-07-14,3315.553955078125,3325.1763353579863,3162.1177546049926,3174.3813377821602,6306101
2023-07-17,3293.904052734375,3348.8071250815974,3280.084030001309,3311.1674504613097,2743228
2023-07-18,3298.7626953125,3324.3746267741794,3268.716822296405,3279.093701097346,2600090
2023-07-19,3273.480712890625,3317.629660325243,3250.462771424541,3301.734077001687,2405370
2023-07-20,3275.6083984375,3290.3628264309586,3249.8351972712817,3265.961228036093,1715404
2023-07-21,3185.757568359375,3248.7480930493725,3177.0088651321857,3219.5701240752687,3770223
2023-07-24,3210.77392578125,3228.460446330934,3189.3515188685747,3197.7690973021304,1680132
2023-07-25,3214.93505859375,3222.1706100823844,3197.012088400793,3213.3745716953877,1272980
2023-07-26,3204.673095703125,3235.4591135410055,3201.551891104478,3216.0700991340213,1066803
2023-07-27,3212.80712890625,3226.7577622818967,3201.5994704688537,3210.9628540656236,1701769
2023-07-28,3173.55615234375,3209.7805545405377,3150.4785870897526,3201.552091653801,2599831
2023-07-31,3236.0263671875,3240.9445098873553,3178.7577946996307,3182.0681141392815,2743678
2023-08-01,3264.96875,3272.4878594488937,3229.9266011612635,3229.9266011612635,1956167
2023-08-02,3254.186279296875,3259.624662055089,3228.602419918517,3248.7952330054336,1914899
2023-08-03,3215.69189453125,3247.187269063804,3185.473449998366,3234.655344119481,2026351
2023-08-04,3256.928955078125,3282.8912728953396,3216.921331586077,3216.921331586077,2248493
2023-08-07,3295.234130859375,3298.970016892691,3254.7536039655884,3266.7652892098595,1853889
2023-08-08,3282.512939453125,3300.814138886749,3269.271661328521,3295.2339783266348,1634225
2023-08-09,3274.85205078125,3279.108176190208,3239.431675504175,3277.1218919688613,1794589
2023-08-10,3255.557373046875,3277.121554839543,3244.1603699978673,3263.029144521231,1096701
2023-08-11,3261.894775390625,3278.777268750566,3228.9806905354094,3251.774700486215,1679974
2023-08-14,3262.8876953125,3267.758502018246,3226.143053656798,3254.2334351188592,1190425
2023-08-16,3270.97412109375,3278.1623362953906,3249.031476507618,3263.02944611053,1328445
2023-08-17,3249.551513671875,3273.2439895758225,3228.223551712242,3267.7582710430993,1843241
2023-08-18,3184.6220703125,3225.1970374521034,3174.59643877067,3225.1970374521034,2526749
2023-08-21,3217.29931640625,3224.9604336289017,3189.2562745646032,3192.0936911789845,1375579
2023-08-22,3198.856201171875,3226.142784101909,3182.6830645466525,3215.738922880824,1222012
2023-08-23,3214.083740234375,3217.6305110799217,3193.039566550798,3204.3892332565474,1330046
2023-08-24,3204.153076171875,3228.0820051896408,3195.02614405484,3223.305640497011,1152881
2023-08-25,3198.052734375,3202.3088598583554,3168.685422357932,3192.094112516386,1158046
2023-08-28,3192.61376953125,3210.0638346484766,3178.001120885428,3210.0638346484766,1037485
2023-08-29,3193.181640625,3205.855574832094,3182.636000031818,3197.8162268379574,944517
2023-08-30,3207.1796875,3223.4003932710566,3199.707915077835,3213.847663649171,1188200
2023-08-31,3174.880615234375,3232.1963020236335,3162.44313175206,3216.6851809304703,3417652
2023-09-01,3196.066162109375,3205.3351029531177,3174.880209531876,3183.58157466515,1277950
2023-09-04,3233.23681640625,3246.809220695035,3187.41257598443,3194.931685189502,1828332
2023-09-05,3243.49853515625,3260.191911675821,3220.6098548490877,3234.6551604094307,1501842
2023-09-06,3244.018310546875,3257.2595880304025,3213.9418792762212,3247.8962056023015,1314818
2023-09-07,3267.99462890625,3272.487205271869,3236.8303821940267,3244.8697293746077,1885092
2023-09-08,3255.3681640625,3277.2163655298596,3248.8895343242925,3267.9947610381087,1518917
2023-09-11,3292.01806640625,3296.794430718911,3258.3001901837038,3274.3788848812724,1783604
2023-09-12,3386.740966796875,3395.3476597908902,3294.24112670406,3302.753377677456,4476016
2023-09-13,3374.492919921875,3394.3548393912247,3352.881167564008,3377.5667884111795,1754929
2023-09-14,3367.115478515625,3402.724969170952,3353.448632941184,3376.573535094419,2604721
2023-09-15,3403.29248046875,3411.8520676923513,3369.385255912165,3374.4927449137253,2952897
2023-09-18,3410.716796875,3423.1542791511733,3381.4914959863354,3386.0314090812585,1395753
2023-09-20,3410.622314453125,3428.545284309186,3385.9840325039686,3385.9840325039686,1649396
2023-09-21,3390.99658203125,3409.628904620776,3336.8018794735367,3394.0704499757762,2004073
2023-09-22,3408.352294921875,3436.821136153463,3371.844336912951,3389.767307044792,1989083
2023-09-25,3383.288330078125,3423.816191448461,3365.7909268897833,3407.2645938378673,1238778
2023-09-26,3391.375,3400.1237015581846,3344.36850916118,3374.256057658912,1726062
2023-09-27,3394.780029296875,3418.141381042953,3363.000869306307,3395.442047023852,1541134
2023-09-28,3345.077880859375,3407.5483855217467,3336.187400782379,3404.9000837191634,1755753
2023-09-29,3337.369873046875,3375.0600892481143,3315.569006867015,3345.5036630036134,2243791
2023-10-03,3323.419189453125,3342.6661953858766,3291.49824959321,3342.6661953858766,1948148
2023-10-04,3346.023681640625,3355.7181888095365,3288.8497806653972,3297.36203086249,1788138
2023-10-05,3394.8271484375,3427.5992174658404,3358.7445291670665,3361.3928308150103,2990768
2023-10-06,3425.140625,3437.9563382499805,3381.302669921794,3396.388224458369,2075691
2023-10-09,3441.171875,3479.618780028991,3434.220111520866,3447.508726297345,4233074
2023-10-10,3432.23388671875,3450.2988662385983,3406.177126883669,3442.779757818924,1848148
2023-10-11,3414.263916015625,3452.190817082202,3409.629560433243,3452.190817082202,2426417
2023-10-12,3350.563720703125,3394.1652209191284,3346.354931906954,3381.255066664783,4241281
2023-10-13,3377.330078125,3383.1466903027867,3333.964798243591,3338.6938263262055,2890357
2023-10-16,3333.06640625,3380.9240330082193,3328.384714521745,3372.7429065997326,1671104
2023-10-17,3316.98779296875,3342.618987862192,3313.4883582014045,3338.6939867288806,1672065
2023-10-18,3298.260498046875,3331.789259566091,3295.1866299219478,3320.723380498266,1408245
2023-10-19,3276.830078125,3296.933225036673,3273.2741297100188,3289.9634735404866,1514545
2023-10-20,3313.717041015625,3318.4108463185244,3265.830272123187,3271.851538812367,1481211
2023-10-23,3233.684814453125,3298.924665925999,3225.292914465402,3293.282606983661,1106272
2023-10-25,3214.67236328125,3247.766298066017,3202.439761531741,3215.0515718519214,1518537
2023-10-26,3164.082763671875,3199.1206609136366,3157.682056799983,3193.763124801465,1984471
2023-10-27,3177.548095703125,3188.0263368356,3164.3200136883993,3176.6473017249436,1108851
2023-10-30,3203.7197265625,3207.797260136592,3161.2379523968602,3176.647061276185,910972
2023-10-31,3194.4267578125,3223.11140625,3176.6944759889084,3223.11140625,999811
2023-11-01,3158.29833984375,3197.1294802109005,3139.665263486284,3181.3883899113507,1563475
2023-11-02,3186.224609375,3201.2542786880363,3170.1989967249133,3170.1989967249133,1245384
2023-11-03,3177.500732421875,3212.5860917360633,3171.2424018268284,3206.9914919077096,1402598
2023-11-06,3205.331787109375,3216.7582805773163,3185.18141347545,3200.3534595056994,1099852
2023-11-07,3196.03857421875,3227.9946469849847,3191.818895598761,3203.197929094657,1191144
2023-11-08,3206.564453125,3225.9087185530275,3195.185418989209,3196.987006791226,992899
2023-11-09,3174.22900390625,3215.9995888748977,3169.1085310424833,3214.672127467861,2112352
2023-11-10,3160.95361328125,3174.2291540075717,3150.4281448953298,3165.2682103187162,1338557
2023-11-13,3159.152099609375,3182.3368374785077,3154.837502470499,3182.3368374785077,1030990
2023-11-15,3228.137451171875,3236.387205247155,3182.384247933324,3208.0345356358303,2059802
2023-11-16,3316.84619140625,3346.716154987395,3237.5247047698776,3252.5546044444736,3951984
2023-11-17,3321.208740234375,3342.1177656056184,3311.8211279487155,3316.846915251043,2021292
2023-11-20,3337.470947265625,3351.0307783179896,3310.587885368086,3310.587885368086,1475621
2023-11-21,3328.5576171875,3355.9148086996975,3319.833735933763,3337.4713342459254,1807236
2023-11-22,3347.475341796875,3349.845974372261,3300.9637158734695,3318.8856055405536,1798051
2023-11-23,3326.707763671875,3360.607800029395,3318.8846783586014,3347.3322613159607,2729804
2023-11-24,3278.205322265625,3323.199877840785,3274.3173926197233,3313.4328262848157,1989733
2023-11-28,3290.579345703125,3301.1050443359923,3255.351846953095,3278.204831927468,1689195
2023-11-29,3331.92333984375,3335.953414320971,3295.9371916956175,3300.8680600486928,1441634
2023-11-30,3307.126708984375,3334.6732688773436,3300.8681476156107,3318.3633662735556,3266235
2023-12-01,3329.93212890625,3334.9579154648036,3309.4500056304237,3318.8850754721416,1172141
2023-12-04,3330.69091796875,3364.2117512474415,3316.98870959502,3361.224615649316,1625213
2023-12-05,3348.85009765625,3354.9188237283443,3321.540367317705,3354.9188237283443,1377656
2023-12-06,3417.59814453125,3425.8953568600905,3342.733397798537,3349.798066644154,1896572
2023-12-07,3427.83935546875,3442.6796524305582,3405.839934234335,3418.451744252406,1967653
2023-12-08,3439.028564453125,3456.3816379078157,3415.654224305756,3445.002603708942,1641155
2023-12-11,3454.39013671875,3463.9675828904656,3427.933975403513,3435.4250801466696,1102503
2023-12-12,3482.078857421875,3507.0177184063887,3443.105578567591,3450.644141285636,2236866
2023-12-13,3407.59423828125,3461.1230679206947,3378.6250660277906,3455.006883047287,3850968
2023-12-14,3477.480224609375,3487.673942630931,3439.8820921373363,3442.157806348635,3290396
2023-12-15,3661.204345703125,3694.345737340675,3476.9587660243214,3476.9587660243214,8531230
2023-12-18,3659.498046875,3725.686154666808,3631.9512500535848,3658.4551074463093,2521612
2023-12-19,3618.72314453125,3655.610326075665,3593.878961599447,3646.0328779287265,2004435
2023-12-20,3584.443115234375,3697.0481375054533,3571.6417021761895,3629.2006019956616,2586083
2023-12-21,3591.5078125,3609.7142216441343,3549.642540106947,3561.874909756601,1517562
2023-12-22,3626.119384765625,3646.9334913134794,3567.3277001799897,3603.361313313121,2413058
2023-12-26,3599.141357421875,3635.6016352928714,3594.0206528341296,3622.183949299086,1285231
2023-12-27,3613.9814453125,3620.619215684377,3573.0169658903283,3602.4128061086403,1293976
2023-12-28,3603.26611328125,3639.3946414861102,3595.8699258439583,3626.119100844942,1682889
2023-12-29,3597.102294921875,3624.7914635502243,3570.5512149274923,3595.774833524974,1574996
